Group,File,What it is,Canvas,Frames,Tags,Variant of,Used by the game
Enemies,EnemyBombardier,Bombardier beetle (scalds the ground where it dies),32x32,34,Walk 6 loop; Hurt 2 once; Death 7 once; Attack 6 once; Spawn 6 once; Boil 7 once,,graybox
Enemies,EnemyBoss,Titan beetle (boss),64x64,76,Walk 8 loop; Hurt 2 once; Death 7 once; Attack 6 once; Spawn 6 once; Roar 7 once; ChargeWindup 4 once; Charge 6 loop; PlateBreak 7 once; WalkCracked 8 loop; PlateBreak2 7 once; WalkBare 8 loop,,graybox
Enemies,EnemyBossCandy,"Titan beetle (boss), candy theme",64x64,76,Walk 8 loop; Hurt 2 once; Death 7 once; Attack 6 once; Spawn 6 once; Roar 7 once; ChargeWindup 4 once; Charge 6 loop; PlateBreak 7 once; WalkCracked 8 loop; PlateBreak2 7 once; WalkBare 8 loop,EnemyBoss,no
Enemies,EnemyBossElite,"Titan beetle (boss), elite",64x64,76,Walk 8 loop; Hurt 2 once; Death 7 once; Attack 6 once; Spawn 6 once; Roar 7 once; ChargeWindup 4 once; Charge 6 loop; PlateBreak 7 once; WalkCracked 8 loop; PlateBreak2 7 once; WalkBare 8 loop,EnemyBoss,no
Enemies,EnemyBossEliteCandy,"Titan beetle (boss), elite, candy theme",64x64,76,Walk 8 loop; Hurt 2 once; Death 7 once; Attack 6 once; Spawn 6 once; Roar 7 once; ChargeWindup 4 once; Charge 6 loop; PlateBreak 7 once; WalkCracked 8 loop; PlateBreak2 7 once; WalkBare 8 loop,EnemyBoss,no
Enemies,EnemyBossEliteJungle,"Titan beetle (boss), elite, jungle theme",64x64,76,Walk 8 loop; Hurt 2 once; Death 7 once; Attack 6 once; Spawn 6 once; Roar 7 once; ChargeWindup 4 once; Charge 6 loop; PlateBreak 7 once; WalkCracked 8 loop; PlateBreak2 7 once; WalkBare 8 loop,EnemyBoss,no
Enemies,EnemyBossEliteMedieval,"Titan beetle (boss), elite, medieval theme",64x64,76,Walk 8 loop; Hurt 2 once; Death 7 once; Attack 6 once; Spawn 6 once; Roar 7 once; ChargeWindup 4 once; Charge 6 loop; PlateBreak 7 once; WalkCracked 8 loop; PlateBreak2 7 once; WalkBare 8 loop,EnemyBoss,no
Enemies,EnemyBossEliteMilitary,"Titan beetle (boss), elite, military theme",64x64,76,Walk 8 loop; Hurt 2 once; Death 7 once; Attack 6 once; Spawn 6 once; Roar 7 once; ChargeWindup 4 once; Charge 6 loop; PlateBreak 7 once; WalkCracked 8 loop; PlateBreak2 7 once; WalkBare 8 loop,EnemyBoss,no
Enemies,EnemyBossEliteNeon,"Titan beetle (boss), elite, neon theme",64x64,76,Walk 8 loop; Hurt 2 once; Death 7 once; Attack 6 once; Spawn 6 once; Roar 7 once; ChargeWindup 4 once; Charge 6 loop; PlateBreak 7 once; WalkCracked 8 loop; PlateBreak2 7 once; WalkBare 8 loop,EnemyBoss,no
Enemies,EnemyBossEliteNeonSpace,"Titan beetle (boss), elite, neonspace theme",64x64,76,Walk 8 loop; Hurt 2 once; Death 7 once; Attack 6 once; Spawn 6 once; Roar 7 once; ChargeWindup 4 once; Charge 6 loop; PlateBreak 7 once; WalkCracked 8 loop; PlateBreak2 7 once; WalkBare 8 loop,EnemyBoss,no
Enemies,EnemyBossElitePirate,"Titan beetle (boss), elite, pirate theme",64x64,76,Walk 8 loop; Hurt 2 once; Death 7 once; Attack 6 once; Spawn 6 once; Roar 7 once; ChargeWindup 4 once; Charge 6 loop; PlateBreak 7 once; WalkCracked 8 loop; PlateBreak2 7 once; WalkBare 8 loop,EnemyBoss,no
Enemies,EnemyBossEliteRobot,"Titan beetle (boss), elite, robot theme",64x64,76,Walk 8 loop; Hurt 2 once; Death 7 once; Attack 6 once; Spawn 6 once; Roar 7 once; ChargeWindup 4 once; Charge 6 loop; PlateBreak 7 once; WalkCracked 8 loop; PlateBreak2 7 once; WalkBare 8 loop,EnemyBoss,no
Enemies,EnemyBossEliteSamurai,"Titan beetle (boss), elite, samurai theme",64x64,76,Walk 8 loop; Hurt 2 once; Death 7 once; Attack 6 once; Spawn 6 once; Roar 7 once; ChargeWindup 4 once; Charge 6 loop; PlateBreak 7 once; WalkCracked 8 loop; PlateBreak2 7 once; WalkBare 8 loop,EnemyBoss,no
Enemies,EnemyBossEliteSpace,"Titan beetle (boss), elite, space theme",64x64,76,Walk 8 loop; Hurt 2 once; Death 7 once; Attack 6 once; Spawn 6 once; Roar 7 once; ChargeWindup 4 once; Charge 6 loop; PlateBreak 7 once; WalkCracked 8 loop; PlateBreak2 7 once; WalkBare 8 loop,EnemyBoss,no
Enemies,EnemyBossEliteSpooky,"Titan beetle (boss), elite, spooky theme",64x64,76,Walk 8 loop; Hurt 2 once; Death 7 once; Attack 6 once; Spawn 6 once; Roar 7 once; ChargeWindup 4 once; Charge 6 loop; PlateBreak 7 once; WalkCracked 8 loop; PlateBreak2 7 once; WalkBare 8 loop,EnemyBoss,no
Enemies,EnemyBossEliteSteampunk,"Titan beetle (boss), elite, steampunk theme",64x64,76,Walk 8 loop; Hurt 2 once; Death 7 once; Attack 6 once; Spawn 6 once; Roar 7 once; ChargeWindup 4 once; Charge 6 loop; PlateBreak 7 once; WalkCracked 8 loop; PlateBreak2 7 once; WalkBare 8 loop,EnemyBoss,no
Enemies,EnemyBossEliteVaporwave,"Titan beetle (boss), elite, vaporwave theme",64x64,76,Walk 8 loop; Hurt 2 once; Death 7 once; Attack 6 once; Spawn 6 once; Roar 7 once; ChargeWindup 4 once; Charge 6 loop; PlateBreak 7 once; WalkCracked 8 loop; PlateBreak2 7 once; WalkBare 8 loop,EnemyBoss,no
Enemies,EnemyBossJungle,"Titan beetle (boss), jungle theme",64x64,76,Walk 8 loop; Hurt 2 once; Death 7 once; Attack 6 once; Spawn 6 once; Roar 7 once; ChargeWindup 4 once; Charge 6 loop; PlateBreak 7 once; WalkCracked 8 loop; PlateBreak2 7 once; WalkBare 8 loop,EnemyBoss,no
Enemies,EnemyBossMedieval,"Titan beetle (boss), medieval theme",64x64,76,Walk 8 loop; Hurt 2 once; Death 7 once; Attack 6 once; Spawn 6 once; Roar 7 once; ChargeWindup 4 once; Charge 6 loop; PlateBreak 7 once; WalkCracked 8 loop; PlateBreak2 7 once; WalkBare 8 loop,EnemyBoss,no
Enemies,EnemyBossMilitary,"Titan beetle (boss), military theme",64x64,76,Walk 8 loop; Hurt 2 once; Death 7 once; Attack 6 once; Spawn 6 once; Roar 7 once; ChargeWindup 4 once; Charge 6 loop; PlateBreak 7 once; WalkCracked 8 loop; PlateBreak2 7 once; WalkBare 8 loop,EnemyBoss,no
Enemies,EnemyBossNeon,"Titan beetle (boss), neon theme",64x64,76,Walk 8 loop; Hurt 2 once; Death 7 once; Attack 6 once; Spawn 6 once; Roar 7 once; ChargeWindup 4 once; Charge 6 loop; PlateBreak 7 once; WalkCracked 8 loop; PlateBreak2 7 once; WalkBare 8 loop,EnemyBoss,no
Enemies,EnemyBossNeonSpace,"Titan beetle (boss), neonspace theme",64x64,76,Walk 8 loop; Hurt 2 once; Death 7 once; Attack 6 once; Spawn 6 once; Roar 7 once; ChargeWindup 4 once; Charge 6 loop; PlateBreak 7 once; WalkCracked 8 loop; PlateBreak2 7 once; WalkBare 8 loop,EnemyBoss,no
Enemies,EnemyBossPirate,"Titan beetle (boss), pirate theme",64x64,76,Walk 8 loop; Hurt 2 once; Death 7 once; Attack 6 once; Spawn 6 once; Roar 7 once; ChargeWindup 4 once; Charge 6 loop; PlateBreak 7 once; WalkCracked 8 loop; PlateBreak2 7 once; WalkBare 8 loop,EnemyBoss,no
Enemies,EnemyBossRobot,"Titan beetle (boss), robot theme",64x64,76,Walk 8 loop; Hurt 2 once; Death 7 once; Attack 6 once; Spawn 6 once; Roar 7 once; ChargeWindup 4 once; Charge 6 loop; PlateBreak 7 once; WalkCracked 8 loop; PlateBreak2 7 once; WalkBare 8 loop,EnemyBoss,no
Enemies,EnemyBossSamurai,"Titan beetle (boss), samurai theme",64x64,76,Walk 8 loop; Hurt 2 once; Death 7 once; Attack 6 once; Spawn 6 once; Roar 7 once; ChargeWindup 4 once; Charge 6 loop; PlateBreak 7 once; WalkCracked 8 loop; PlateBreak2 7 once; WalkBare 8 loop,EnemyBoss,no
Enemies,EnemyBossSpace,"Titan beetle (boss), space theme",64x64,76,Walk 8 loop; Hurt 2 once; Death 7 once; Attack 6 once; Spawn 6 once; Roar 7 once; ChargeWindup 4 once; Charge 6 loop; PlateBreak 7 once; WalkCracked 8 loop; PlateBreak2 7 once; WalkBare 8 loop,EnemyBoss,no
Enemies,EnemyBossSpooky,"Titan beetle (boss), spooky theme",64x64,76,Walk 8 loop; Hurt 2 once; Death 7 once; Attack 6 once; Spawn 6 once; Roar 7 once; ChargeWindup 4 once; Charge 6 loop; PlateBreak 7 once; WalkCracked 8 loop; PlateBreak2 7 once; WalkBare 8 loop,EnemyBoss,no
Enemies,EnemyBossSteampunk,"Titan beetle (boss), steampunk theme",64x64,76,Walk 8 loop; Hurt 2 once; Death 7 once; Attack 6 once; Spawn 6 once; Roar 7 once; ChargeWindup 4 once; Charge 6 loop; PlateBreak 7 once; WalkCracked 8 loop; PlateBreak2 7 once; WalkBare 8 loop,EnemyBoss,no
Enemies,EnemyBossVaporwave,"Titan beetle (boss), vaporwave theme",64x64,76,Walk 8 loop; Hurt 2 once; Death 7 once; Attack 6 once; Spawn 6 once; Roar 7 once; ChargeWindup 4 once; Charge 6 loop; PlateBreak 7 once; WalkCracked 8 loop; PlateBreak2 7 once; WalkBare 8 loop,EnemyBoss,no
Enemies,EnemyBoulderBug,"Boulder bug (boss; rolls up, knock it open)",64x64,58,Walk 8 loop; Hurt 2 once; Death 7 once; Attack 6 once; Spawn 6 once; RollUp 5 once; Roll 6 loop; Pop 7 once; Stunned 6 loop; Recover 5 once,,graybox
Enemies,EnemyBrute,Stag Beetle,40x40,17,Walk 8 loop; Hurt 2 once; Death 7 once,,graybox
Enemies,EnemyBruteCandy,"Stag Beetle, candy theme",40x40,29,Walk 8 loop; Hurt 2 once; Death 7 once; Attack 6 once; Spawn 6 once,EnemyBrute,no
Enemies,EnemyBruteElite,"Stag Beetle, elite",40x40,29,Walk 8 loop; Hurt 2 once; Death 7 once; Attack 6 once; Spawn 6 once,EnemyBrute,no
Enemies,EnemyBruteEliteCandy,"Stag Beetle, elite, candy theme",40x40,29,Walk 8 loop; Hurt 2 once; Death 7 once; Attack 6 once; Spawn 6 once,EnemyBrute,no
Enemies,EnemyBruteEliteJungle,"Stag Beetle, elite, jungle theme",40x40,29,Walk 8 loop; Hurt 2 once; Death 7 once; Attack 6 once; Spawn 6 once,EnemyBrute,no
Enemies,EnemyBruteEliteMedieval,"Stag Beetle, elite, medieval theme",40x40,29,Walk 8 loop; Hurt 2 once; Death 7 once; Attack 6 once; Spawn 6 once,EnemyBrute,no
Enemies,EnemyBruteEliteMilitary,"Stag Beetle, elite, military theme",40x40,29,Walk 8 loop; Hurt 2 once; Death 7 once; Attack 6 once; Spawn 6 once,EnemyBrute,no
Enemies,EnemyBruteEliteNeon,"Stag Beetle, elite, neon theme",40x40,29,Walk 8 loop; Hurt 2 once; Death 7 once; Attack 6 once; Spawn 6 once,EnemyBrute,no
Enemies,EnemyBruteEliteNeonSpace,"Stag Beetle, elite, neonspace theme",40x40,29,Walk 8 loop; Hurt 2 once; Death 7 once; Attack 6 once; Spawn 6 once,EnemyBrute,no
Enemies,EnemyBruteElitePirate,"Stag Beetle, elite, pirate theme",40x40,29,Walk 8 loop; Hurt 2 once; Death 7 once; Attack 6 once; Spawn 6 once,EnemyBrute,no
Enemies,EnemyBruteEliteRobot,"Stag Beetle, elite, robot theme",40x40,29,Walk 8 loop; Hurt 2 once; Death 7 once; Attack 6 once; Spawn 6 once,EnemyBrute,no
Enemies,EnemyBruteEliteSamurai,"Stag Beetle, elite, samurai theme",40x40,29,Walk 8 loop; Hurt 2 once; Death 7 once; Attack 6 once; Spawn 6 once,EnemyBrute,no
Enemies,EnemyBruteEliteSpace,"Stag Beetle, elite, space theme",40x40,29,Walk 8 loop; Hurt 2 once; Death 7 once; Attack 6 once; Spawn 6 once,EnemyBrute,no
Enemies,EnemyBruteEliteSpooky,"Stag Beetle, elite, spooky theme",40x40,29,Walk 8 loop; Hurt 2 once; Death 7 once; Attack 6 once; Spawn 6 once,EnemyBrute,no
Enemies,EnemyBruteEliteSteampunk,"Stag Beetle, elite, steampunk theme",40x40,29,Walk 8 loop; Hurt 2 once; Death 7 once; Attack 6 once; Spawn 6 once,EnemyBrute,no
Enemies,EnemyBruteEliteVaporwave,"Stag Beetle, elite, vaporwave theme",40x40,29,Walk 8 loop; Hurt 2 once; Death 7 once; Attack 6 once; Spawn 6 once,EnemyBrute,no
Enemies,EnemyBruteJungle,"Stag Beetle, jungle theme",40x40,29,Walk 8 loop; Hurt 2 once; Death 7 once; Attack 6 once; Spawn 6 once,EnemyBrute,no
Enemies,EnemyBruteMedieval,"Stag Beetle, medieval theme",40x40,29,Walk 8 loop; Hurt 2 once; Death 7 once; Attack 6 once; Spawn 6 once,EnemyBrute,no
Enemies,EnemyBruteMilitary,"Stag Beetle, military theme",40x40,29,Walk 8 loop; Hurt 2 once; Death 7 once; Attack 6 once; Spawn 6 once,EnemyBrute,no
Enemies,EnemyBruteMoves,Stag Beetle attack and spawn,40x40,12,Attack 6 once; Spawn 6 once,,graybox
Enemies,EnemyBruteNeon,"Stag Beetle, neon theme",40x40,29,Walk 8 loop; Hurt 2 once; Death 7 once; Attack 6 once; Spawn 6 once,EnemyBrute,no
Enemies,EnemyBruteNeonSpace,"Stag Beetle, neonspace theme",40x40,29,Walk 8 loop; Hurt 2 once; Death 7 once; Attack 6 once; Spawn 6 once,EnemyBrute,no
Enemies,EnemyBrutePirate,"Stag Beetle, pirate theme",40x40,29,Walk 8 loop; Hurt 2 once; Death 7 once; Attack 6 once; Spawn 6 once,EnemyBrute,no
Enemies,EnemyBruteRobot,"Stag Beetle, robot theme",40x40,29,Walk 8 loop; Hurt 2 once; Death 7 once; Attack 6 once; Spawn 6 once,EnemyBrute,no
Enemies,EnemyBruteSamurai,"Stag Beetle, samurai theme",40x40,29,Walk 8 loop; Hurt 2 once; Death 7 once; Attack 6 once; Spawn 6 once,EnemyBrute,no
Enemies,EnemyBruteSpace,"Stag Beetle, space theme",40x40,29,Walk 8 loop; Hurt 2 once; Death 7 once; Attack 6 once; Spawn 6 once,EnemyBrute,no
Enemies,EnemyBruteSpooky,"Stag Beetle, spooky theme",40x40,29,Walk 8 loop; Hurt 2 once; Death 7 once; Attack 6 once; Spawn 6 once,EnemyBrute,no
Enemies,EnemyBruteSteampunk,"Stag Beetle, steampunk theme",40x40,29,Walk 8 loop; Hurt 2 once; Death 7 once; Attack 6 once; Spawn 6 once,EnemyBrute,no
Enemies,EnemyBruteVaporwave,"Stag Beetle, vaporwave theme",40x40,29,Walk 8 loop; Hurt 2 once; Death 7 once; Attack 6 once; Spawn 6 once,EnemyBrute,no
Enemies,EnemyEggSac,Egg sac (laid by the Mantis Queen),24x24,19,Idle 4 loop; Hurt 2 once; Hatch 7 once; Burst 6 once,,graybox
Enemies,EnemyGrub,Grub (burrows),24x24,37,Walk 6 loop; Hurt 2 once; Death 7 once; Attack 6 once; Spawn 6 once; Burrow 5 once; Emerge 5 once,,no
Enemies,EnemyGrubCandy,"Grub (burrows), candy theme",24x24,37,Walk 6 loop; Hurt 2 once; Death 7 once; Attack 6 once; Spawn 6 once; Burrow 5 once; Emerge 5 once,EnemyGrub,no
Enemies,EnemyGrubElite,"Grub (burrows), elite",24x24,37,Walk 6 loop; Hurt 2 once; Death 7 once; Attack 6 once; Spawn 6 once; Burrow 5 once; Emerge 5 once,EnemyGrub,no
Enemies,EnemyGrubEliteCandy,"Grub (burrows), elite, candy theme",24x24,37,Walk 6 loop; Hurt 2 once; Death 7 once; Attack 6 once; Spawn 6 once; Burrow 5 once; Emerge 5 once,EnemyGrub,no
Enemies,EnemyGrubEliteJungle,"Grub (burrows), elite, jungle theme",24x24,37,Walk 6 loop; Hurt 2 once; Death 7 once; Attack 6 once; Spawn 6 once; Burrow 5 once; Emerge 5 once,EnemyGrub,no
Enemies,EnemyGrubEliteMedieval,"Grub (burrows), elite, medieval theme",24x24,37,Walk 6 loop; Hurt 2 once; Death 7 once; Attack 6 once; Spawn 6 once; Burrow 5 once; Emerge 5 once,EnemyGrub,no
Enemies,EnemyGrubEliteMilitary,"Grub (burrows), elite, military theme",24x24,37,Walk 6 loop; Hurt 2 once; Death 7 once; Attack 6 once; Spawn 6 once; Burrow 5 once; Emerge 5 once,EnemyGrub,no
Enemies,EnemyGrubEliteNeon,"Grub (burrows), elite, neon theme",24x24,37,Walk 6 loop; Hurt 2 once; Death 7 once; Attack 6 once; Spawn 6 once; Burrow 5 once; Emerge 5 once,EnemyGrub,no
Enemies,EnemyGrubEliteNeonSpace,"Grub (burrows), elite, neonspace theme",24x24,37,Walk 6 loop; Hurt 2 once; Death 7 once; Attack 6 once; Spawn 6 once; Burrow 5 once; Emerge 5 once,EnemyGrub,no
Enemies,EnemyGrubElitePirate,"Grub (burrows), elite, pirate theme",24x24,37,Walk 6 loop; Hurt 2 once; Death 7 once; Attack 6 once; Spawn 6 once; Burrow 5 once; Emerge 5 once,EnemyGrub,no
Enemies,EnemyGrubEliteRobot,"Grub (burrows), elite, robot theme",24x24,37,Walk 6 loop; Hurt 2 once; Death 7 once; Attack 6 once; Spawn 6 once; Burrow 5 once; Emerge 5 once,EnemyGrub,no
Enemies,EnemyGrubEliteSamurai,"Grub (burrows), elite, samurai theme",24x24,37,Walk 6 loop; Hurt 2 once; Death 7 once; Attack 6 once; Spawn 6 once; Burrow 5 once; Emerge 5 once,EnemyGrub,no
Enemies,EnemyGrubEliteSpace,"Grub (burrows), elite, space theme",24x24,37,Walk 6 loop; Hurt 2 once; Death 7 once; Attack 6 once; Spawn 6 once; Burrow 5 once; Emerge 5 once,EnemyGrub,no
Enemies,EnemyGrubEliteSpooky,"Grub (burrows), elite, spooky theme",24x24,37,Walk 6 loop; Hurt 2 once; Death 7 once; Attack 6 once; Spawn 6 once; Burrow 5 once; Emerge 5 once,EnemyGrub,no
Enemies,EnemyGrubEliteSteampunk,"Grub (burrows), elite, steampunk theme",24x24,37,Walk 6 loop; Hurt 2 once; Death 7 once; Attack 6 once; Spawn 6 once; Burrow 5 once; Emerge 5 once,EnemyGrub,no
Enemies,EnemyGrubEliteVaporwave,"Grub (burrows), elite, vaporwave theme",24x24,37,Walk 6 loop; Hurt 2 once; Death 7 once; Attack 6 once; Spawn 6 once; Burrow 5 once; Emerge 5 once,EnemyGrub,no
Enemies,EnemyGrubJungle,"Grub (burrows), jungle theme",24x24,37,Walk 6 loop; Hurt 2 once; Death 7 once; Attack 6 once; Spawn 6 once; Burrow 5 once; Emerge 5 once,EnemyGrub,no
Enemies,EnemyGrubMedieval,"Grub (burrows), medieval theme",24x24,37,Walk 6 loop; Hurt 2 once; Death 7 once; Attack 6 once; Spawn 6 once; Burrow 5 once; Emerge 5 once,EnemyGrub,no
Enemies,EnemyGrubMilitary,"Grub (burrows), military theme",24x24,37,Walk 6 loop; Hurt 2 once; Death 7 once; Attack 6 once; Spawn 6 once; Burrow 5 once; Emerge 5 once,EnemyGrub,no
Enemies,EnemyGrubNeon,"Grub (burrows), neon theme",24x24,37,Walk 6 loop; Hurt 2 once; Death 7 once; Attack 6 once; Spawn 6 once; Burrow 5 once; Emerge 5 once,EnemyGrub,no
Enemies,EnemyGrubNeonSpace,"Grub (burrows), neonspace theme",24x24,37,Walk 6 loop; Hurt 2 once; Death 7 once; Attack 6 once; Spawn 6 once; Burrow 5 once; Emerge 5 once,EnemyGrub,no
Enemies,EnemyGrubPirate,"Grub (burrows), pirate theme",24x24,37,Walk 6 loop; Hurt 2 once; Death 7 once; Attack 6 once; Spawn 6 once; Burrow 5 once; Emerge 5 once,EnemyGrub,no
Enemies,EnemyGrubRobot,"Grub (burrows), robot theme",24x24,37,Walk 6 loop; Hurt 2 once; Death 7 once; Attack 6 once; Spawn 6 once; Burrow 5 once; Emerge 5 once,EnemyGrub,no
Enemies,EnemyGrubSamurai,"Grub (burrows), samurai theme",24x24,37,Walk 6 loop; Hurt 2 once; Death 7 once; Attack 6 once; Spawn 6 once; Burrow 5 once; Emerge 5 once,EnemyGrub,no
Enemies,EnemyGrubSpace,"Grub (burrows), space theme",24x24,37,Walk 6 loop; Hurt 2 once; Death 7 once; Attack 6 once; Spawn 6 once; Burrow 5 once; Emerge 5 once,EnemyGrub,no
Enemies,EnemyGrubSpooky,"Grub (burrows), spooky theme",24x24,37,Walk 6 loop; Hurt 2 once; Death 7 once; Attack 6 once; Spawn 6 once; Burrow 5 once; Emerge 5 once,EnemyGrub,no
Enemies,EnemyGrubSteampunk,"Grub (burrows), steampunk theme",24x24,37,Walk 6 loop; Hurt 2 once; Death 7 once; Attack 6 once; Spawn 6 once; Burrow 5 once; Emerge 5 once,EnemyGrub,no
Enemies,EnemyGrubVaporwave,"Grub (burrows), vaporwave theme",24x24,37,Walk 6 loop; Hurt 2 once; Death 7 once; Attack 6 once; Spawn 6 once; Burrow 5 once; Emerge 5 once,EnemyGrub,no
Enemies,EnemyGrunt,Beetle,24x24,15,Walk 6 loop; Hurt 2 once; Death 7 once,,graybox
Enemies,EnemyGruntCandy,"Beetle, candy theme",24x24,27,Walk 6 loop; Hurt 2 once; Death 7 once; Attack 6 once; Spawn 6 once,EnemyGrunt,no
Enemies,EnemyGruntElite,"Beetle, elite",24x24,27,Walk 6 loop; Hurt 2 once; Death 7 once; Attack 6 once; Spawn 6 once,EnemyGrunt,no
Enemies,EnemyGruntEliteCandy,"Beetle, elite, candy theme",24x24,27,Walk 6 loop; Hurt 2 once; Death 7 once; Attack 6 once; Spawn 6 once,EnemyGrunt,no
Enemies,EnemyGruntEliteJungle,"Beetle, elite, jungle theme",24x24,27,Walk 6 loop; Hurt 2 once; Death 7 once; Attack 6 once; Spawn 6 once,EnemyGrunt,no
Enemies,EnemyGruntEliteMedieval,"Beetle, elite, medieval theme",24x24,27,Walk 6 loop; Hurt 2 once; Death 7 once; Attack 6 once; Spawn 6 once,EnemyGrunt,no
Enemies,EnemyGruntEliteMilitary,"Beetle, elite, military theme",24x24,27,Walk 6 loop; Hurt 2 once; Death 7 once; Attack 6 once; Spawn 6 once,EnemyGrunt,no
Enemies,EnemyGruntEliteNeon,"Beetle, elite, neon theme",24x24,27,Walk 6 loop; Hurt 2 once; Death 7 once; Attack 6 once; Spawn 6 once,EnemyGrunt,no
Enemies,EnemyGruntEliteNeonSpace,"Beetle, elite, neonspace theme",24x24,27,Walk 6 loop; Hurt 2 once; Death 7 once; Attack 6 once; Spawn 6 once,EnemyGrunt,no
Enemies,EnemyGruntElitePirate,"Beetle, elite, pirate theme",24x24,27,Walk 6 loop; Hurt 2 once; Death 7 once; Attack 6 once; Spawn 6 once,EnemyGrunt,no
Enemies,EnemyGruntEliteRobot,"Beetle, elite, robot theme",24x24,27,Walk 6 loop; Hurt 2 once; Death 7 once; Attack 6 once; Spawn 6 once,EnemyGrunt,no
Enemies,EnemyGruntEliteSamurai,"Beetle, elite, samurai theme",24x24,27,Walk 6 loop; Hurt 2 once; Death 7 once; Attack 6 once; Spawn 6 once,EnemyGrunt,no
Enemies,EnemyGruntEliteSpace,"Beetle, elite, space theme",24x24,27,Walk 6 loop; Hurt 2 once; Death 7 once; Attack 6 once; Spawn 6 once,EnemyGrunt,no
Enemies,EnemyGruntEliteSpooky,"Beetle, elite, spooky theme",24x24,27,Walk 6 loop; Hurt 2 once; Death 7 once; Attack 6 once; Spawn 6 once,EnemyGrunt,no
Enemies,EnemyGruntEliteSteampunk,"Beetle, elite, steampunk theme",24x24,27,Walk 6 loop; Hurt 2 once; Death 7 once; Attack 6 once; Spawn 6 once,EnemyGrunt,no
Enemies,EnemyGruntEliteVaporwave,"Beetle, elite, vaporwave theme",24x24,27,Walk 6 loop; Hurt 2 once; Death 7 once; Attack 6 once; Spawn 6 once,EnemyGrunt,no
Enemies,EnemyGruntJungle,"Beetle, jungle theme",24x24,27,Walk 6 loop; Hurt 2 once; Death 7 once; Attack 6 once; Spawn 6 once,EnemyGrunt,no
Enemies,EnemyGruntMedieval,"Beetle, medieval theme",24x24,27,Walk 6 loop; Hurt 2 once; Death 7 once; Attack 6 once; Spawn 6 once,EnemyGrunt,no
Enemies,EnemyGruntMilitary,"Beetle, military theme",24x24,27,Walk 6 loop; Hurt 2 once; Death 7 once; Attack 6 once; Spawn 6 once,EnemyGrunt,no
Enemies,EnemyGruntMoves,Beetle attack and spawn,24x24,12,Attack 6 once; Spawn 6 once,,graybox
Enemies,EnemyGruntNeon,"Beetle, neon theme",24x24,27,Walk 6 loop; Hurt 2 once; Death 7 once; Attack 6 once; Spawn 6 once,EnemyGrunt,no
Enemies,EnemyGruntNeonSpace,"Beetle, neonspace theme",24x24,27,Walk 6 loop; Hurt 2 once; Death 7 once; Attack 6 once; Spawn 6 once,EnemyGrunt,no
Enemies,EnemyGruntPirate,"Beetle, pirate theme",24x24,27,Walk 6 loop; Hurt 2 once; Death 7 once; Attack 6 once; Spawn 6 once,EnemyGrunt,no
Enemies,EnemyGruntRobot,"Beetle, robot theme",24x24,27,Walk 6 loop; Hurt 2 once; Death 7 once; Attack 6 once; Spawn 6 once,EnemyGrunt,no
Enemies,EnemyGruntSamurai,"Beetle, samurai theme",24x24,27,Walk 6 loop; Hurt 2 once; Death 7 once; Attack 6 once; Spawn 6 once,EnemyGrunt,no
Enemies,EnemyGruntSpace,"Beetle, space theme",24x24,27,Walk 6 loop; Hurt 2 once; Death 7 once; Attack 6 once; Spawn 6 once,EnemyGrunt,no
Enemies,EnemyGruntSpooky,"Beetle, spooky theme",24x24,27,Walk 6 loop; Hurt 2 once; Death 7 once; Attack 6 once; Spawn 6 once,EnemyGrunt,no
Enemies,EnemyGruntSteampunk,"Beetle, steampunk theme",24x24,27,Walk 6 loop; Hurt 2 once; Death 7 once; Attack 6 once; Spawn 6 once,EnemyGrunt,no
Enemies,EnemyGruntVaporwave,"Beetle, vaporwave theme",24x24,27,Walk 6 loop; Hurt 2 once; Death 7 once; Attack 6 once; Spawn 6 once,EnemyGrunt,no
Enemies,EnemyHealer,Mantis,32x32,21,Walk 6 loop; Heal 6 once; Hurt 2 once; Death 7 once,,graybox
Enemies,EnemyHealerCandy,"Mantis, candy theme",32x32,33,Walk 6 loop; Heal 6 once; Hurt 2 once; Death 7 once; Attack 6 once; Spawn 6 once,EnemyHealer,no
Enemies,EnemyHealerElite,"Mantis, elite",32x32,33,Walk 6 loop; Heal 6 once; Hurt 2 once; Death 7 once; Attack 6 once; Spawn 6 once,EnemyHealer,no
Enemies,EnemyHealerEliteCandy,"Mantis, elite, candy theme",32x32,33,Walk 6 loop; Heal 6 once; Hurt 2 once; Death 7 once; Attack 6 once; Spawn 6 once,EnemyHealer,no
Enemies,EnemyHealerEliteJungle,"Mantis, elite, jungle theme",32x32,33,Walk 6 loop; Heal 6 once; Hurt 2 once; Death 7 once; Attack 6 once; Spawn 6 once,EnemyHealer,no
Enemies,EnemyHealerEliteMedieval,"Mantis, elite, medieval theme",32x32,33,Walk 6 loop; Heal 6 once; Hurt 2 once; Death 7 once; Attack 6 once; Spawn 6 once,EnemyHealer,no
Enemies,EnemyHealerEliteMilitary,"Mantis, elite, military theme",32x32,33,Walk 6 loop; Heal 6 once; Hurt 2 once; Death 7 once; Attack 6 once; Spawn 6 once,EnemyHealer,no
Enemies,EnemyHealerEliteNeon,"Mantis, elite, neon theme",32x32,33,Walk 6 loop; Heal 6 once; Hurt 2 once; Death 7 once; Attack 6 once; Spawn 6 once,EnemyHealer,no
Enemies,EnemyHealerEliteNeonSpace,"Mantis, elite, neonspace theme",32x32,33,Walk 6 loop; Heal 6 once; Hurt 2 once; Death 7 once; Attack 6 once; Spawn 6 once,EnemyHealer,no
Enemies,EnemyHealerElitePirate,"Mantis, elite, pirate theme",32x32,33,Walk 6 loop; Heal 6 once; Hurt 2 once; Death 7 once; Attack 6 once; Spawn 6 once,EnemyHealer,no
Enemies,EnemyHealerEliteRobot,"Mantis, elite, robot theme",32x32,33,Walk 6 loop; Heal 6 once; Hurt 2 once; Death 7 once; Attack 6 once; Spawn 6 once,EnemyHealer,no
Enemies,EnemyHealerEliteSamurai,"Mantis, elite, samurai theme",32x32,33,Walk 6 loop; Heal 6 once; Hurt 2 once; Death 7 once; Attack 6 once; Spawn 6 once,EnemyHealer,no
Enemies,EnemyHealerEliteSpace,"Mantis, elite, space theme",32x32,33,Walk 6 loop; Heal 6 once; Hurt 2 once; Death 7 once; Attack 6 once; Spawn 6 once,EnemyHealer,no
Enemies,EnemyHealerEliteSpooky,"Mantis, elite, spooky theme",32x32,33,Walk 6 loop; Heal 6 once; Hurt 2 once; Death 7 once; Attack 6 once; Spawn 6 once,EnemyHealer,no
Enemies,EnemyHealerEliteSteampunk,"Mantis, elite, steampunk theme",32x32,33,Walk 6 loop; Heal 6 once; Hurt 2 once; Death 7 once; Attack 6 once; Spawn 6 once,EnemyHealer,no
Enemies,EnemyHealerEliteVaporwave,"Mantis, elite, vaporwave theme",32x32,33,Walk 6 loop; Heal 6 once; Hurt 2 once; Death 7 once; Attack 6 once; Spawn 6 once,EnemyHealer,no
Enemies,EnemyHealerJungle,"Mantis, jungle theme",32x32,33,Walk 6 loop; Heal 6 once; Hurt 2 once; Death 7 once; Attack 6 once; Spawn 6 once,EnemyHealer,no
Enemies,EnemyHealerMedieval,"Mantis, medieval theme",32x32,33,Walk 6 loop; Heal 6 once; Hurt 2 once; Death 7 once; Attack 6 once; Spawn 6 once,EnemyHealer,no
Enemies,EnemyHealerMilitary,"Mantis, military theme",32x32,33,Walk 6 loop; Heal 6 once; Hurt 2 once; Death 7 once; Attack 6 once; Spawn 6 once,EnemyHealer,no
Enemies,EnemyHealerMoves,Mantis attack and spawn,32x32,12,Attack 6 once; Spawn 6 once,,graybox
Enemies,EnemyHealerNeon,"Mantis, neon theme",32x32,33,Walk 6 loop; Heal 6 once; Hurt 2 once; Death 7 once; Attack 6 once; Spawn 6 once,EnemyHealer,no
Enemies,EnemyHealerNeonSpace,"Mantis, neonspace theme",32x32,33,Walk 6 loop; Heal 6 once; Hurt 2 once; Death 7 once; Attack 6 once; Spawn 6 once,EnemyHealer,no
Enemies,EnemyHealerPirate,"Mantis, pirate theme",32x32,33,Walk 6 loop; Heal 6 once; Hurt 2 once; Death 7 once; Attack 6 once; Spawn 6 once,EnemyHealer,no
Enemies,EnemyHealerRobot,"Mantis, robot theme",32x32,33,Walk 6 loop; Heal 6 once; Hurt 2 once; Death 7 once; Attack 6 once; Spawn 6 once,EnemyHealer,no
Enemies,EnemyHealerSamurai,"Mantis, samurai theme",32x32,33,Walk 6 loop; Heal 6 once; Hurt 2 once; Death 7 once; Attack 6 once; Spawn 6 once,EnemyHealer,no
Enemies,EnemyHealerSpace,"Mantis, space theme",32x32,33,Walk 6 loop; Heal 6 once; Hurt 2 once; Death 7 once; Attack 6 once; Spawn 6 once,EnemyHealer,no
Enemies,EnemyHealerSpooky,"Mantis, spooky theme",32x32,33,Walk 6 loop; Heal 6 once; Hurt 2 once; Death 7 once; Attack 6 once; Spawn 6 once,EnemyHealer,no
Enemies,EnemyHealerSteampunk,"Mantis, steampunk theme",32x32,33,Walk 6 loop; Heal 6 once; Hurt 2 once; Death 7 once; Attack 6 once; Spawn 6 once,EnemyHealer,no
Enemies,EnemyHealerVaporwave,"Mantis, vaporwave theme",32x32,33,Walk 6 loop; Heal 6 once; Hurt 2 once; Death 7 once; Attack 6 once; Spawn 6 once,EnemyHealer,no
Enemies,EnemyHornet,"Hornet (boss, flies)",64x64,56,Walk 8 loop; Hurt 2 once; Death 7 once; Attack 6 once; Spawn 6 once; Dive 7 once; Mark 6 once; Carry 8 loop; Flinch 6 once,,graybox
Enemies,EnemyHornetCandy,"Hornet (boss, flies), candy theme",64x64,56,Walk 8 loop; Hurt 2 once; Death 7 once; Attack 6 once; Spawn 6 once; Dive 7 once; Mark 6 once; Carry 8 loop; Flinch 6 once,EnemyHornet,no
Enemies,EnemyHornetJungle,"Hornet (boss, flies), jungle theme",64x64,56,Walk 8 loop; Hurt 2 once; Death 7 once; Attack 6 once; Spawn 6 once; Dive 7 once; Mark 6 once; Carry 8 loop; Flinch 6 once,EnemyHornet,no
Enemies,EnemyHornetMedieval,"Hornet (boss, flies), medieval theme",64x64,56,Walk 8 loop; Hurt 2 once; Death 7 once; Attack 6 once; Spawn 6 once; Dive 7 once; Mark 6 once; Carry 8 loop; Flinch 6 once,EnemyHornet,no
Enemies,EnemyHornetMilitary,"Hornet (boss, flies), military theme",64x64,56,Walk 8 loop; Hurt 2 once; Death 7 once; Attack 6 once; Spawn 6 once; Dive 7 once; Mark 6 once; Carry 8 loop; Flinch 6 once,EnemyHornet,no
Enemies,EnemyHornetNeon,"Hornet (boss, flies), neon theme",64x64,56,Walk 8 loop; Hurt 2 once; Death 7 once; Attack 6 once; Spawn 6 once; Dive 7 once; Mark 6 once; Carry 8 loop; Flinch 6 once,EnemyHornet,no
Enemies,EnemyHornetNeonSpace,"Hornet (boss, flies), neonspace theme",64x64,56,Walk 8 loop; Hurt 2 once; Death 7 once; Attack 6 once; Spawn 6 once; Dive 7 once; Mark 6 once; Carry 8 loop; Flinch 6 once,EnemyHornet,no
Enemies,EnemyHornetPirate,"Hornet (boss, flies), pirate theme",64x64,56,Walk 8 loop; Hurt 2 once; Death 7 once; Attack 6 once; Spawn 6 once; Dive 7 once; Mark 6 once; Carry 8 loop; Flinch 6 once,EnemyHornet,no
Enemies,EnemyHornetRobot,"Hornet (boss, flies), robot theme",64x64,56,Walk 8 loop; Hurt 2 once; Death 7 once; Attack 6 once; Spawn 6 once; Dive 7 once; Mark 6 once; Carry 8 loop; Flinch 6 once,EnemyHornet,no
Enemies,EnemyHornetSamurai,"Hornet (boss, flies), samurai theme",64x64,56,Walk 8 loop; Hurt 2 once; Death 7 once; Attack 6 once; Spawn 6 once; Dive 7 once; Mark 6 once; Carry 8 loop; Flinch 6 once,EnemyHornet,no
Enemies,EnemyHornetSpace,"Hornet (boss, flies), space theme",64x64,56,Walk 8 loop; Hurt 2 once; Death 7 once; Attack 6 once; Spawn 6 once; Dive 7 once; Mark 6 once; Carry 8 loop; Flinch 6 once,EnemyHornet,no
Enemies,EnemyHornetSpooky,"Hornet (boss, flies), spooky theme",64x64,56,Walk 8 loop; Hurt 2 once; Death 7 once; Attack 6 once; Spawn 6 once; Dive 7 once; Mark 6 once; Carry 8 loop; Flinch 6 once,EnemyHornet,no
Enemies,EnemyHornetSteampunk,"Hornet (boss, flies), steampunk theme",64x64,56,Walk 8 loop; Hurt 2 once; Death 7 once; Attack 6 once; Spawn 6 once; Dive 7 once; Mark 6 once; Carry 8 loop; Flinch 6 once,EnemyHornet,no
Enemies,EnemyHornetVaporwave,"Hornet (boss, flies), vaporwave theme",64x64,56,Walk 8 loop; Hurt 2 once; Death 7 once; Attack 6 once; Spawn 6 once; Dive 7 once; Mark 6 once; Carry 8 loop; Flinch 6 once,EnemyHornet,no
Enemies,EnemyMantisQueen,Mantis queen (boss),64x64,56,Walk 8 loop; Hurt 2 once; Death 7 once; Attack 6 once; Spawn 6 once; Summon 7 once; LayEgg 7 once; Warded 8 loop; WardBreak 5 once,,graybox
Enemies,EnemyMantisQueenCandy,"Mantis queen (boss), candy theme",64x64,56,Walk 8 loop; Hurt 2 once; Death 7 once; Attack 6 once; Spawn 6 once; Summon 7 once; LayEgg 7 once; Warded 8 loop; WardBreak 5 once,EnemyMantisQueen,no
Enemies,EnemyMantisQueenJungle,"Mantis queen (boss), jungle theme",64x64,56,Walk 8 loop; Hurt 2 once; Death 7 once; Attack 6 once; Spawn 6 once; Summon 7 once; LayEgg 7 once; Warded 8 loop; WardBreak 5 once,EnemyMantisQueen,no
Enemies,EnemyMantisQueenMedieval,"Mantis queen (boss), medieval theme",64x64,56,Walk 8 loop; Hurt 2 once; Death 7 once; Attack 6 once; Spawn 6 once; Summon 7 once; LayEgg 7 once; Warded 8 loop; WardBreak 5 once,EnemyMantisQueen,no
Enemies,EnemyMantisQueenMilitary,"Mantis queen (boss), military theme",64x64,56,Walk 8 loop; Hurt 2 once; Death 7 once; Attack 6 once; Spawn 6 once; Summon 7 once; LayEgg 7 once; Warded 8 loop; WardBreak 5 once,EnemyMantisQueen,no
Enemies,EnemyMantisQueenNeon,"Mantis queen (boss), neon theme",64x64,56,Walk 8 loop; Hurt 2 once; Death 7 once; Attack 6 once; Spawn 6 once; Summon 7 once; LayEgg 7 once; Warded 8 loop; WardBreak 5 once,EnemyMantisQueen,no
Enemies,EnemyMantisQueenNeonSpace,"Mantis queen (boss), neonspace theme",64x64,56,Walk 8 loop; Hurt 2 once; Death 7 once; Attack 6 once; Spawn 6 once; Summon 7 once; LayEgg 7 once; Warded 8 loop; WardBreak 5 once,EnemyMantisQueen,no
Enemies,EnemyMantisQueenPirate,"Mantis queen (boss), pirate theme",64x64,56,Walk 8 loop; Hurt 2 once; Death 7 once; Attack 6 once; Spawn 6 once; Summon 7 once; LayEgg 7 once; Warded 8 loop; WardBreak 5 once,EnemyMantisQueen,no
Enemies,EnemyMantisQueenRobot,"Mantis queen (boss), robot theme",64x64,56,Walk 8 loop; Hurt 2 once; Death 7 once; Attack 6 once; Spawn 6 once; Summon 7 once; LayEgg 7 once; Warded 8 loop; WardBreak 5 once,EnemyMantisQueen,no
Enemies,EnemyMantisQueenSamurai,"Mantis queen (boss), samurai theme",64x64,56,Walk 8 loop; Hurt 2 once; Death 7 once; Attack 6 once; Spawn 6 once; Summon 7 once; LayEgg 7 once; Warded 8 loop; WardBreak 5 once,EnemyMantisQueen,no
Enemies,EnemyMantisQueenSpace,"Mantis queen (boss), space theme",64x64,56,Walk 8 loop; Hurt 2 once; Death 7 once; Attack 6 once; Spawn 6 once; Summon 7 once; LayEgg 7 once; Warded 8 loop; WardBreak 5 once,EnemyMantisQueen,no
Enemies,EnemyMantisQueenSpooky,"Mantis queen (boss), spooky theme",64x64,56,Walk 8 loop; Hurt 2 once; Death 7 once; Attack 6 once; Spawn 6 once; Summon 7 once; LayEgg 7 once; Warded 8 loop; WardBreak 5 once,EnemyMantisQueen,no
Enemies,EnemyMantisQueenSteampunk,"Mantis queen (boss), steampunk theme",64x64,56,Walk 8 loop; Hurt 2 once; Death 7 once; Attack 6 once; Spawn 6 once; Summon 7 once; LayEgg 7 once; Warded 8 loop; WardBreak 5 once,EnemyMantisQueen,no
Enemies,EnemyMantisQueenVaporwave,"Mantis queen (boss), vaporwave theme",64x64,56,Walk 8 loop; Hurt 2 once; Death 7 once; Attack 6 once; Spawn 6 once; Summon 7 once; LayEgg 7 once; Warded 8 loop; WardBreak 5 once,EnemyMantisQueen,no
Enemies,EnemyOrbWeaver,"Orb-weaver (boss; shortcuts on threads, cocoons towers)",64x64,52,Walk 8 loop; Hurt 2 once; Death 7 once; Attack 6 once; Spawn 6 once; Spin 7 once; Cocoon 8 once; ThreadWalk 8 loop,,graybox
Enemies,EnemyRivalQueen,Rival queen (boss; digs a second burrow),64x64,42,Walk 8 loop; Hurt 2 once; Death 7 once; Attack 6 once; Spawn 6 once; Dig 6 loop; Call 7 once,,graybox
Enemies,EnemyRunner,Scarab,24x24,15,Walk 6 loop; Hurt 2 once; Death 7 once,,graybox
Enemies,EnemyRunnerCandy,"Scarab, candy theme",24x24,27,Walk 6 loop; Hurt 2 once; Death 7 once; Attack 6 once; Spawn 6 once,EnemyRunner,no
Enemies,EnemyRunnerElite,"Scarab, elite",24x24,27,Walk 6 loop; Hurt 2 once; Death 7 once; Attack 6 once; Spawn 6 once,EnemyRunner,no
Enemies,EnemyRunnerEliteCandy,"Scarab, elite, candy theme",24x24,27,Walk 6 loop; Hurt 2 once; Death 7 once; Attack 6 once; Spawn 6 once,EnemyRunner,no
Enemies,EnemyRunnerEliteJungle,"Scarab, elite, jungle theme",24x24,27,Walk 6 loop; Hurt 2 once; Death 7 once; Attack 6 once; Spawn 6 once,EnemyRunner,no
Enemies,EnemyRunnerEliteMedieval,"Scarab, elite, medieval theme",24x24,27,Walk 6 loop; Hurt 2 once; Death 7 once; Attack 6 once; Spawn 6 once,EnemyRunner,no
Enemies,EnemyRunnerEliteMilitary,"Scarab, elite, military theme",24x24,27,Walk 6 loop; Hurt 2 once; Death 7 once; Attack 6 once; Spawn 6 once,EnemyRunner,no
Enemies,EnemyRunnerEliteNeon,"Scarab, elite, neon theme",24x24,27,Walk 6 loop; Hurt 2 once; Death 7 once; Attack 6 once; Spawn 6 once,EnemyRunner,no
Enemies,EnemyRunnerEliteNeonSpace,"Scarab, elite, neonspace theme",24x24,27,Walk 6 loop; Hurt 2 once; Death 7 once; Attack 6 once; Spawn 6 once,EnemyRunner,no
Enemies,EnemyRunnerElitePirate,"Scarab, elite, pirate theme",24x24,27,Walk 6 loop; Hurt 2 once; Death 7 once; Attack 6 once; Spawn 6 once,EnemyRunner,no
Enemies,EnemyRunnerEliteRobot,"Scarab, elite, robot theme",24x24,27,Walk 6 loop; Hurt 2 once; Death 7 once; Attack 6 once; Spawn 6 once,EnemyRunner,no
Enemies,EnemyRunnerEliteSamurai,"Scarab, elite, samurai theme",24x24,27,Walk 6 loop; Hurt 2 once; Death 7 once; Attack 6 once; Spawn 6 once,EnemyRunner,no
Enemies,EnemyRunnerEliteSpace,"Scarab, elite, space theme",24x24,27,Walk 6 loop; Hurt 2 once; Death 7 once; Attack 6 once; Spawn 6 once,EnemyRunner,no
Enemies,EnemyRunnerEliteSpooky,"Scarab, elite, spooky theme",24x24,27,Walk 6 loop; Hurt 2 once; Death 7 once; Attack 6 once; Spawn 6 once,EnemyRunner,no
Enemies,EnemyRunnerEliteSteampunk,"Scarab, elite, steampunk theme",24x24,27,Walk 6 loop; Hurt 2 once; Death 7 once; Attack 6 once; Spawn 6 once,EnemyRunner,no
Enemies,EnemyRunnerEliteVaporwave,"Scarab, elite, vaporwave theme",24x24,27,Walk 6 loop; Hurt 2 once; Death 7 once; Attack 6 once; Spawn 6 once,EnemyRunner,no
Enemies,EnemyRunnerJungle,"Scarab, jungle theme",24x24,27,Walk 6 loop; Hurt 2 once; Death 7 once; Attack 6 once; Spawn 6 once,EnemyRunner,no
Enemies,EnemyRunnerMedieval,"Scarab, medieval theme",24x24,27,Walk 6 loop; Hurt 2 once; Death 7 once; Attack 6 once; Spawn 6 once,EnemyRunner,no
Enemies,EnemyRunnerMilitary,"Scarab, military theme",24x24,27,Walk 6 loop; Hurt 2 once; Death 7 once; Attack 6 once; Spawn 6 once,EnemyRunner,no
Enemies,EnemyRunnerMoves,Scarab attack and spawn,24x24,12,Attack 6 once; Spawn 6 once,,graybox
Enemies,EnemyRunnerNeon,"Scarab, neon theme",24x24,27,Walk 6 loop; Hurt 2 once; Death 7 once; Attack 6 once; Spawn 6 once,EnemyRunner,no
Enemies,EnemyRunnerNeonSpace,"Scarab, neonspace theme",24x24,27,Walk 6 loop; Hurt 2 once; Death 7 once; Attack 6 once; Spawn 6 once,EnemyRunner,no
Enemies,EnemyRunnerPirate,"Scarab, pirate theme",24x24,27,Walk 6 loop; Hurt 2 once; Death 7 once; Attack 6 once; Spawn 6 once,EnemyRunner,no
Enemies,EnemyRunnerRobot,"Scarab, robot theme",24x24,27,Walk 6 loop; Hurt 2 once; Death 7 once; Attack 6 once; Spawn 6 once,EnemyRunner,no
Enemies,EnemyRunnerSamurai,"Scarab, samurai theme",24x24,27,Walk 6 loop; Hurt 2 once; Death 7 once; Attack 6 once; Spawn 6 once,EnemyRunner,no
Enemies,EnemyRunnerSpace,"Scarab, space theme",24x24,27,Walk 6 loop; Hurt 2 once; Death 7 once; Attack 6 once; Spawn 6 once,EnemyRunner,no
Enemies,EnemyRunnerSpooky,"Scarab, spooky theme",24x24,27,Walk 6 loop; Hurt 2 once; Death 7 once; Attack 6 once; Spawn 6 once,EnemyRunner,no
Enemies,EnemyRunnerSteampunk,"Scarab, steampunk theme",24x24,27,Walk 6 loop; Hurt 2 once; Death 7 once; Attack 6 once; Spawn 6 once,EnemyRunner,no
Enemies,EnemyRunnerVaporwave,"Scarab, vaporwave theme",24x24,27,Walk 6 loop; Hurt 2 once; Death 7 once; Attack 6 once; Spawn 6 once,EnemyRunner,no
Enemies,EnemyShielded,Rhino Beetle,32x32,30,Walk 6 loop; ShieldHit 3 once; ShieldBreak 6 once; WalkBare 6 loop; Hurt 2 once; Death 7 once,,graybox
Enemies,EnemyShieldedCandy,"Rhino Beetle, candy theme",32x32,42,Walk 6 loop; ShieldHit 3 once; ShieldBreak 6 once; WalkBare 6 loop; Hurt 2 once; Death 7 once; Attack 6 once; Spawn 6 once,EnemyShielded,no
Enemies,EnemyShieldedElite,"Rhino Beetle, elite",32x32,42,Walk 6 loop; ShieldHit 3 once; ShieldBreak 6 once; WalkBare 6 loop; Hurt 2 once; Death 7 once; Attack 6 once; Spawn 6 once,EnemyShielded,no
Enemies,EnemyShieldedEliteCandy,"Rhino Beetle, elite, candy theme",32x32,42,Walk 6 loop; ShieldHit 3 once; ShieldBreak 6 once; WalkBare 6 loop; Hurt 2 once; Death 7 once; Attack 6 once; Spawn 6 once,EnemyShielded,no
Enemies,EnemyShieldedEliteJungle,"Rhino Beetle, elite, jungle theme",32x32,42,Walk 6 loop; ShieldHit 3 once; ShieldBreak 6 once; WalkBare 6 loop; Hurt 2 once; Death 7 once; Attack 6 once; Spawn 6 once,EnemyShielded,no
Enemies,EnemyShieldedEliteMedieval,"Rhino Beetle, elite, medieval theme",32x32,42,Walk 6 loop; ShieldHit 3 once; ShieldBreak 6 once; WalkBare 6 loop; Hurt 2 once; Death 7 once; Attack 6 once; Spawn 6 once,EnemyShielded,no
Enemies,EnemyShieldedEliteMilitary,"Rhino Beetle, elite, military theme",32x32,42,Walk 6 loop; ShieldHit 3 once; ShieldBreak 6 once; WalkBare 6 loop; Hurt 2 once; Death 7 once; Attack 6 once; Spawn 6 once,EnemyShielded,no
Enemies,EnemyShieldedEliteNeon,"Rhino Beetle, elite, neon theme",32x32,42,Walk 6 loop; ShieldHit 3 once; ShieldBreak 6 once; WalkBare 6 loop; Hurt 2 once; Death 7 once; Attack 6 once; Spawn 6 once,EnemyShielded,no
Enemies,EnemyShieldedEliteNeonSpace,"Rhino Beetle, elite, neonspace theme",32x32,42,Walk 6 loop; ShieldHit 3 once; ShieldBreak 6 once; WalkBare 6 loop; Hurt 2 once; Death 7 once; Attack 6 once; Spawn 6 once,EnemyShielded,no
Enemies,EnemyShieldedElitePirate,"Rhino Beetle, elite, pirate theme",32x32,42,Walk 6 loop; ShieldHit 3 once; ShieldBreak 6 once; WalkBare 6 loop; Hurt 2 once; Death 7 once; Attack 6 once; Spawn 6 once,EnemyShielded,no
Enemies,EnemyShieldedEliteRobot,"Rhino Beetle, elite, robot theme",32x32,42,Walk 6 loop; ShieldHit 3 once; ShieldBreak 6 once; WalkBare 6 loop; Hurt 2 once; Death 7 once; Attack 6 once; Spawn 6 once,EnemyShielded,no
Enemies,EnemyShieldedEliteSamurai,"Rhino Beetle, elite, samurai theme",32x32,42,Walk 6 loop; ShieldHit 3 once; ShieldBreak 6 once; WalkBare 6 loop; Hurt 2 once; Death 7 once; Attack 6 once; Spawn 6 once,EnemyShielded,no
Enemies,EnemyShieldedEliteSpace,"Rhino Beetle, elite, space theme",32x32,42,Walk 6 loop; ShieldHit 3 once; ShieldBreak 6 once; WalkBare 6 loop; Hurt 2 once; Death 7 once; Attack 6 once; Spawn 6 once,EnemyShielded,no
Enemies,EnemyShieldedEliteSpooky,"Rhino Beetle, elite, spooky theme",32x32,42,Walk 6 loop; ShieldHit 3 once; ShieldBreak 6 once; WalkBare 6 loop; Hurt 2 once; Death 7 once; Attack 6 once; Spawn 6 once,EnemyShielded,no
Enemies,EnemyShieldedEliteSteampunk,"Rhino Beetle, elite, steampunk theme",32x32,42,Walk 6 loop; ShieldHit 3 once; ShieldBreak 6 once; WalkBare 6 loop; Hurt 2 once; Death 7 once; Attack 6 once; Spawn 6 once,EnemyShielded,no
Enemies,EnemyShieldedEliteVaporwave,"Rhino Beetle, elite, vaporwave theme",32x32,42,Walk 6 loop; ShieldHit 3 once; ShieldBreak 6 once; WalkBare 6 loop; Hurt 2 once; Death 7 once; Attack 6 once; Spawn 6 once,EnemyShielded,no
Enemies,EnemyShieldedJungle,"Rhino Beetle, jungle theme",32x32,42,Walk 6 loop; ShieldHit 3 once; ShieldBreak 6 once; WalkBare 6 loop; Hurt 2 once; Death 7 once; Attack 6 once; Spawn 6 once,EnemyShielded,no
Enemies,EnemyShieldedMedieval,"Rhino Beetle, medieval theme",32x32,42,Walk 6 loop; ShieldHit 3 once; ShieldBreak 6 once; WalkBare 6 loop; Hurt 2 once; Death 7 once; Attack 6 once; Spawn 6 once,EnemyShielded,no
Enemies,EnemyShieldedMilitary,"Rhino Beetle, military theme",32x32,42,Walk 6 loop; ShieldHit 3 once; ShieldBreak 6 once; WalkBare 6 loop; Hurt 2 once; Death 7 once; Attack 6 once; Spawn 6 once,EnemyShielded,no
Enemies,EnemyShieldedMoves,Rhino Beetle attack and spawn,32x32,12,Attack 6 once; Spawn 6 once,,graybox
Enemies,EnemyShieldedNeon,"Rhino Beetle, neon theme",32x32,42,Walk 6 loop; ShieldHit 3 once; ShieldBreak 6 once; WalkBare 6 loop; Hurt 2 once; Death 7 once; Attack 6 once; Spawn 6 once,EnemyShielded,no
Enemies,EnemyShieldedNeonSpace,"Rhino Beetle, neonspace theme",32x32,42,Walk 6 loop; ShieldHit 3 once; ShieldBreak 6 once; WalkBare 6 loop; Hurt 2 once; Death 7 once; Attack 6 once; Spawn 6 once,EnemyShielded,no
Enemies,EnemyShieldedPirate,"Rhino Beetle, pirate theme",32x32,42,Walk 6 loop; ShieldHit 3 once; ShieldBreak 6 once; WalkBare 6 loop; Hurt 2 once; Death 7 once; Attack 6 once; Spawn 6 once,EnemyShielded,no
Enemies,EnemyShieldedRobot,"Rhino Beetle, robot theme",32x32,42,Walk 6 loop; ShieldHit 3 once; ShieldBreak 6 once; WalkBare 6 loop; Hurt 2 once; Death 7 once; Attack 6 once; Spawn 6 once,EnemyShielded,no
Enemies,EnemyShieldedSamurai,"Rhino Beetle, samurai theme",32x32,42,Walk 6 loop; ShieldHit 3 once; ShieldBreak 6 once; WalkBare 6 loop; Hurt 2 once; Death 7 once; Attack 6 once; Spawn 6 once,EnemyShielded,no
Enemies,EnemyShieldedSpace,"Rhino Beetle, space theme",32x32,42,Walk 6 loop; ShieldHit 3 once; ShieldBreak 6 once; WalkBare 6 loop; Hurt 2 once; Death 7 once; Attack 6 once; Spawn 6 once,EnemyShielded,no
Enemies,EnemyShieldedSpooky,"Rhino Beetle, spooky theme",32x32,42,Walk 6 loop; ShieldHit 3 once; ShieldBreak 6 once; WalkBare 6 loop; Hurt 2 once; Death 7 once; Attack 6 once; Spawn 6 once,EnemyShielded,no
Enemies,EnemyShieldedSteampunk,"Rhino Beetle, steampunk theme",32x32,42,Walk 6 loop; ShieldHit 3 once; ShieldBreak 6 once; WalkBare 6 loop; Hurt 2 once; Death 7 once; Attack 6 once; Spawn 6 once,EnemyShielded,no
Enemies,EnemyShieldedVaporwave,"Rhino Beetle, vaporwave theme",32x32,42,Walk 6 loop; ShieldHit 3 once; ShieldBreak 6 once; WalkBare 6 loop; Hurt 2 once; Death 7 once; Attack 6 once; Spawn 6 once,EnemyShielded,no
Enemies,EnemySilverfish,"Silverfish (fast, 1 hp, leaves a quick zone)",24x24,27,Walk 6 loop; Hurt 2 once; Death 7 once; Attack 6 once; Spawn 6 once,,graybox
Enemies,EnemySnail,"Snail (slow, armoured)",40x40,38,Walk 8 loop; Hurt 2 once; Death 7 once; Attack 6 once; Spawn 6 once; Hide 4 once; Unhide 5 once,,no
Enemies,EnemySnailCandy,"Snail (slow, armoured), candy theme",40x40,38,Walk 8 loop; Hurt 2 once; Death 7 once; Attack 6 once; Spawn 6 once; Hide 4 once; Unhide 5 once,EnemySnail,no
Enemies,EnemySnailElite,"Snail (slow, armoured), elite",40x40,38,Walk 8 loop; Hurt 2 once; Death 7 once; Attack 6 once; Spawn 6 once; Hide 4 once; Unhide 5 once,EnemySnail,no
Enemies,EnemySnailEliteCandy,"Snail (slow, armoured), elite, candy theme",40x40,38,Walk 8 loop; Hurt 2 once; Death 7 once; Attack 6 once; Spawn 6 once; Hide 4 once; Unhide 5 once,EnemySnail,no
Enemies,EnemySnailEliteJungle,"Snail (slow, armoured), elite, jungle theme",40x40,38,Walk 8 loop; Hurt 2 once; Death 7 once; Attack 6 once; Spawn 6 once; Hide 4 once; Unhide 5 once,EnemySnail,no
Enemies,EnemySnailEliteMedieval,"Snail (slow, armoured), elite, medieval theme",40x40,38,Walk 8 loop; Hurt 2 once; Death 7 once; Attack 6 once; Spawn 6 once; Hide 4 once; Unhide 5 once,EnemySnail,no
Enemies,EnemySnailEliteMilitary,"Snail (slow, armoured), elite, military theme",40x40,38,Walk 8 loop; Hurt 2 once; Death 7 once; Attack 6 once; Spawn 6 once; Hide 4 once; Unhide 5 once,EnemySnail,no
Enemies,EnemySnailEliteNeon,"Snail (slow, armoured), elite, neon theme",40x40,38,Walk 8 loop; Hurt 2 once; Death 7 once; Attack 6 once; Spawn 6 once; Hide 4 once; Unhide 5 once,EnemySnail,no
Enemies,EnemySnailEliteNeonSpace,"Snail (slow, armoured), elite, neonspace theme",40x40,38,Walk 8 loop; Hurt 2 once; Death 7 once; Attack 6 once; Spawn 6 once; Hide 4 once; Unhide 5 once,EnemySnail,no
Enemies,EnemySnailElitePirate,"Snail (slow, armoured), elite, pirate theme",40x40,38,Walk 8 loop; Hurt 2 once; Death 7 once; Attack 6 once; Spawn 6 once; Hide 4 once; Unhide 5 once,EnemySnail,no
Enemies,EnemySnailEliteRobot,"Snail (slow, armoured), elite, robot theme",40x40,38,Walk 8 loop; Hurt 2 once; Death 7 once; Attack 6 once; Spawn 6 once; Hide 4 once; Unhide 5 once,EnemySnail,no
Enemies,EnemySnailEliteSamurai,"Snail (slow, armoured), elite, samurai theme",40x40,38,Walk 8 loop; Hurt 2 once; Death 7 once; Attack 6 once; Spawn 6 once; Hide 4 once; Unhide 5 once,EnemySnail,no
Enemies,EnemySnailEliteSpace,"Snail (slow, armoured), elite, space theme",40x40,38,Walk 8 loop; Hurt 2 once; Death 7 once; Attack 6 once; Spawn 6 once; Hide 4 once; Unhide 5 once,EnemySnail,no
Enemies,EnemySnailEliteSpooky,"Snail (slow, armoured), elite, spooky theme",40x40,38,Walk 8 loop; Hurt 2 once; Death 7 once; Attack 6 once; Spawn 6 once; Hide 4 once; Unhide 5 once,EnemySnail,no
Enemies,EnemySnailEliteSteampunk,"Snail (slow, armoured), elite, steampunk theme",40x40,38,Walk 8 loop; Hurt 2 once; Death 7 once; Attack 6 once; Spawn 6 once; Hide 4 once; Unhide 5 once,EnemySnail,no
Enemies,EnemySnailEliteVaporwave,"Snail (slow, armoured), elite, vaporwave theme",40x40,38,Walk 8 loop; Hurt 2 once; Death 7 once; Attack 6 once; Spawn 6 once; Hide 4 once; Unhide 5 once,EnemySnail,no
Enemies,EnemySnailJungle,"Snail (slow, armoured), jungle theme",40x40,38,Walk 8 loop; Hurt 2 once; Death 7 once; Attack 6 once; Spawn 6 once; Hide 4 once; Unhide 5 once,EnemySnail,no
Enemies,EnemySnailMedieval,"Snail (slow, armoured), medieval theme",40x40,38,Walk 8 loop; Hurt 2 once; Death 7 once; Attack 6 once; Spawn 6 once; Hide 4 once; Unhide 5 once,EnemySnail,no
Enemies,EnemySnailMilitary,"Snail (slow, armoured), military theme",40x40,38,Walk 8 loop; Hurt 2 once; Death 7 once; Attack 6 once; Spawn 6 once; Hide 4 once; Unhide 5 once,EnemySnail,no
Enemies,EnemySnailNeon,"Snail (slow, armoured), neon theme",40x40,38,Walk 8 loop; Hurt 2 once; Death 7 once; Attack 6 once; Spawn 6 once; Hide 4 once; Unhide 5 once,EnemySnail,no
Enemies,EnemySnailNeonSpace,"Snail (slow, armoured), neonspace theme",40x40,38,Walk 8 loop; Hurt 2 once; Death 7 once; Attack 6 once; Spawn 6 once; Hide 4 once; Unhide 5 once,EnemySnail,no
Enemies,EnemySnailPirate,"Snail (slow, armoured), pirate theme",40x40,38,Walk 8 loop; Hurt 2 once; Death 7 once; Attack 6 once; Spawn 6 once; Hide 4 once; Unhide 5 once,EnemySnail,no
Enemies,EnemySnailRobot,"Snail (slow, armoured), robot theme",40x40,38,Walk 8 loop; Hurt 2 once; Death 7 once; Attack 6 once; Spawn 6 once; Hide 4 once; Unhide 5 once,EnemySnail,no
Enemies,EnemySnailSamurai,"Snail (slow, armoured), samurai theme",40x40,38,Walk 8 loop; Hurt 2 once; Death 7 once; Attack 6 once; Spawn 6 once; Hide 4 once; Unhide 5 once,EnemySnail,no
Enemies,EnemySnailSpace,"Snail (slow, armoured), space theme",40x40,38,Walk 8 loop; Hurt 2 once; Death 7 once; Attack 6 once; Spawn 6 once; Hide 4 once; Unhide 5 once,EnemySnail,no
Enemies,EnemySnailSpooky,"Snail (slow, armoured), spooky theme",40x40,38,Walk 8 loop; Hurt 2 once; Death 7 once; Attack 6 once; Spawn 6 once; Hide 4 once; Unhide 5 once,EnemySnail,no
Enemies,EnemySnailSteampunk,"Snail (slow, armoured), steampunk theme",40x40,38,Walk 8 loop; Hurt 2 once; Death 7 once; Attack 6 once; Spawn 6 once; Hide 4 once; Unhide 5 once,EnemySnail,no
Enemies,EnemySnailVaporwave,"Snail (slow, armoured), vaporwave theme",40x40,38,Walk 8 loop; Hurt 2 once; Death 7 once; Attack 6 once; Spawn 6 once; Hide 4 once; Unhide 5 once,EnemySnail,no
Enemies,EnemySpider,Spider,32x32,32,Walk 6 loop; Hurt 2 once; Death 7 once; Attack 6 once; Spawn 6 once; Rear 5 once,,graybox
Enemies,EnemySpiderCandy,"Spider, candy theme",32x32,32,Walk 6 loop; Hurt 2 once; Death 7 once; Attack 6 once; Spawn 6 once; Rear 5 once,EnemySpider,no
Enemies,EnemySpiderElite,"Spider, elite",32x32,32,Walk 6 loop; Hurt 2 once; Death 7 once; Attack 6 once; Spawn 6 once; Rear 5 once,EnemySpider,no
Enemies,EnemySpiderEliteCandy,"Spider, elite, candy theme",32x32,32,Walk 6 loop; Hurt 2 once; Death 7 once; Attack 6 once; Spawn 6 once; Rear 5 once,EnemySpider,no
Enemies,EnemySpiderEliteJungle,"Spider, elite, jungle theme",32x32,32,Walk 6 loop; Hurt 2 once; Death 7 once; Attack 6 once; Spawn 6 once; Rear 5 once,EnemySpider,no
Enemies,EnemySpiderEliteMedieval,"Spider, elite, medieval theme",32x32,32,Walk 6 loop; Hurt 2 once; Death 7 once; Attack 6 once; Spawn 6 once; Rear 5 once,EnemySpider,no
Enemies,EnemySpiderEliteMilitary,"Spider, elite, military theme",32x32,32,Walk 6 loop; Hurt 2 once; Death 7 once; Attack 6 once; Spawn 6 once; Rear 5 once,EnemySpider,no
Enemies,EnemySpiderEliteNeon,"Spider, elite, neon theme",32x32,32,Walk 6 loop; Hurt 2 once; Death 7 once; Attack 6 once; Spawn 6 once; Rear 5 once,EnemySpider,no
Enemies,EnemySpiderEliteNeonSpace,"Spider, elite, neonspace theme",32x32,32,Walk 6 loop; Hurt 2 once; Death 7 once; Attack 6 once; Spawn 6 once; Rear 5 once,EnemySpider,no
Enemies,EnemySpiderElitePirate,"Spider, elite, pirate theme",32x32,32,Walk 6 loop; Hurt 2 once; Death 7 once; Attack 6 once; Spawn 6 once; Rear 5 once,EnemySpider,no
Enemies,EnemySpiderEliteRobot,"Spider, elite, robot theme",32x32,32,Walk 6 loop; Hurt 2 once; Death 7 once; Attack 6 once; Spawn 6 once; Rear 5 once,EnemySpider,no
Enemies,EnemySpiderEliteSamurai,"Spider, elite, samurai theme",32x32,32,Walk 6 loop; Hurt 2 once; Death 7 once; Attack 6 once; Spawn 6 once; Rear 5 once,EnemySpider,no
Enemies,EnemySpiderEliteSpace,"Spider, elite, space theme",32x32,32,Walk 6 loop; Hurt 2 once; Death 7 once; Attack 6 once; Spawn 6 once; Rear 5 once,EnemySpider,no
Enemies,EnemySpiderEliteSpooky,"Spider, elite, spooky theme",32x32,32,Walk 6 loop; Hurt 2 once; Death 7 once; Attack 6 once; Spawn 6 once; Rear 5 once,EnemySpider,no
Enemies,EnemySpiderEliteSteampunk,"Spider, elite, steampunk theme",32x32,32,Walk 6 loop; Hurt 2 once; Death 7 once; Attack 6 once; Spawn 6 once; Rear 5 once,EnemySpider,no
Enemies,EnemySpiderEliteVaporwave,"Spider, elite, vaporwave theme",32x32,32,Walk 6 loop; Hurt 2 once; Death 7 once; Attack 6 once; Spawn 6 once; Rear 5 once,EnemySpider,no
Enemies,EnemySpiderJungle,"Spider, jungle theme",32x32,32,Walk 6 loop; Hurt 2 once; Death 7 once; Attack 6 once; Spawn 6 once; Rear 5 once,EnemySpider,no
Enemies,EnemySpiderMedieval,"Spider, medieval theme",32x32,32,Walk 6 loop; Hurt 2 once; Death 7 once; Attack 6 once; Spawn 6 once; Rear 5 once,EnemySpider,no
Enemies,EnemySpiderMilitary,"Spider, military theme",32x32,32,Walk 6 loop; Hurt 2 once; Death 7 once; Attack 6 once; Spawn 6 once; Rear 5 once,EnemySpider,no
Enemies,EnemySpiderNeon,"Spider, neon theme",32x32,32,Walk 6 loop; Hurt 2 once; Death 7 once; Attack 6 once; Spawn 6 once; Rear 5 once,EnemySpider,no
Enemies,EnemySpiderNeonSpace,"Spider, neonspace theme",32x32,32,Walk 6 loop; Hurt 2 once; Death 7 once; Attack 6 once; Spawn 6 once; Rear 5 once,EnemySpider,no
Enemies,EnemySpiderPirate,"Spider, pirate theme",32x32,32,Walk 6 loop; Hurt 2 once; Death 7 once; Attack 6 once; Spawn 6 once; Rear 5 once,EnemySpider,no
Enemies,EnemySpiderRobot,"Spider, robot theme",32x32,32,Walk 6 loop; Hurt 2 once; Death 7 once; Attack 6 once; Spawn 6 once; Rear 5 once,EnemySpider,no
Enemies,EnemySpiderSamurai,"Spider, samurai theme",32x32,32,Walk 6 loop; Hurt 2 once; Death 7 once; Attack 6 once; Spawn 6 once; Rear 5 once,EnemySpider,no
Enemies,EnemySpiderSpace,"Spider, space theme",32x32,32,Walk 6 loop; Hurt 2 once; Death 7 once; Attack 6 once; Spawn 6 once; Rear 5 once,EnemySpider,no
Enemies,EnemySpiderSpooky,"Spider, spooky theme",32x32,32,Walk 6 loop; Hurt 2 once; Death 7 once; Attack 6 once; Spawn 6 once; Rear 5 once,EnemySpider,no
Enemies,EnemySpiderSteampunk,"Spider, steampunk theme",32x32,32,Walk 6 loop; Hurt 2 once; Death 7 once; Attack 6 once; Spawn 6 once; Rear 5 once,EnemySpider,no
Enemies,EnemySpiderVaporwave,"Spider, vaporwave theme",32x32,32,Walk 6 loop; Hurt 2 once; Death 7 once; Attack 6 once; Spawn 6 once; Rear 5 once,EnemySpider,no
Enemies,EnemySplitter,Centipede,32x32,15,Walk 6 loop; Hurt 2 once; Death 7 once,,graybox
Enemies,EnemySplitterCandy,"Centipede, candy theme",32x32,27,Walk 6 loop; Hurt 2 once; Death 7 once; Attack 6 once; Spawn 6 once,EnemySplitter,no
Enemies,EnemySplitterElite,"Centipede, elite",32x32,27,Walk 6 loop; Hurt 2 once; Death 7 once; Attack 6 once; Spawn 6 once,EnemySplitter,no
Enemies,EnemySplitterEliteCandy,"Centipede, elite, candy theme",32x32,27,Walk 6 loop; Hurt 2 once; Death 7 once; Attack 6 once; Spawn 6 once,EnemySplitter,no
Enemies,EnemySplitterEliteJungle,"Centipede, elite, jungle theme",32x32,27,Walk 6 loop; Hurt 2 once; Death 7 once; Attack 6 once; Spawn 6 once,EnemySplitter,no
Enemies,EnemySplitterEliteMedieval,"Centipede, elite, medieval theme",32x32,27,Walk 6 loop; Hurt 2 once; Death 7 once; Attack 6 once; Spawn 6 once,EnemySplitter,no
Enemies,EnemySplitterEliteMilitary,"Centipede, elite, military theme",32x32,27,Walk 6 loop; Hurt 2 once; Death 7 once; Attack 6 once; Spawn 6 once,EnemySplitter,no
Enemies,EnemySplitterEliteNeon,"Centipede, elite, neon theme",32x32,27,Walk 6 loop; Hurt 2 once; Death 7 once; Attack 6 once; Spawn 6 once,EnemySplitter,no
Enemies,EnemySplitterEliteNeonSpace,"Centipede, elite, neonspace theme",32x32,27,Walk 6 loop; Hurt 2 once; Death 7 once; Attack 6 once; Spawn 6 once,EnemySplitter,no
Enemies,EnemySplitterElitePirate,"Centipede, elite, pirate theme",32x32,27,Walk 6 loop; Hurt 2 once; Death 7 once; Attack 6 once; Spawn 6 once,EnemySplitter,no
Enemies,EnemySplitterEliteRobot,"Centipede, elite, robot theme",32x32,27,Walk 6 loop; Hurt 2 once; Death 7 once; Attack 6 once; Spawn 6 once,EnemySplitter,no
Enemies,EnemySplitterEliteSamurai,"Centipede, elite, samurai theme",32x32,27,Walk 6 loop; Hurt 2 once; Death 7 once; Attack 6 once; Spawn 6 once,EnemySplitter,no
Enemies,EnemySplitterEliteSpace,"Centipede, elite, space theme",32x32,27,Walk 6 loop; Hurt 2 once; Death 7 once; Attack 6 once; Spawn 6 once,EnemySplitter,no
Enemies,EnemySplitterEliteSpooky,"Centipede, elite, spooky theme",32x32,27,Walk 6 loop; Hurt 2 once; Death 7 once; Attack 6 once; Spawn 6 once,EnemySplitter,no
Enemies,EnemySplitterEliteSteampunk,"Centipede, elite, steampunk theme",32x32,27,Walk 6 loop; Hurt 2 once; Death 7 once; Attack 6 once; Spawn 6 once,EnemySplitter,no
Enemies,EnemySplitterEliteVaporwave,"Centipede, elite, vaporwave theme",32x32,27,Walk 6 loop; Hurt 2 once; Death 7 once; Attack 6 once; Spawn 6 once,EnemySplitter,no
Enemies,EnemySplitterJungle,"Centipede, jungle theme",32x32,27,Walk 6 loop; Hurt 2 once; Death 7 once; Attack 6 once; Spawn 6 once,EnemySplitter,no
Enemies,EnemySplitterMedieval,"Centipede, medieval theme",32x32,27,Walk 6 loop; Hurt 2 once; Death 7 once; Attack 6 once; Spawn 6 once,EnemySplitter,no
Enemies,EnemySplitterMilitary,"Centipede, military theme",32x32,27,Walk 6 loop; Hurt 2 once; Death 7 once; Attack 6 once; Spawn 6 once,EnemySplitter,no
Enemies,EnemySplitterMoves,Centipede attack and spawn,32x32,12,Attack 6 once; Spawn 6 once,,graybox
Enemies,EnemySplitterNeon,"Centipede, neon theme",32x32,27,Walk 6 loop; Hurt 2 once; Death 7 once; Attack 6 once; Spawn 6 once,EnemySplitter,no
Enemies,EnemySplitterNeonSpace,"Centipede, neonspace theme",32x32,27,Walk 6 loop; Hurt 2 once; Death 7 once; Attack 6 once; Spawn 6 once,EnemySplitter,no
Enemies,EnemySplitterPirate,"Centipede, pirate theme",32x32,27,Walk 6 loop; Hurt 2 once; Death 7 once; Attack 6 once; Spawn 6 once,EnemySplitter,no
Enemies,EnemySplitterRobot,"Centipede, robot theme",32x32,27,Walk 6 loop; Hurt 2 once; Death 7 once; Attack 6 once; Spawn 6 once,EnemySplitter,no
Enemies,EnemySplitterSamurai,"Centipede, samurai theme",32x32,27,Walk 6 loop; Hurt 2 once; Death 7 once; Attack 6 once; Spawn 6 once,EnemySplitter,no
Enemies,EnemySplitterSpace,"Centipede, space theme",32x32,27,Walk 6 loop; Hurt 2 once; Death 7 once; Attack 6 once; Spawn 6 once,EnemySplitter,no
Enemies,EnemySplitterSpooky,"Centipede, spooky theme",32x32,27,Walk 6 loop; Hurt 2 once; Death 7 once; Attack 6 once; Spawn 6 once,EnemySplitter,no
Enemies,EnemySplitterSteampunk,"Centipede, steampunk theme",32x32,27,Walk 6 loop; Hurt 2 once; Death 7 once; Attack 6 once; Spawn 6 once,EnemySplitter,no
Enemies,EnemySplitterVaporwave,"Centipede, vaporwave theme",32x32,27,Walk 6 loop; Hurt 2 once; Death 7 once; Attack 6 once; Spawn 6 once,EnemySplitter,no
Enemies,EnemySwarm,Centipede Hatchling,16x16,11,Walk 4 loop; Hurt 2 once; Death 5 once,,graybox
Enemies,EnemySwarmCandy,"Centipede Hatchling, candy theme",16x16,23,Walk 4 loop; Hurt 2 once; Death 5 once; Attack 6 once; Spawn 6 once,EnemySwarm,no
Enemies,EnemySwarmElite,"Centipede Hatchling, elite",16x16,23,Walk 4 loop; Hurt 2 once; Death 5 once; Attack 6 once; Spawn 6 once,EnemySwarm,no
Enemies,EnemySwarmEliteCandy,"Centipede Hatchling, elite, candy theme",16x16,23,Walk 4 loop; Hurt 2 once; Death 5 once; Attack 6 once; Spawn 6 once,EnemySwarm,no
Enemies,EnemySwarmEliteJungle,"Centipede Hatchling, elite, jungle theme",16x16,23,Walk 4 loop; Hurt 2 once; Death 5 once; Attack 6 once; Spawn 6 once,EnemySwarm,no
Enemies,EnemySwarmEliteMedieval,"Centipede Hatchling, elite, medieval theme",16x16,23,Walk 4 loop; Hurt 2 once; Death 5 once; Attack 6 once; Spawn 6 once,EnemySwarm,no
Enemies,EnemySwarmEliteMilitary,"Centipede Hatchling, elite, military theme",16x16,23,Walk 4 loop; Hurt 2 once; Death 5 once; Attack 6 once; Spawn 6 once,EnemySwarm,no
Enemies,EnemySwarmEliteNeon,"Centipede Hatchling, elite, neon theme",16x16,23,Walk 4 loop; Hurt 2 once; Death 5 once; Attack 6 once; Spawn 6 once,EnemySwarm,no
Enemies,EnemySwarmEliteNeonSpace,"Centipede Hatchling, elite, neonspace theme",16x16,23,Walk 4 loop; Hurt 2 once; Death 5 once; Attack 6 once; Spawn 6 once,EnemySwarm,no
Enemies,EnemySwarmElitePirate,"Centipede Hatchling, elite, pirate theme",16x16,23,Walk 4 loop; Hurt 2 once; Death 5 once; Attack 6 once; Spawn 6 once,EnemySwarm,no
Enemies,EnemySwarmEliteRobot,"Centipede Hatchling, elite, robot theme",16x16,23,Walk 4 loop; Hurt 2 once; Death 5 once; Attack 6 once; Spawn 6 once,EnemySwarm,no
Enemies,EnemySwarmEliteSamurai,"Centipede Hatchling, elite, samurai theme",16x16,23,Walk 4 loop; Hurt 2 once; Death 5 once; Attack 6 once; Spawn 6 once,EnemySwarm,no
Enemies,EnemySwarmEliteSpace,"Centipede Hatchling, elite, space theme",16x16,23,Walk 4 loop; Hurt 2 once; Death 5 once; Attack 6 once; Spawn 6 once,EnemySwarm,no
Enemies,EnemySwarmEliteSpooky,"Centipede Hatchling, elite, spooky theme",16x16,23,Walk 4 loop; Hurt 2 once; Death 5 once; Attack 6 once; Spawn 6 once,EnemySwarm,no
Enemies,EnemySwarmEliteSteampunk,"Centipede Hatchling, elite, steampunk theme",16x16,23,Walk 4 loop; Hurt 2 once; Death 5 once; Attack 6 once; Spawn 6 once,EnemySwarm,no
Enemies,EnemySwarmEliteVaporwave,"Centipede Hatchling, elite, vaporwave theme",16x16,23,Walk 4 loop; Hurt 2 once; Death 5 once; Attack 6 once; Spawn 6 once,EnemySwarm,no
Enemies,EnemySwarmJungle,"Centipede Hatchling, jungle theme",16x16,23,Walk 4 loop; Hurt 2 once; Death 5 once; Attack 6 once; Spawn 6 once,EnemySwarm,no
Enemies,EnemySwarmMedieval,"Centipede Hatchling, medieval theme",16x16,23,Walk 4 loop; Hurt 2 once; Death 5 once; Attack 6 once; Spawn 6 once,EnemySwarm,no
Enemies,EnemySwarmMilitary,"Centipede Hatchling, military theme",16x16,23,Walk 4 loop; Hurt 2 once; Death 5 once; Attack 6 once; Spawn 6 once,EnemySwarm,no
Enemies,EnemySwarmMoves,Centipede Hatchling attack and spawn,16x16,12,Attack 6 once; Spawn 6 once,,graybox
Enemies,EnemySwarmNeon,"Centipede Hatchling, neon theme",16x16,23,Walk 4 loop; Hurt 2 once; Death 5 once; Attack 6 once; Spawn 6 once,EnemySwarm,no
Enemies,EnemySwarmNeonSpace,"Centipede Hatchling, neonspace theme",16x16,23,Walk 4 loop; Hurt 2 once; Death 5 once; Attack 6 once; Spawn 6 once,EnemySwarm,no
Enemies,EnemySwarmPirate,"Centipede Hatchling, pirate theme",16x16,23,Walk 4 loop; Hurt 2 once; Death 5 once; Attack 6 once; Spawn 6 once,EnemySwarm,no
Enemies,EnemySwarmRobot,"Centipede Hatchling, robot theme",16x16,23,Walk 4 loop; Hurt 2 once; Death 5 once; Attack 6 once; Spawn 6 once,EnemySwarm,no
Enemies,EnemySwarmSamurai,"Centipede Hatchling, samurai theme",16x16,23,Walk 4 loop; Hurt 2 once; Death 5 once; Attack 6 once; Spawn 6 once,EnemySwarm,no
Enemies,EnemySwarmSpace,"Centipede Hatchling, space theme",16x16,23,Walk 4 loop; Hurt 2 once; Death 5 once; Attack 6 once; Spawn 6 once,EnemySwarm,no
Enemies,EnemySwarmSpooky,"Centipede Hatchling, spooky theme",16x16,23,Walk 4 loop; Hurt 2 once; Death 5 once; Attack 6 once; Spawn 6 once,EnemySwarm,no
Enemies,EnemySwarmSteampunk,"Centipede Hatchling, steampunk theme",16x16,23,Walk 4 loop; Hurt 2 once; Death 5 once; Attack 6 once; Spawn 6 once,EnemySwarm,no
Enemies,EnemySwarmVaporwave,"Centipede Hatchling, vaporwave theme",16x16,23,Walk 4 loop; Hurt 2 once; Death 5 once; Attack 6 once; Spawn 6 once,EnemySwarm,no
Enemies,EnemyThiefAnt,Thief ant (steals food and runs back),24x24,44,Walk 6 loop; Hurt 2 once; Death 7 once; Attack 6 once; Spawn 6 once; Grab 6 once; WalkLoaded 6 loop; Drop 5 once,,graybox
Enemies,EnemyWasp,Wasp (flies),32x32,33,Walk 6 loop; Hurt 2 once; Death 7 once; Attack 6 once; Spawn 6 once; Sting 6 once,,graybox
Enemies,EnemyWaspCandy,"Wasp (flies), candy theme",32x32,33,Walk 6 loop; Hurt 2 once; Death 7 once; Attack 6 once; Spawn 6 once; Sting 6 once,EnemyWasp,no
Enemies,EnemyWaspElite,"Wasp (flies), elite",32x32,33,Walk 6 loop; Hurt 2 once; Death 7 once; Attack 6 once; Spawn 6 once; Sting 6 once,EnemyWasp,no
Enemies,EnemyWaspEliteCandy,"Wasp (flies), elite, candy theme",32x32,33,Walk 6 loop; Hurt 2 once; Death 7 once; Attack 6 once; Spawn 6 once; Sting 6 once,EnemyWasp,no
Enemies,EnemyWaspEliteJungle,"Wasp (flies), elite, jungle theme",32x32,33,Walk 6 loop; Hurt 2 once; Death 7 once; Attack 6 once; Spawn 6 once; Sting 6 once,EnemyWasp,no
Enemies,EnemyWaspEliteMedieval,"Wasp (flies), elite, medieval theme",32x32,33,Walk 6 loop; Hurt 2 once; Death 7 once; Attack 6 once; Spawn 6 once; Sting 6 once,EnemyWasp,no
Enemies,EnemyWaspEliteMilitary,"Wasp (flies), elite, military theme",32x32,33,Walk 6 loop; Hurt 2 once; Death 7 once; Attack 6 once; Spawn 6 once; Sting 6 once,EnemyWasp,no
Enemies,EnemyWaspEliteNeon,"Wasp (flies), elite, neon theme",32x32,33,Walk 6 loop; Hurt 2 once; Death 7 once; Attack 6 once; Spawn 6 once; Sting 6 once,EnemyWasp,no
Enemies,EnemyWaspEliteNeonSpace,"Wasp (flies), elite, neonspace theme",32x32,33,Walk 6 loop; Hurt 2 once; Death 7 once; Attack 6 once; Spawn 6 once; Sting 6 once,EnemyWasp,no
Enemies,EnemyWaspElitePirate,"Wasp (flies), elite, pirate theme",32x32,33,Walk 6 loop; Hurt 2 once; Death 7 once; Attack 6 once; Spawn 6 once; Sting 6 once,EnemyWasp,no
Enemies,EnemyWaspEliteRobot,"Wasp (flies), elite, robot theme",32x32,33,Walk 6 loop; Hurt 2 once; Death 7 once; Attack 6 once; Spawn 6 once; Sting 6 once,EnemyWasp,no
Enemies,EnemyWaspEliteSamurai,"Wasp (flies), elite, samurai theme",32x32,33,Walk 6 loop; Hurt 2 once; Death 7 once; Attack 6 once; Spawn 6 once; Sting 6 once,EnemyWasp,no
Enemies,EnemyWaspEliteSpace,"Wasp (flies), elite, space theme",32x32,33,Walk 6 loop; Hurt 2 once; Death 7 once; Attack 6 once; Spawn 6 once; Sting 6 once,EnemyWasp,no
Enemies,EnemyWaspEliteSpooky,"Wasp (flies), elite, spooky theme",32x32,33,Walk 6 loop; Hurt 2 once; Death 7 once; Attack 6 once; Spawn 6 once; Sting 6 once,EnemyWasp,no
Enemies,EnemyWaspEliteSteampunk,"Wasp (flies), elite, steampunk theme",32x32,33,Walk 6 loop; Hurt 2 once; Death 7 once; Attack 6 once; Spawn 6 once; Sting 6 once,EnemyWasp,no
Enemies,EnemyWaspEliteVaporwave,"Wasp (flies), elite, vaporwave theme",32x32,33,Walk 6 loop; Hurt 2 once; Death 7 once; Attack 6 once; Spawn 6 once; Sting 6 once,EnemyWasp,no
Enemies,EnemyWaspJungle,"Wasp (flies), jungle theme",32x32,33,Walk 6 loop; Hurt 2 once; Death 7 once; Attack 6 once; Spawn 6 once; Sting 6 once,EnemyWasp,no
Enemies,EnemyWaspMedieval,"Wasp (flies), medieval theme",32x32,33,Walk 6 loop; Hurt 2 once; Death 7 once; Attack 6 once; Spawn 6 once; Sting 6 once,EnemyWasp,no
Enemies,EnemyWaspMilitary,"Wasp (flies), military theme",32x32,33,Walk 6 loop; Hurt 2 once; Death 7 once; Attack 6 once; Spawn 6 once; Sting 6 once,EnemyWasp,no
Enemies,EnemyWaspNeon,"Wasp (flies), neon theme",32x32,33,Walk 6 loop; Hurt 2 once; Death 7 once; Attack 6 once; Spawn 6 once; Sting 6 once,EnemyWasp,no
Enemies,EnemyWaspNeonSpace,"Wasp (flies), neonspace theme",32x32,33,Walk 6 loop; Hurt 2 once; Death 7 once; Attack 6 once; Spawn 6 once; Sting 6 once,EnemyWasp,no
Enemies,EnemyWaspPirate,"Wasp (flies), pirate theme",32x32,33,Walk 6 loop; Hurt 2 once; Death 7 once; Attack 6 once; Spawn 6 once; Sting 6 once,EnemyWasp,no
Enemies,EnemyWaspRobot,"Wasp (flies), robot theme",32x32,33,Walk 6 loop; Hurt 2 once; Death 7 once; Attack 6 once; Spawn 6 once; Sting 6 once,EnemyWasp,no
Enemies,EnemyWaspSamurai,"Wasp (flies), samurai theme",32x32,33,Walk 6 loop; Hurt 2 once; Death 7 once; Attack 6 once; Spawn 6 once; Sting 6 once,EnemyWasp,no
Enemies,EnemyWaspSpace,"Wasp (flies), space theme",32x32,33,Walk 6 loop; Hurt 2 once; Death 7 once; Attack 6 once; Spawn 6 once; Sting 6 once,EnemyWasp,no
Enemies,EnemyWaspSpooky,"Wasp (flies), spooky theme",32x32,33,Walk 6 loop; Hurt 2 once; Death 7 once; Attack 6 once; Spawn 6 once; Sting 6 once,EnemyWasp,no
Enemies,EnemyWaspSteampunk,"Wasp (flies), steampunk theme",32x32,33,Walk 6 loop; Hurt 2 once; Death 7 once; Attack 6 once; Spawn 6 once; Sting 6 once,EnemyWasp,no
Enemies,EnemyWaspVaporwave,"Wasp (flies), vaporwave theme",32x32,33,Walk 6 loop; Hurt 2 once; Death 7 once; Attack 6 once; Spawn 6 once; Sting 6 once,EnemyWasp,no
Fx,FxBlast,Mortar blast,48x48,6,Blast 6 once,,graybox
Fx,FxBlastCandy,"Mortar blast, candy theme",48x48,6,Blast 6 once,FxBlast,no
Fx,FxBlastJungle,"Mortar blast, jungle theme",48x48,6,Blast 6 once,FxBlast,no
Fx,FxBlastMedieval,"Mortar blast, medieval theme",48x48,6,Blast 6 once,FxBlast,no
Fx,FxBlastMilitary,"Mortar blast, military theme",48x48,6,Blast 6 once,FxBlast,no
Fx,FxBlastNeon,"Mortar blast, neon theme",48x48,6,Blast 6 once,FxBlast,no
Fx,FxBlastNeonSpace,"Mortar blast, neonspace theme",48x48,6,Blast 6 once,FxBlast,no
Fx,FxBlastPirate,"Mortar blast, pirate theme",48x48,6,Blast 6 once,FxBlast,no
Fx,FxBlastRobot,"Mortar blast, robot theme",48x48,6,Blast 6 once,FxBlast,no
Fx,FxBlastSamurai,"Mortar blast, samurai theme",48x48,6,Blast 6 once,FxBlast,no
Fx,FxBlastSpace,"Mortar blast, space theme",48x48,6,Blast 6 once,FxBlast,no
Fx,FxBlastSpooky,"Mortar blast, spooky theme",48x48,6,Blast 6 once,FxBlast,no
Fx,FxBlastSteampunk,"Mortar blast, steampunk theme",48x48,6,Blast 6 once,FxBlast,no
Fx,FxBlastVaporwave,"Mortar blast, vaporwave theme",48x48,6,Blast 6 once,FxBlast,no
Fx,FxBuild,Tower build / sell,48x48,12,Rise 6 once; Sell 6 once,,graybox
Fx,FxBuildCandy,"Tower build / sell, candy theme",48x48,12,Rise 6 once; Sell 6 once,FxBuild,no
Fx,FxBuildJungle,"Tower build / sell, jungle theme",48x48,12,Rise 6 once; Sell 6 once,FxBuild,no
Fx,FxBuildMedieval,"Tower build / sell, medieval theme",48x48,12,Rise 6 once; Sell 6 once,FxBuild,no
Fx,FxBuildMilitary,"Tower build / sell, military theme",48x48,12,Rise 6 once; Sell 6 once,FxBuild,no
Fx,FxBuildNeon,"Tower build / sell, neon theme",48x48,12,Rise 6 once; Sell 6 once,FxBuild,no
Fx,FxBuildNeonSpace,"Tower build / sell, neonspace theme",48x48,12,Rise 6 once; Sell 6 once,FxBuild,no
Fx,FxBuildPirate,"Tower build / sell, pirate theme",48x48,12,Rise 6 once; Sell 6 once,FxBuild,no
Fx,FxBuildRobot,"Tower build / sell, robot theme",48x48,12,Rise 6 once; Sell 6 once,FxBuild,no
Fx,FxBuildSamurai,"Tower build / sell, samurai theme",48x48,12,Rise 6 once; Sell 6 once,FxBuild,no
Fx,FxBuildSpace,"Tower build / sell, space theme",48x48,12,Rise 6 once; Sell 6 once,FxBuild,no
Fx,FxBuildSpooky,"Tower build / sell, spooky theme",48x48,12,Rise 6 once; Sell 6 once,FxBuild,no
Fx,FxBuildSteampunk,"Tower build / sell, steampunk theme",48x48,12,Rise 6 once; Sell 6 once,FxBuild,no
Fx,FxBuildVaporwave,"Tower build / sell, vaporwave theme",48x48,12,Rise 6 once; Sell 6 once,FxBuild,no
Fx,FxDapple,Dappled sunlight,64x64,6,Sun 6 loop,,no
Fx,FxDappleNight,"Dappled sunlight, night",64x64,6,Sun 6 loop,FxDapple,no
Fx,FxDappleWinter,"Dappled sunlight, winter",64x64,6,Sun 6 loop,FxDapple,no
Fx,FxFrostPulse,Frost Ant pulse,232x232,8,Pulse 8 once,,graybox
Fx,FxFrostPulseCandy,"Frost Ant pulse, candy theme",232x232,8,Pulse 8 once,FxFrostPulse,no
Fx,FxFrostPulseJungle,"Frost Ant pulse, jungle theme",232x232,8,Pulse 8 once,FxFrostPulse,no
Fx,FxFrostPulseMedieval,"Frost Ant pulse, medieval theme",232x232,8,Pulse 8 once,FxFrostPulse,no
Fx,FxFrostPulseMilitary,"Frost Ant pulse, military theme",232x232,8,Pulse 8 once,FxFrostPulse,no
Fx,FxFrostPulseNeon,"Frost Ant pulse, neon theme",232x232,8,Pulse 8 once,FxFrostPulse,no
Fx,FxFrostPulseNeonSpace,"Frost Ant pulse, neonspace theme",232x232,8,Pulse 8 once,FxFrostPulse,no
Fx,FxFrostPulsePirate,"Frost Ant pulse, pirate theme",232x232,8,Pulse 8 once,FxFrostPulse,no
Fx,FxFrostPulseRobot,"Frost Ant pulse, robot theme",232x232,8,Pulse 8 once,FxFrostPulse,no
Fx,FxFrostPulseSamurai,"Frost Ant pulse, samurai theme",232x232,8,Pulse 8 once,FxFrostPulse,no
Fx,FxFrostPulseSpace,"Frost Ant pulse, space theme",232x232,8,Pulse 8 once,FxFrostPulse,no
Fx,FxFrostPulseSpooky,"Frost Ant pulse, spooky theme",232x232,8,Pulse 8 once,FxFrostPulse,no
Fx,FxFrostPulseSteampunk,"Frost Ant pulse, steampunk theme",232x232,8,Pulse 8 once,FxFrostPulse,no
Fx,FxFrostPulseVaporwave,"Frost Ant pulse, vaporwave theme",232x232,8,Pulse 8 once,FxFrostPulse,no
Fx,FxHealPulse,Mantis heal,192x192,7,Pulse 7 once,,graybox
Fx,FxHealPulseCandy,"Mantis heal, candy theme",192x192,7,Pulse 7 once,FxHealPulse,no
Fx,FxHealPulseJungle,"Mantis heal, jungle theme",192x192,7,Pulse 7 once,FxHealPulse,no
Fx,FxHealPulseMedieval,"Mantis heal, medieval theme",192x192,7,Pulse 7 once,FxHealPulse,no
Fx,FxHealPulseMilitary,"Mantis heal, military theme",192x192,7,Pulse 7 once,FxHealPulse,no
Fx,FxHealPulseNeon,"Mantis heal, neon theme",192x192,7,Pulse 7 once,FxHealPulse,no
Fx,FxHealPulseNeonSpace,"Mantis heal, neonspace theme",192x192,7,Pulse 7 once,FxHealPulse,no
Fx,FxHealPulsePirate,"Mantis heal, pirate theme",192x192,7,Pulse 7 once,FxHealPulse,no
Fx,FxHealPulseRobot,"Mantis heal, robot theme",192x192,7,Pulse 7 once,FxHealPulse,no
Fx,FxHealPulseSamurai,"Mantis heal, samurai theme",192x192,7,Pulse 7 once,FxHealPulse,no
Fx,FxHealPulseSpace,"Mantis heal, space theme",192x192,7,Pulse 7 once,FxHealPulse,no
Fx,FxHealPulseSpooky,"Mantis heal, spooky theme",192x192,7,Pulse 7 once,FxHealPulse,no
Fx,FxHealPulseSteampunk,"Mantis heal, steampunk theme",192x192,7,Pulse 7 once,FxHealPulse,no
Fx,FxHealPulseVaporwave,"Mantis heal, vaporwave theme",192x192,7,Pulse 7 once,FxHealPulse,no
Fx,FxHillHit,An enemy reaching the hill,48x48,17,Hit 5 once; HitHeavy 6 once; Breach 6 once,,graybox
Fx,FxHillHitCandy,"An enemy reaching the hill, candy theme",48x48,17,Hit 5 once; HitHeavy 6 once; Breach 6 once,FxHillHit,no
Fx,FxHillHitJungle,"An enemy reaching the hill, jungle theme",48x48,17,Hit 5 once; HitHeavy 6 once; Breach 6 once,FxHillHit,no
Fx,FxHillHitMedieval,"An enemy reaching the hill, medieval theme",48x48,17,Hit 5 once; HitHeavy 6 once; Breach 6 once,FxHillHit,no
Fx,FxHillHitMilitary,"An enemy reaching the hill, military theme",48x48,17,Hit 5 once; HitHeavy 6 once; Breach 6 once,FxHillHit,no
Fx,FxHillHitNeon,"An enemy reaching the hill, neon theme",48x48,17,Hit 5 once; HitHeavy 6 once; Breach 6 once,FxHillHit,no
Fx,FxHillHitNeonSpace,"An enemy reaching the hill, neonspace theme",48x48,17,Hit 5 once; HitHeavy 6 once; Breach 6 once,FxHillHit,no
Fx,FxHillHitPirate,"An enemy reaching the hill, pirate theme",48x48,17,Hit 5 once; HitHeavy 6 once; Breach 6 once,FxHillHit,no
Fx,FxHillHitRobot,"An enemy reaching the hill, robot theme",48x48,17,Hit 5 once; HitHeavy 6 once; Breach 6 once,FxHillHit,no
Fx,FxHillHitSamurai,"An enemy reaching the hill, samurai theme",48x48,17,Hit 5 once; HitHeavy 6 once; Breach 6 once,FxHillHit,no
Fx,FxHillHitSpace,"An enemy reaching the hill, space theme",48x48,17,Hit 5 once; HitHeavy 6 once; Breach 6 once,FxHillHit,no
Fx,FxHillHitSpooky,"An enemy reaching the hill, spooky theme",48x48,17,Hit 5 once; HitHeavy 6 once; Breach 6 once,FxHillHit,no
Fx,FxHillHitSteampunk,"An enemy reaching the hill, steampunk theme",48x48,17,Hit 5 once; HitHeavy 6 once; Breach 6 once,FxHillHit,no
Fx,FxHillHitVaporwave,"An enemy reaching the hill, vaporwave theme",48x48,17,Hit 5 once; HitHeavy 6 once; Breach 6 once,FxHillHit,no
Fx,FxImpact,Hit effects,24x24,23,Acid 5 once; Spark 4 once; Pop 4 once; Zap 4 once; Sizzle 3 once; Scratch 3 once,,graybox
Fx,FxImpactCandy,"Hit effects, candy theme",24x24,23,Acid 5 once; Spark 4 once; Pop 4 once; Zap 4 once; Sizzle 3 once; Scratch 3 once,FxImpact,no
Fx,FxImpactJungle,"Hit effects, jungle theme",24x24,23,Acid 5 once; Spark 4 once; Pop 4 once; Zap 4 once; Sizzle 3 once; Scratch 3 once,FxImpact,no
Fx,FxImpactMedieval,"Hit effects, medieval theme",24x24,23,Acid 5 once; Spark 4 once; Pop 4 once; Zap 4 once; Sizzle 3 once; Scratch 3 once,FxImpact,no
Fx,FxImpactMilitary,"Hit effects, military theme",24x24,23,Acid 5 once; Spark 4 once; Pop 4 once; Zap 4 once; Sizzle 3 once; Scratch 3 once,FxImpact,no
Fx,FxImpactNeon,"Hit effects, neon theme",24x24,23,Acid 5 once; Spark 4 once; Pop 4 once; Zap 4 once; Sizzle 3 once; Scratch 3 once,FxImpact,no
Fx,FxImpactNeonSpace,"Hit effects, neonspace theme",24x24,23,Acid 5 once; Spark 4 once; Pop 4 once; Zap 4 once; Sizzle 3 once; Scratch 3 once,FxImpact,no
Fx,FxImpactPirate,"Hit effects, pirate theme",24x24,23,Acid 5 once; Spark 4 once; Pop 4 once; Zap 4 once; Sizzle 3 once; Scratch 3 once,FxImpact,no
Fx,FxImpactRobot,"Hit effects, robot theme",24x24,23,Acid 5 once; Spark 4 once; Pop 4 once; Zap 4 once; Sizzle 3 once; Scratch 3 once,FxImpact,no
Fx,FxImpactSamurai,"Hit effects, samurai theme",24x24,23,Acid 5 once; Spark 4 once; Pop 4 once; Zap 4 once; Sizzle 3 once; Scratch 3 once,FxImpact,no
Fx,FxImpactSpace,"Hit effects, space theme",24x24,23,Acid 5 once; Spark 4 once; Pop 4 once; Zap 4 once; Sizzle 3 once; Scratch 3 once,FxImpact,no
Fx,FxImpactSpooky,"Hit effects, spooky theme",24x24,23,Acid 5 once; Spark 4 once; Pop 4 once; Zap 4 once; Sizzle 3 once; Scratch 3 once,FxImpact,no
Fx,FxImpactSteampunk,"Hit effects, steampunk theme",24x24,23,Acid 5 once; Spark 4 once; Pop 4 once; Zap 4 once; Sizzle 3 once; Scratch 3 once,FxImpact,no
Fx,FxImpactVaporwave,"Hit effects, vaporwave theme",24x24,23,Acid 5 once; Spark 4 once; Pop 4 once; Zap 4 once; Sizzle 3 once; Scratch 3 once,FxImpact,no
Fx,FxLightGlow,Pools of light,64x64,12,Warm 4 loop; Cool 4 loop; Green 4 loop,,no
Fx,FxLightGlowCandy,"Pools of light, candy theme",64x64,12,Warm 4 loop; Cool 4 loop; Green 4 loop,FxLightGlow,no
Fx,FxLightGlowJungle,"Pools of light, jungle theme",64x64,12,Warm 4 loop; Cool 4 loop; Green 4 loop,FxLightGlow,no
Fx,FxLightGlowMedieval,"Pools of light, medieval theme",64x64,12,Warm 4 loop; Cool 4 loop; Green 4 loop,FxLightGlow,no
Fx,FxLightGlowMilitary,"Pools of light, military theme",64x64,12,Warm 4 loop; Cool 4 loop; Green 4 loop,FxLightGlow,no
Fx,FxLightGlowNeon,"Pools of light, neon theme",64x64,12,Warm 4 loop; Cool 4 loop; Green 4 loop,FxLightGlow,no
Fx,FxLightGlowNeonSpace,"Pools of light, neonspace theme",64x64,12,Warm 4 loop; Cool 4 loop; Green 4 loop,FxLightGlow,no
Fx,FxLightGlowPirate,"Pools of light, pirate theme",64x64,12,Warm 4 loop; Cool 4 loop; Green 4 loop,FxLightGlow,no
Fx,FxLightGlowRobot,"Pools of light, robot theme",64x64,12,Warm 4 loop; Cool 4 loop; Green 4 loop,FxLightGlow,no
Fx,FxLightGlowSamurai,"Pools of light, samurai theme",64x64,12,Warm 4 loop; Cool 4 loop; Green 4 loop,FxLightGlow,no
Fx,FxLightGlowSpace,"Pools of light, space theme",64x64,12,Warm 4 loop; Cool 4 loop; Green 4 loop,FxLightGlow,no
Fx,FxLightGlowSpooky,"Pools of light, spooky theme",64x64,12,Warm 4 loop; Cool 4 loop; Green 4 loop,FxLightGlow,no
Fx,FxLightGlowSteampunk,"Pools of light, steampunk theme",64x64,12,Warm 4 loop; Cool 4 loop; Green 4 loop,FxLightGlow,no
Fx,FxLightGlowVaporwave,"Pools of light, vaporwave theme",64x64,12,Warm 4 loop; Cool 4 loop; Green 4 loop,FxLightGlow,no
Fx,FxMelee,Melee and heal effects,32x32,22,Bite 3 once; Slash 4 once; Slam 5 once; Block 4 once; Heal 6 once,,graybox
Fx,FxMeleeCandy,"Melee and heal effects, candy theme",32x32,22,Bite 3 once; Slash 4 once; Slam 5 once; Block 4 once; Heal 6 once,FxMelee,no
Fx,FxMeleeJungle,"Melee and heal effects, jungle theme",32x32,22,Bite 3 once; Slash 4 once; Slam 5 once; Block 4 once; Heal 6 once,FxMelee,no
Fx,FxMeleeMedieval,"Melee and heal effects, medieval theme",32x32,22,Bite 3 once; Slash 4 once; Slam 5 once; Block 4 once; Heal 6 once,FxMelee,no
Fx,FxMeleeMilitary,"Melee and heal effects, military theme",32x32,22,Bite 3 once; Slash 4 once; Slam 5 once; Block 4 once; Heal 6 once,FxMelee,no
Fx,FxMeleeNeon,"Melee and heal effects, neon theme",32x32,22,Bite 3 once; Slash 4 once; Slam 5 once; Block 4 once; Heal 6 once,FxMelee,no
Fx,FxMeleeNeonSpace,"Melee and heal effects, neonspace theme",32x32,22,Bite 3 once; Slash 4 once; Slam 5 once; Block 4 once; Heal 6 once,FxMelee,no
Fx,FxMeleePirate,"Melee and heal effects, pirate theme",32x32,22,Bite 3 once; Slash 4 once; Slam 5 once; Block 4 once; Heal 6 once,FxMelee,no
Fx,FxMeleeRobot,"Melee and heal effects, robot theme",32x32,22,Bite 3 once; Slash 4 once; Slam 5 once; Block 4 once; Heal 6 once,FxMelee,no
Fx,FxMeleeSamurai,"Melee and heal effects, samurai theme",32x32,22,Bite 3 once; Slash 4 once; Slam 5 once; Block 4 once; Heal 6 once,FxMelee,no
Fx,FxMeleeSpace,"Melee and heal effects, space theme",32x32,22,Bite 3 once; Slash 4 once; Slam 5 once; Block 4 once; Heal 6 once,FxMelee,no
Fx,FxMeleeSpooky,"Melee and heal effects, spooky theme",32x32,22,Bite 3 once; Slash 4 once; Slam 5 once; Block 4 once; Heal 6 once,FxMelee,no
Fx,FxMeleeSteampunk,"Melee and heal effects, steampunk theme",32x32,22,Bite 3 once; Slash 4 once; Slam 5 once; Block 4 once; Heal 6 once,FxMelee,no
Fx,FxMeleeVaporwave,"Melee and heal effects, vaporwave theme",32x32,22,Bite 3 once; Slash 4 once; Slam 5 once; Block 4 once; Heal 6 once,FxMelee,no
Fx,FxMine,Mine,32x32,9,Armed 2 loop; Explode 7 once,,graybox
Fx,FxMineCandy,"Mine, candy theme",32x32,9,Armed 2 loop; Explode 7 once,FxMine,no
Fx,FxMineJungle,"Mine, jungle theme",32x32,9,Armed 2 loop; Explode 7 once,FxMine,no
Fx,FxMineMedieval,"Mine, medieval theme",32x32,9,Armed 2 loop; Explode 7 once,FxMine,no
Fx,FxMineMilitary,"Mine, military theme",32x32,9,Armed 2 loop; Explode 7 once,FxMine,no
Fx,FxMineNeon,"Mine, neon theme",32x32,9,Armed 2 loop; Explode 7 once,FxMine,no
Fx,FxMineNeonSpace,"Mine, neonspace theme",32x32,9,Armed 2 loop; Explode 7 once,FxMine,no
Fx,FxMinePirate,"Mine, pirate theme",32x32,9,Armed 2 loop; Explode 7 once,FxMine,no
Fx,FxMineRobot,"Mine, robot theme",32x32,9,Armed 2 loop; Explode 7 once,FxMine,no
Fx,FxMineSamurai,"Mine, samurai theme",32x32,9,Armed 2 loop; Explode 7 once,FxMine,no
Fx,FxMineSpace,"Mine, space theme",32x32,9,Armed 2 loop; Explode 7 once,FxMine,no
Fx,FxMineSpooky,"Mine, spooky theme",32x32,9,Armed 2 loop; Explode 7 once,FxMine,no
Fx,FxMineSteampunk,"Mine, steampunk theme",32x32,9,Armed 2 loop; Explode 7 once,FxMine,no
Fx,FxMineVaporwave,"Mine, vaporwave theme",32x32,9,Armed 2 loop; Explode 7 once,FxMine,no
Fx,FxMoonlight,Moonlight on the ground,64x64,10,Moon 4 loop; Cloud 6 loop,,no
Fx,FxOrbiter,Swarm Nest ant,16x16,4,Fly 4 loop,,graybox
Fx,FxOrbiterCandy,"Swarm Nest ant, candy theme",16x16,4,Fly 4 loop,FxOrbiter,no
Fx,FxOrbiterJungle,"Swarm Nest ant, jungle theme",16x16,4,Fly 4 loop,FxOrbiter,no
Fx,FxOrbiterMedieval,"Swarm Nest ant, medieval theme",16x16,4,Fly 4 loop,FxOrbiter,no
Fx,FxOrbiterMilitary,"Swarm Nest ant, military theme",16x16,4,Fly 4 loop,FxOrbiter,no
Fx,FxOrbiterNeon,"Swarm Nest ant, neon theme",16x16,4,Fly 4 loop,FxOrbiter,no
Fx,FxOrbiterNeonSpace,"Swarm Nest ant, neonspace theme",16x16,4,Fly 4 loop,FxOrbiter,no
Fx,FxOrbiterPirate,"Swarm Nest ant, pirate theme",16x16,4,Fly 4 loop,FxOrbiter,no
Fx,FxOrbiterRobot,"Swarm Nest ant, robot theme",16x16,4,Fly 4 loop,FxOrbiter,no
Fx,FxOrbiterSamurai,"Swarm Nest ant, samurai theme",16x16,4,Fly 4 loop,FxOrbiter,no
Fx,FxOrbiterSpace,"Swarm Nest ant, space theme",16x16,4,Fly 4 loop,FxOrbiter,no
Fx,FxOrbiterSpooky,"Swarm Nest ant, spooky theme",16x16,4,Fly 4 loop,FxOrbiter,no
Fx,FxOrbiterSteampunk,"Swarm Nest ant, steampunk theme",16x16,4,Fly 4 loop,FxOrbiter,no
Fx,FxOrbiterVaporwave,"Swarm Nest ant, vaporwave theme",16x16,4,Fly 4 loop,FxOrbiter,no
Fx,FxParticles,Small motes,16x16,45,Dust 5 once; Ember 6 loop; Spore 6 loop; Pollen 6 loop; Leaf 6 once; Firefly 6 loop; Sparkle 4 loop; Smoke 6 loop,,no
Fx,FxParticlesCandy,"Small motes, candy theme",16x16,45,Dust 5 once; Ember 6 loop; Spore 6 loop; Pollen 6 loop; Leaf 6 once; Firefly 6 loop; Sparkle 4 loop; Smoke 6 loop,FxParticles,no
Fx,FxParticlesJungle,"Small motes, jungle theme",16x16,45,Dust 5 once; Ember 6 loop; Spore 6 loop; Pollen 6 loop; Leaf 6 once; Firefly 6 loop; Sparkle 4 loop; Smoke 6 loop,FxParticles,no
Fx,FxParticlesMedieval,"Small motes, medieval theme",16x16,45,Dust 5 once; Ember 6 loop; Spore 6 loop; Pollen 6 loop; Leaf 6 once; Firefly 6 loop; Sparkle 4 loop; Smoke 6 loop,FxParticles,no
Fx,FxParticlesMilitary,"Small motes, military theme",16x16,45,Dust 5 once; Ember 6 loop; Spore 6 loop; Pollen 6 loop; Leaf 6 once; Firefly 6 loop; Sparkle 4 loop; Smoke 6 loop,FxParticles,no
Fx,FxParticlesNeon,"Small motes, neon theme",16x16,45,Dust 5 once; Ember 6 loop; Spore 6 loop; Pollen 6 loop; Leaf 6 once; Firefly 6 loop; Sparkle 4 loop; Smoke 6 loop,FxParticles,no
Fx,FxParticlesNeonSpace,"Small motes, neonspace theme",16x16,45,Dust 5 once; Ember 6 loop; Spore 6 loop; Pollen 6 loop; Leaf 6 once; Firefly 6 loop; Sparkle 4 loop; Smoke 6 loop,FxParticles,no
Fx,FxParticlesPirate,"Small motes, pirate theme",16x16,45,Dust 5 once; Ember 6 loop; Spore 6 loop; Pollen 6 loop; Leaf 6 once; Firefly 6 loop; Sparkle 4 loop; Smoke 6 loop,FxParticles,no
Fx,FxParticlesRobot,"Small motes, robot theme",16x16,45,Dust 5 once; Ember 6 loop; Spore 6 loop; Pollen 6 loop; Leaf 6 once; Firefly 6 loop; Sparkle 4 loop; Smoke 6 loop,FxParticles,no
Fx,FxParticlesSamurai,"Small motes, samurai theme",16x16,45,Dust 5 once; Ember 6 loop; Spore 6 loop; Pollen 6 loop; Leaf 6 once; Firefly 6 loop; Sparkle 4 loop; Smoke 6 loop,FxParticles,no
Fx,FxParticlesSpace,"Small motes, space theme",16x16,45,Dust 5 once; Ember 6 loop; Spore 6 loop; Pollen 6 loop; Leaf 6 once; Firefly 6 loop; Sparkle 4 loop; Smoke 6 loop,FxParticles,no
Fx,FxParticlesSpooky,"Small motes, spooky theme",16x16,45,Dust 5 once; Ember 6 loop; Spore 6 loop; Pollen 6 loop; Leaf 6 once; Firefly 6 loop; Sparkle 4 loop; Smoke 6 loop,FxParticles,no
Fx,FxParticlesSteampunk,"Small motes, steampunk theme",16x16,45,Dust 5 once; Ember 6 loop; Spore 6 loop; Pollen 6 loop; Leaf 6 once; Firefly 6 loop; Sparkle 4 loop; Smoke 6 loop,FxParticles,no
Fx,FxParticlesVaporwave,"Small motes, vaporwave theme",16x16,45,Dust 5 once; Ember 6 loop; Spore 6 loop; Pollen 6 loop; Leaf 6 once; Firefly 6 loop; Sparkle 4 loop; Smoke 6 loop,FxParticles,no
Fx,FxPickup,A pickup appearing and being collected,16x16,9,Spawn 4 once; Collect 5 once,,graybox
Fx,FxPickupCandy,"A pickup appearing and being collected, candy theme",16x16,9,Spawn 4 once; Collect 5 once,FxPickup,no
Fx,FxPickupJungle,"A pickup appearing and being collected, jungle theme",16x16,9,Spawn 4 once; Collect 5 once,FxPickup,no
Fx,FxPickupMedieval,"A pickup appearing and being collected, medieval theme",16x16,9,Spawn 4 once; Collect 5 once,FxPickup,no
Fx,FxPickupMilitary,"A pickup appearing and being collected, military theme",16x16,9,Spawn 4 once; Collect 5 once,FxPickup,no
Fx,FxPickupNeon,"A pickup appearing and being collected, neon theme",16x16,9,Spawn 4 once; Collect 5 once,FxPickup,no
Fx,FxPickupNeonSpace,"A pickup appearing and being collected, neonspace theme",16x16,9,Spawn 4 once; Collect 5 once,FxPickup,no
Fx,FxPickupPirate,"A pickup appearing and being collected, pirate theme",16x16,9,Spawn 4 once; Collect 5 once,FxPickup,no
Fx,FxPickupRobot,"A pickup appearing and being collected, robot theme",16x16,9,Spawn 4 once; Collect 5 once,FxPickup,no
Fx,FxPickupSamurai,"A pickup appearing and being collected, samurai theme",16x16,9,Spawn 4 once; Collect 5 once,FxPickup,no
Fx,FxPickupSpace,"A pickup appearing and being collected, space theme",16x16,9,Spawn 4 once; Collect 5 once,FxPickup,no
Fx,FxPickupSpooky,"A pickup appearing and being collected, spooky theme",16x16,9,Spawn 4 once; Collect 5 once,FxPickup,no
Fx,FxPickupSteampunk,"A pickup appearing and being collected, steampunk theme",16x16,9,Spawn 4 once; Collect 5 once,FxPickup,no
Fx,FxPickupVaporwave,"A pickup appearing and being collected, vaporwave theme",16x16,9,Spawn 4 once; Collect 5 once,FxPickup,no
Fx,FxQuickZone,Quick zone: enemies inside move faster (chevrons run toward +x),64x64,16,Appear 5 once; Loop 6 loop; Fade 5 once,,graybox
Fx,FxScald,Scald: towers standing in it are silenced,64x64,17,Burst 6 once; Boil 6 loop; Fade 5 once,,graybox
Fx,FxSeason,Seasonal weather that tiles,32x32,21,Snow 8 loop; Leaves 8 loop; Breath 5 once,,no
Fx,FxShockwave,Kicker stomp,208x208,7,Blast 7 once,,graybox
Fx,FxShockwaveCandy,"Kicker stomp, candy theme",208x208,7,Blast 7 once,FxShockwave,no
Fx,FxShockwaveJungle,"Kicker stomp, jungle theme",208x208,7,Blast 7 once,FxShockwave,no
Fx,FxShockwaveMedieval,"Kicker stomp, medieval theme",208x208,7,Blast 7 once,FxShockwave,no
Fx,FxShockwaveMilitary,"Kicker stomp, military theme",208x208,7,Blast 7 once,FxShockwave,no
Fx,FxShockwaveNeon,"Kicker stomp, neon theme",208x208,7,Blast 7 once,FxShockwave,no
Fx,FxShockwaveNeonSpace,"Kicker stomp, neonspace theme",208x208,7,Blast 7 once,FxShockwave,no
Fx,FxShockwavePirate,"Kicker stomp, pirate theme",208x208,7,Blast 7 once,FxShockwave,no
Fx,FxShockwaveRobot,"Kicker stomp, robot theme",208x208,7,Blast 7 once,FxShockwave,no
Fx,FxShockwaveSamurai,"Kicker stomp, samurai theme",208x208,7,Blast 7 once,FxShockwave,no
Fx,FxShockwaveSpace,"Kicker stomp, space theme",208x208,7,Blast 7 once,FxShockwave,no
Fx,FxShockwaveSpooky,"Kicker stomp, spooky theme",208x208,7,Blast 7 once,FxShockwave,no
Fx,FxShockwaveSteampunk,"Kicker stomp, steampunk theme",208x208,7,Blast 7 once,FxShockwave,no
Fx,FxShockwaveVaporwave,"Kicker stomp, vaporwave theme",208x208,7,Blast 7 once,FxShockwave,no
Fx,FxStatus,Status icons,12x12,24,Slow 4 loop; Burn 4 loop; Poison 4 loop; Shock 4 loop; Regen 4 loop; Shield 4 loop,,graybox
Fx,FxStatusCandy,"Status icons, candy theme",12x12,24,Slow 4 loop; Burn 4 loop; Poison 4 loop; Shock 4 loop; Regen 4 loop; Shield 4 loop,FxStatus,no
Fx,FxStatusJungle,"Status icons, jungle theme",12x12,24,Slow 4 loop; Burn 4 loop; Poison 4 loop; Shock 4 loop; Regen 4 loop; Shield 4 loop,FxStatus,no
Fx,FxStatusMedieval,"Status icons, medieval theme",12x12,24,Slow 4 loop; Burn 4 loop; Poison 4 loop; Shock 4 loop; Regen 4 loop; Shield 4 loop,FxStatus,no
Fx,FxStatusMilitary,"Status icons, military theme",12x12,24,Slow 4 loop; Burn 4 loop; Poison 4 loop; Shock 4 loop; Regen 4 loop; Shield 4 loop,FxStatus,no
Fx,FxStatusNeon,"Status icons, neon theme",12x12,24,Slow 4 loop; Burn 4 loop; Poison 4 loop; Shock 4 loop; Regen 4 loop; Shield 4 loop,FxStatus,no
Fx,FxStatusNeonSpace,"Status icons, neonspace theme",12x12,24,Slow 4 loop; Burn 4 loop; Poison 4 loop; Shock 4 loop; Regen 4 loop; Shield 4 loop,FxStatus,no
Fx,FxStatusOverlay,Worn by an enemy while a status lasts,32x32,14,Burn 4 loop; Poison 4 loop; Web 2 loop; Honey 4 loop,,graybox
Fx,FxStatusOverlayCandy,"Worn by an enemy while a status lasts, candy theme",32x32,14,Burn 4 loop; Poison 4 loop; Web 2 loop; Honey 4 loop,FxStatusOverlay,no
Fx,FxStatusOverlayJungle,"Worn by an enemy while a status lasts, jungle theme",32x32,14,Burn 4 loop; Poison 4 loop; Web 2 loop; Honey 4 loop,FxStatusOverlay,no
Fx,FxStatusOverlayMedieval,"Worn by an enemy while a status lasts, medieval theme",32x32,14,Burn 4 loop; Poison 4 loop; Web 2 loop; Honey 4 loop,FxStatusOverlay,no
Fx,FxStatusOverlayMilitary,"Worn by an enemy while a status lasts, military theme",32x32,14,Burn 4 loop; Poison 4 loop; Web 2 loop; Honey 4 loop,FxStatusOverlay,no
Fx,FxStatusOverlayNeon,"Worn by an enemy while a status lasts, neon theme",32x32,14,Burn 4 loop; Poison 4 loop; Web 2 loop; Honey 4 loop,FxStatusOverlay,no
Fx,FxStatusOverlayNeonSpace,"Worn by an enemy while a status lasts, neonspace theme",32x32,14,Burn 4 loop; Poison 4 loop; Web 2 loop; Honey 4 loop,FxStatusOverlay,no
Fx,FxStatusOverlayPirate,"Worn by an enemy while a status lasts, pirate theme",32x32,14,Burn 4 loop; Poison 4 loop; Web 2 loop; Honey 4 loop,FxStatusOverlay,no
Fx,FxStatusOverlayRobot,"Worn by an enemy while a status lasts, robot theme",32x32,14,Burn 4 loop; Poison 4 loop; Web 2 loop; Honey 4 loop,FxStatusOverlay,no
Fx,FxStatusOverlaySamurai,"Worn by an enemy while a status lasts, samurai theme",32x32,14,Burn 4 loop; Poison 4 loop; Web 2 loop; Honey 4 loop,FxStatusOverlay,no
Fx,FxStatusOverlaySpace,"Worn by an enemy while a status lasts, space theme",32x32,14,Burn 4 loop; Poison 4 loop; Web 2 loop; Honey 4 loop,FxStatusOverlay,no
Fx,FxStatusOverlaySpooky,"Worn by an enemy while a status lasts, spooky theme",32x32,14,Burn 4 loop; Poison 4 loop; Web 2 loop; Honey 4 loop,FxStatusOverlay,no
Fx,FxStatusOverlaySteampunk,"Worn by an enemy while a status lasts, steampunk theme",32x32,14,Burn 4 loop; Poison 4 loop; Web 2 loop; Honey 4 loop,FxStatusOverlay,no
Fx,FxStatusOverlayVaporwave,"Worn by an enemy while a status lasts, vaporwave theme",32x32,14,Burn 4 loop; Poison 4 loop; Web 2 loop; Honey 4 loop,FxStatusOverlay,no
Fx,FxStatusPirate,"Status icons, pirate theme",12x12,24,Slow 4 loop; Burn 4 loop; Poison 4 loop; Shock 4 loop; Regen 4 loop; Shield 4 loop,FxStatus,no
Fx,FxStatusRobot,"Status icons, robot theme",12x12,24,Slow 4 loop; Burn 4 loop; Poison 4 loop; Shock 4 loop; Regen 4 loop; Shield 4 loop,FxStatus,no
Fx,FxStatusSamurai,"Status icons, samurai theme",12x12,24,Slow 4 loop; Burn 4 loop; Poison 4 loop; Shock 4 loop; Regen 4 loop; Shield 4 loop,FxStatus,no
Fx,FxStatusSpace,"Status icons, space theme",12x12,24,Slow 4 loop; Burn 4 loop; Poison 4 loop; Shock 4 loop; Regen 4 loop; Shield 4 loop,FxStatus,no
Fx,FxStatusSpooky,"Status icons, spooky theme",12x12,24,Slow 4 loop; Burn 4 loop; Poison 4 loop; Shock 4 loop; Regen 4 loop; Shield 4 loop,FxStatus,no
Fx,FxStatusSteampunk,"Status icons, steampunk theme",12x12,24,Slow 4 loop; Burn 4 loop; Poison 4 loop; Shock 4 loop; Regen 4 loop; Shield 4 loop,FxStatus,no
Fx,FxStatusVaporwave,"Status icons, vaporwave theme",12x12,24,Slow 4 loop; Burn 4 loop; Poison 4 loop; Shock 4 loop; Regen 4 loop; Shield 4 loop,FxStatus,no
Fx,FxTier,Upgrade tiers,32x32,8,Tier2 4 loop; Tier3 4 loop,,graybox
Fx,FxTierCandy,"Upgrade tiers, candy theme",32x32,8,Tier2 4 loop; Tier3 4 loop,FxTier,no
Fx,FxTierJungle,"Upgrade tiers, jungle theme",32x32,8,Tier2 4 loop; Tier3 4 loop,FxTier,no
Fx,FxTierMedieval,"Upgrade tiers, medieval theme",32x32,8,Tier2 4 loop; Tier3 4 loop,FxTier,no
Fx,FxTierMilitary,"Upgrade tiers, military theme",32x32,8,Tier2 4 loop; Tier3 4 loop,FxTier,no
Fx,FxTierNeon,"Upgrade tiers, neon theme",32x32,8,Tier2 4 loop; Tier3 4 loop,FxTier,no
Fx,FxTierNeonSpace,"Upgrade tiers, neonspace theme",32x32,8,Tier2 4 loop; Tier3 4 loop,FxTier,no
Fx,FxTierPirate,"Upgrade tiers, pirate theme",32x32,8,Tier2 4 loop; Tier3 4 loop,FxTier,no
Fx,FxTierRobot,"Upgrade tiers, robot theme",32x32,8,Tier2 4 loop; Tier3 4 loop,FxTier,no
Fx,FxTierSamurai,"Upgrade tiers, samurai theme",32x32,8,Tier2 4 loop; Tier3 4 loop,FxTier,no
Fx,FxTierSpace,"Upgrade tiers, space theme",32x32,8,Tier2 4 loop; Tier3 4 loop,FxTier,no
Fx,FxTierSpooky,"Upgrade tiers, spooky theme",32x32,8,Tier2 4 loop; Tier3 4 loop,FxTier,no
Fx,FxTierSteampunk,"Upgrade tiers, steampunk theme",32x32,8,Tier2 4 loop; Tier3 4 loop,FxTier,no
Fx,FxTierVaporwave,"Upgrade tiers, vaporwave theme",32x32,8,Tier2 4 loop; Tier3 4 loop,FxTier,no
Fx,FxTowerAffliction,"Worn over a tower: stunned, marked, webbed, cocooned, scalded",32x32,52,Stunned 6 loop; MarkLock 5 once; Marked 4 loop; WebWrap 5 once; Webbed 4 loop; WebBreak 5 once; CocoonWrap 6 once; Cocooned 6 loop; CocoonBreak 5 once; Scalded 6 loop,,graybox
Fx,FxTowerBeam,Dewdrop Lens extras,32x32,23,Trail 4 once; Miss 4 once; Muzzle 3 once; Charge 6 once; Hit2 3 once; Hit3 3 once,,graybox
Fx,FxTowerBeamCandy,"Dewdrop Lens extras, candy theme",32x32,23,Trail 4 once; Miss 4 once; Muzzle 3 once; Charge 6 once; Hit2 3 once; Hit3 3 once,FxTowerBeam,no
Fx,FxTowerBeamJungle,"Dewdrop Lens extras, jungle theme",32x32,23,Trail 4 once; Miss 4 once; Muzzle 3 once; Charge 6 once; Hit2 3 once; Hit3 3 once,FxTowerBeam,no
Fx,FxTowerBeamMedieval,"Dewdrop Lens extras, medieval theme",32x32,23,Trail 4 once; Miss 4 once; Muzzle 3 once; Charge 6 once; Hit2 3 once; Hit3 3 once,FxTowerBeam,no
Fx,FxTowerBeamMilitary,"Dewdrop Lens extras, military theme",32x32,23,Trail 4 once; Miss 4 once; Muzzle 3 once; Charge 6 once; Hit2 3 once; Hit3 3 once,FxTowerBeam,no
Fx,FxTowerBeamNeon,"Dewdrop Lens extras, neon theme",32x32,23,Trail 4 once; Miss 4 once; Muzzle 3 once; Charge 6 once; Hit2 3 once; Hit3 3 once,FxTowerBeam,no
Fx,FxTowerBeamNeonSpace,"Dewdrop Lens extras, neonspace theme",32x32,23,Trail 4 once; Miss 4 once; Muzzle 3 once; Charge 6 once; Hit2 3 once; Hit3 3 once,FxTowerBeam,no
Fx,FxTowerBeamPirate,"Dewdrop Lens extras, pirate theme",32x32,23,Trail 4 once; Miss 4 once; Muzzle 3 once; Charge 6 once; Hit2 3 once; Hit3 3 once,FxTowerBeam,no
Fx,FxTowerBeamRobot,"Dewdrop Lens extras, robot theme",32x32,23,Trail 4 once; Miss 4 once; Muzzle 3 once; Charge 6 once; Hit2 3 once; Hit3 3 once,FxTowerBeam,no
Fx,FxTowerBeamSamurai,"Dewdrop Lens extras, samurai theme",32x32,23,Trail 4 once; Miss 4 once; Muzzle 3 once; Charge 6 once; Hit2 3 once; Hit3 3 once,FxTowerBeam,no
Fx,FxTowerBeamSpace,"Dewdrop Lens extras, space theme",32x32,23,Trail 4 once; Miss 4 once; Muzzle 3 once; Charge 6 once; Hit2 3 once; Hit3 3 once,FxTowerBeam,no
Fx,FxTowerBeamSpooky,"Dewdrop Lens extras, spooky theme",32x32,23,Trail 4 once; Miss 4 once; Muzzle 3 once; Charge 6 once; Hit2 3 once; Hit3 3 once,FxTowerBeam,no
Fx,FxTowerBeamSteampunk,"Dewdrop Lens extras, steampunk theme",32x32,23,Trail 4 once; Miss 4 once; Muzzle 3 once; Charge 6 once; Hit2 3 once; Hit3 3 once,FxTowerBeam,no
Fx,FxTowerBeamVaporwave,"Dewdrop Lens extras, vaporwave theme",32x32,23,Trail 4 once; Miss 4 once; Muzzle 3 once; Charge 6 once; Hit2 3 once; Hit3 3 once,FxTowerBeam,no
Fx,FxTowerChain,Storm Ant extras,32x32,25,Trail 4 once; Miss 4 once; Muzzle 3 once; Charge 6 once; Hit2 4 once; Hit3 4 once,,graybox
Fx,FxTowerChainCandy,"Storm Ant extras, candy theme",32x32,25,Trail 4 once; Miss 4 once; Muzzle 3 once; Charge 6 once; Hit2 4 once; Hit3 4 once,FxTowerChain,no
Fx,FxTowerChainJungle,"Storm Ant extras, jungle theme",32x32,25,Trail 4 once; Miss 4 once; Muzzle 3 once; Charge 6 once; Hit2 4 once; Hit3 4 once,FxTowerChain,no
Fx,FxTowerChainMedieval,"Storm Ant extras, medieval theme",32x32,25,Trail 4 once; Miss 4 once; Muzzle 3 once; Charge 6 once; Hit2 4 once; Hit3 4 once,FxTowerChain,no
Fx,FxTowerChainMilitary,"Storm Ant extras, military theme",32x32,25,Trail 4 once; Miss 4 once; Muzzle 3 once; Charge 6 once; Hit2 4 once; Hit3 4 once,FxTowerChain,no
Fx,FxTowerChainNeon,"Storm Ant extras, neon theme",32x32,25,Trail 4 once; Miss 4 once; Muzzle 3 once; Charge 6 once; Hit2 4 once; Hit3 4 once,FxTowerChain,no
Fx,FxTowerChainNeonSpace,"Storm Ant extras, neonspace theme",32x32,25,Trail 4 once; Miss 4 once; Muzzle 3 once; Charge 6 once; Hit2 4 once; Hit3 4 once,FxTowerChain,no
Fx,FxTowerChainPirate,"Storm Ant extras, pirate theme",32x32,25,Trail 4 once; Miss 4 once; Muzzle 3 once; Charge 6 once; Hit2 4 once; Hit3 4 once,FxTowerChain,no
Fx,FxTowerChainRobot,"Storm Ant extras, robot theme",32x32,25,Trail 4 once; Miss 4 once; Muzzle 3 once; Charge 6 once; Hit2 4 once; Hit3 4 once,FxTowerChain,no
Fx,FxTowerChainSamurai,"Storm Ant extras, samurai theme",32x32,25,Trail 4 once; Miss 4 once; Muzzle 3 once; Charge 6 once; Hit2 4 once; Hit3 4 once,FxTowerChain,no
Fx,FxTowerChainSpace,"Storm Ant extras, space theme",32x32,25,Trail 4 once; Miss 4 once; Muzzle 3 once; Charge 6 once; Hit2 4 once; Hit3 4 once,FxTowerChain,no
Fx,FxTowerChainSpooky,"Storm Ant extras, spooky theme",32x32,25,Trail 4 once; Miss 4 once; Muzzle 3 once; Charge 6 once; Hit2 4 once; Hit3 4 once,FxTowerChain,no
Fx,FxTowerChainSteampunk,"Storm Ant extras, steampunk theme",32x32,25,Trail 4 once; Miss 4 once; Muzzle 3 once; Charge 6 once; Hit2 4 once; Hit3 4 once,FxTowerChain,no
Fx,FxTowerChainVaporwave,"Storm Ant extras, vaporwave theme",32x32,25,Trail 4 once; Miss 4 once; Muzzle 3 once; Charge 6 once; Hit2 4 once; Hit3 4 once,FxTowerChain,no
Fx,FxTowerFrostAura,Frost Ant extras,32x32,31,Trail 4 once; Miss 4 once; Muzzle 3 once; Charge 6 once; Freeze 4 loop; Hit2 5 once; Hit3 5 once,,graybox
Fx,FxTowerFrostAuraCandy,"Frost Ant extras, candy theme",32x32,31,Trail 4 once; Miss 4 once; Muzzle 3 once; Charge 6 once; Freeze 4 loop; Hit2 5 once; Hit3 5 once,FxTowerFrostAura,no
Fx,FxTowerFrostAuraJungle,"Frost Ant extras, jungle theme",32x32,31,Trail 4 once; Miss 4 once; Muzzle 3 once; Charge 6 once; Freeze 4 loop; Hit2 5 once; Hit3 5 once,FxTowerFrostAura,no
Fx,FxTowerFrostAuraMedieval,"Frost Ant extras, medieval theme",32x32,31,Trail 4 once; Miss 4 once; Muzzle 3 once; Charge 6 once; Freeze 4 loop; Hit2 5 once; Hit3 5 once,FxTowerFrostAura,no
Fx,FxTowerFrostAuraMilitary,"Frost Ant extras, military theme",32x32,31,Trail 4 once; Miss 4 once; Muzzle 3 once; Charge 6 once; Freeze 4 loop; Hit2 5 once; Hit3 5 once,FxTowerFrostAura,no
Fx,FxTowerFrostAuraNeon,"Frost Ant extras, neon theme",32x32,31,Trail 4 once; Miss 4 once; Muzzle 3 once; Charge 6 once; Freeze 4 loop; Hit2 5 once; Hit3 5 once,FxTowerFrostAura,no
Fx,FxTowerFrostAuraNeonSpace,"Frost Ant extras, neonspace theme",32x32,31,Trail 4 once; Miss 4 once; Muzzle 3 once; Charge 6 once; Freeze 4 loop; Hit2 5 once; Hit3 5 once,FxTowerFrostAura,no
Fx,FxTowerFrostAuraPirate,"Frost Ant extras, pirate theme",32x32,31,Trail 4 once; Miss 4 once; Muzzle 3 once; Charge 6 once; Freeze 4 loop; Hit2 5 once; Hit3 5 once,FxTowerFrostAura,no
Fx,FxTowerFrostAuraRobot,"Frost Ant extras, robot theme",32x32,31,Trail 4 once; Miss 4 once; Muzzle 3 once; Charge 6 once; Freeze 4 loop; Hit2 5 once; Hit3 5 once,FxTowerFrostAura,no
Fx,FxTowerFrostAuraSamurai,"Frost Ant extras, samurai theme",32x32,31,Trail 4 once; Miss 4 once; Muzzle 3 once; Charge 6 once; Freeze 4 loop; Hit2 5 once; Hit3 5 once,FxTowerFrostAura,no
Fx,FxTowerFrostAuraSpace,"Frost Ant extras, space theme",32x32,31,Trail 4 once; Miss 4 once; Muzzle 3 once; Charge 6 once; Freeze 4 loop; Hit2 5 once; Hit3 5 once,FxTowerFrostAura,no
Fx,FxTowerFrostAuraSpooky,"Frost Ant extras, spooky theme",32x32,31,Trail 4 once; Miss 4 once; Muzzle 3 once; Charge 6 once; Freeze 4 loop; Hit2 5 once; Hit3 5 once,FxTowerFrostAura,no
Fx,FxTowerFrostAuraSteampunk,"Frost Ant extras, steampunk theme",32x32,31,Trail 4 once; Miss 4 once; Muzzle 3 once; Charge 6 once; Freeze 4 loop; Hit2 5 once; Hit3 5 once,FxTowerFrostAura,no
Fx,FxTowerFrostAuraVaporwave,"Frost Ant extras, vaporwave theme",32x32,31,Trail 4 once; Miss 4 once; Muzzle 3 once; Charge 6 once; Freeze 4 loop; Hit2 5 once; Hit3 5 once,FxTowerFrostAura,no
Fx,FxTowerFungusFarmer,FungusFarmer shot,32x32,38,Fly 4 loop; Trail 4 once; Hit 5 once; Miss 4 once; Muzzle 3 once; Fly2 4 loop; Fly3 4 loop; Hit2 5 once; Hit3 5 once,,no
Fx,FxTowerFungusFarmerCandy,"FungusFarmer shot, candy theme",32x32,38,Fly 4 loop; Trail 4 once; Hit 5 once; Miss 4 once; Muzzle 3 once; Fly2 4 loop; Fly3 4 loop; Hit2 5 once; Hit3 5 once,FxTowerFungusFarmer,no
Fx,FxTowerFungusFarmerJungle,"FungusFarmer shot, jungle theme",32x32,38,Fly 4 loop; Trail 4 once; Hit 5 once; Miss 4 once; Muzzle 3 once; Fly2 4 loop; Fly3 4 loop; Hit2 5 once; Hit3 5 once,FxTowerFungusFarmer,no
Fx,FxTowerFungusFarmerMedieval,"FungusFarmer shot, medieval theme",32x32,38,Fly 4 loop; Trail 4 once; Hit 5 once; Miss 4 once; Muzzle 3 once; Fly2 4 loop; Fly3 4 loop; Hit2 5 once; Hit3 5 once,FxTowerFungusFarmer,no
Fx,FxTowerFungusFarmerMilitary,"FungusFarmer shot, military theme",32x32,38,Fly 4 loop; Trail 4 once; Hit 5 once; Miss 4 once; Muzzle 3 once; Fly2 4 loop; Fly3 4 loop; Hit2 5 once; Hit3 5 once,FxTowerFungusFarmer,no
Fx,FxTowerFungusFarmerNeon,"FungusFarmer shot, neon theme",32x32,38,Fly 4 loop; Trail 4 once; Hit 5 once; Miss 4 once; Muzzle 3 once; Fly2 4 loop; Fly3 4 loop; Hit2 5 once; Hit3 5 once,FxTowerFungusFarmer,no
Fx,FxTowerFungusFarmerNeonSpace,"FungusFarmer shot, neonspace theme",32x32,38,Fly 4 loop; Trail 4 once; Hit 5 once; Miss 4 once; Muzzle 3 once; Fly2 4 loop; Fly3 4 loop; Hit2 5 once; Hit3 5 once,FxTowerFungusFarmer,no
Fx,FxTowerFungusFarmerPirate,"FungusFarmer shot, pirate theme",32x32,38,Fly 4 loop; Trail 4 once; Hit 5 once; Miss 4 once; Muzzle 3 once; Fly2 4 loop; Fly3 4 loop; Hit2 5 once; Hit3 5 once,FxTowerFungusFarmer,no
Fx,FxTowerFungusFarmerRobot,"FungusFarmer shot, robot theme",32x32,38,Fly 4 loop; Trail 4 once; Hit 5 once; Miss 4 once; Muzzle 3 once; Fly2 4 loop; Fly3 4 loop; Hit2 5 once; Hit3 5 once,FxTowerFungusFarmer,no
Fx,FxTowerFungusFarmerSamurai,"FungusFarmer shot, samurai theme",32x32,38,Fly 4 loop; Trail 4 once; Hit 5 once; Miss 4 once; Muzzle 3 once; Fly2 4 loop; Fly3 4 loop; Hit2 5 once; Hit3 5 once,FxTowerFungusFarmer,no
Fx,FxTowerFungusFarmerSpace,"FungusFarmer shot, space theme",32x32,38,Fly 4 loop; Trail 4 once; Hit 5 once; Miss 4 once; Muzzle 3 once; Fly2 4 loop; Fly3 4 loop; Hit2 5 once; Hit3 5 once,FxTowerFungusFarmer,no
Fx,FxTowerFungusFarmerSpooky,"FungusFarmer shot, spooky theme",32x32,38,Fly 4 loop; Trail 4 once; Hit 5 once; Miss 4 once; Muzzle 3 once; Fly2 4 loop; Fly3 4 loop; Hit2 5 once; Hit3 5 once,FxTowerFungusFarmer,no
Fx,FxTowerFungusFarmerSteampunk,"FungusFarmer shot, steampunk theme",32x32,38,Fly 4 loop; Trail 4 once; Hit 5 once; Miss 4 once; Muzzle 3 once; Fly2 4 loop; Fly3 4 loop; Hit2 5 once; Hit3 5 once,FxTowerFungusFarmer,no
Fx,FxTowerFungusFarmerVaporwave,"FungusFarmer shot, vaporwave theme",32x32,38,Fly 4 loop; Trail 4 once; Hit 5 once; Miss 4 once; Muzzle 3 once; Fly2 4 loop; Fly3 4 loop; Hit2 5 once; Hit3 5 once,FxTowerFungusFarmer,no
Fx,FxTowerHoming,Seeker extras,32x32,23,Trail 4 once; Miss 4 once; Muzzle 3 once; Fly2 2 loop; Fly3 2 loop; Hit2 4 once; Hit3 4 once,,graybox
Fx,FxTowerHomingCandy,"Seeker extras, candy theme",32x32,23,Trail 4 once; Miss 4 once; Muzzle 3 once; Fly2 2 loop; Fly3 2 loop; Hit2 4 once; Hit3 4 once,FxTowerHoming,no
Fx,FxTowerHomingJungle,"Seeker extras, jungle theme",32x32,23,Trail 4 once; Miss 4 once; Muzzle 3 once; Fly2 2 loop; Fly3 2 loop; Hit2 4 once; Hit3 4 once,FxTowerHoming,no
Fx,FxTowerHomingMedieval,"Seeker extras, medieval theme",32x32,23,Trail 4 once; Miss 4 once; Muzzle 3 once; Fly2 2 loop; Fly3 2 loop; Hit2 4 once; Hit3 4 once,FxTowerHoming,no
Fx,FxTowerHomingMilitary,"Seeker extras, military theme",32x32,23,Trail 4 once; Miss 4 once; Muzzle 3 once; Fly2 2 loop; Fly3 2 loop; Hit2 4 once; Hit3 4 once,FxTowerHoming,no
Fx,FxTowerHomingNeon,"Seeker extras, neon theme",32x32,23,Trail 4 once; Miss 4 once; Muzzle 3 once; Fly2 2 loop; Fly3 2 loop; Hit2 4 once; Hit3 4 once,FxTowerHoming,no
Fx,FxTowerHomingNeonSpace,"Seeker extras, neonspace theme",32x32,23,Trail 4 once; Miss 4 once; Muzzle 3 once; Fly2 2 loop; Fly3 2 loop; Hit2 4 once; Hit3 4 once,FxTowerHoming,no
Fx,FxTowerHomingPirate,"Seeker extras, pirate theme",32x32,23,Trail 4 once; Miss 4 once; Muzzle 3 once; Fly2 2 loop; Fly3 2 loop; Hit2 4 once; Hit3 4 once,FxTowerHoming,no
Fx,FxTowerHomingRobot,"Seeker extras, robot theme",32x32,23,Trail 4 once; Miss 4 once; Muzzle 3 once; Fly2 2 loop; Fly3 2 loop; Hit2 4 once; Hit3 4 once,FxTowerHoming,no
Fx,FxTowerHomingSamurai,"Seeker extras, samurai theme",32x32,23,Trail 4 once; Miss 4 once; Muzzle 3 once; Fly2 2 loop; Fly3 2 loop; Hit2 4 once; Hit3 4 once,FxTowerHoming,no
Fx,FxTowerHomingSpace,"Seeker extras, space theme",32x32,23,Trail 4 once; Miss 4 once; Muzzle 3 once; Fly2 2 loop; Fly3 2 loop; Hit2 4 once; Hit3 4 once,FxTowerHoming,no
Fx,FxTowerHomingSpooky,"Seeker extras, spooky theme",32x32,23,Trail 4 once; Miss 4 once; Muzzle 3 once; Fly2 2 loop; Fly3 2 loop; Hit2 4 once; Hit3 4 once,FxTowerHoming,no
Fx,FxTowerHomingSteampunk,"Seeker extras, steampunk theme",32x32,23,Trail 4 once; Miss 4 once; Muzzle 3 once; Fly2 2 loop; Fly3 2 loop; Hit2 4 once; Hit3 4 once,FxTowerHoming,no
Fx,FxTowerHomingVaporwave,"Seeker extras, vaporwave theme",32x32,23,Trail 4 once; Miss 4 once; Muzzle 3 once; Fly2 2 loop; Fly3 2 loop; Hit2 4 once; Hit3 4 once,FxTowerHoming,no
Fx,FxTowerHoneypot,Honeypot shot,32x32,38,Fly 4 loop; Trail 4 once; Hit 5 once; Miss 4 once; Muzzle 3 once; Fly2 4 loop; Fly3 4 loop; Hit2 5 once; Hit3 5 once,,no
Fx,FxTowerHoneypotCandy,"Honeypot shot, candy theme",32x32,38,Fly 4 loop; Trail 4 once; Hit 5 once; Miss 4 once; Muzzle 3 once; Fly2 4 loop; Fly3 4 loop; Hit2 5 once; Hit3 5 once,FxTowerHoneypot,no
Fx,FxTowerHoneypotJungle,"Honeypot shot, jungle theme",32x32,38,Fly 4 loop; Trail 4 once; Hit 5 once; Miss 4 once; Muzzle 3 once; Fly2 4 loop; Fly3 4 loop; Hit2 5 once; Hit3 5 once,FxTowerHoneypot,no
Fx,FxTowerHoneypotMedieval,"Honeypot shot, medieval theme",32x32,38,Fly 4 loop; Trail 4 once; Hit 5 once; Miss 4 once; Muzzle 3 once; Fly2 4 loop; Fly3 4 loop; Hit2 5 once; Hit3 5 once,FxTowerHoneypot,no
Fx,FxTowerHoneypotMilitary,"Honeypot shot, military theme",32x32,38,Fly 4 loop; Trail 4 once; Hit 5 once; Miss 4 once; Muzzle 3 once; Fly2 4 loop; Fly3 4 loop; Hit2 5 once; Hit3 5 once,FxTowerHoneypot,no
Fx,FxTowerHoneypotNeon,"Honeypot shot, neon theme",32x32,38,Fly 4 loop; Trail 4 once; Hit 5 once; Miss 4 once; Muzzle 3 once; Fly2 4 loop; Fly3 4 loop; Hit2 5 once; Hit3 5 once,FxTowerHoneypot,no
Fx,FxTowerHoneypotNeonSpace,"Honeypot shot, neonspace theme",32x32,38,Fly 4 loop; Trail 4 once; Hit 5 once; Miss 4 once; Muzzle 3 once; Fly2 4 loop; Fly3 4 loop; Hit2 5 once; Hit3 5 once,FxTowerHoneypot,no
Fx,FxTowerHoneypotPirate,"Honeypot shot, pirate theme",32x32,38,Fly 4 loop; Trail 4 once; Hit 5 once; Miss 4 once; Muzzle 3 once; Fly2 4 loop; Fly3 4 loop; Hit2 5 once; Hit3 5 once,FxTowerHoneypot,no
Fx,FxTowerHoneypotRobot,"Honeypot shot, robot theme",32x32,38,Fly 4 loop; Trail 4 once; Hit 5 once; Miss 4 once; Muzzle 3 once; Fly2 4 loop; Fly3 4 loop; Hit2 5 once; Hit3 5 once,FxTowerHoneypot,no
Fx,FxTowerHoneypotSamurai,"Honeypot shot, samurai theme",32x32,38,Fly 4 loop; Trail 4 once; Hit 5 once; Miss 4 once; Muzzle 3 once; Fly2 4 loop; Fly3 4 loop; Hit2 5 once; Hit3 5 once,FxTowerHoneypot,no
Fx,FxTowerHoneypotSpace,"Honeypot shot, space theme",32x32,38,Fly 4 loop; Trail 4 once; Hit 5 once; Miss 4 once; Muzzle 3 once; Fly2 4 loop; Fly3 4 loop; Hit2 5 once; Hit3 5 once,FxTowerHoneypot,no
Fx,FxTowerHoneypotSpooky,"Honeypot shot, spooky theme",32x32,38,Fly 4 loop; Trail 4 once; Hit 5 once; Miss 4 once; Muzzle 3 once; Fly2 4 loop; Fly3 4 loop; Hit2 5 once; Hit3 5 once,FxTowerHoneypot,no
Fx,FxTowerHoneypotSteampunk,"Honeypot shot, steampunk theme",32x32,38,Fly 4 loop; Trail 4 once; Hit 5 once; Miss 4 once; Muzzle 3 once; Fly2 4 loop; Fly3 4 loop; Hit2 5 once; Hit3 5 once,FxTowerHoneypot,no
Fx,FxTowerHoneypotVaporwave,"Honeypot shot, vaporwave theme",32x32,38,Fly 4 loop; Trail 4 once; Hit 5 once; Miss 4 once; Muzzle 3 once; Fly2 4 loop; Fly3 4 loop; Hit2 5 once; Hit3 5 once,FxTowerHoneypot,no
Fx,FxTowerKnockback,Kicker extras,32x32,33,Trail 4 once; Miss 4 once; Muzzle 3 once; Charge 6 once; Crack 6 once; Hit2 5 once; Hit3 5 once,,graybox
Fx,FxTowerKnockbackCandy,"Kicker extras, candy theme",32x32,33,Trail 4 once; Miss 4 once; Muzzle 3 once; Charge 6 once; Crack 6 once; Hit2 5 once; Hit3 5 once,FxTowerKnockback,no
Fx,FxTowerKnockbackJungle,"Kicker extras, jungle theme",32x32,33,Trail 4 once; Miss 4 once; Muzzle 3 once; Charge 6 once; Crack 6 once; Hit2 5 once; Hit3 5 once,FxTowerKnockback,no
Fx,FxTowerKnockbackMedieval,"Kicker extras, medieval theme",32x32,33,Trail 4 once; Miss 4 once; Muzzle 3 once; Charge 6 once; Crack 6 once; Hit2 5 once; Hit3 5 once,FxTowerKnockback,no
Fx,FxTowerKnockbackMilitary,"Kicker extras, military theme",32x32,33,Trail 4 once; Miss 4 once; Muzzle 3 once; Charge 6 once; Crack 6 once; Hit2 5 once; Hit3 5 once,FxTowerKnockback,no
Fx,FxTowerKnockbackNeon,"Kicker extras, neon theme",32x32,33,Trail 4 once; Miss 4 once; Muzzle 3 once; Charge 6 once; Crack 6 once; Hit2 5 once; Hit3 5 once,FxTowerKnockback,no
Fx,FxTowerKnockbackNeonSpace,"Kicker extras, neonspace theme",32x32,33,Trail 4 once; Miss 4 once; Muzzle 3 once; Charge 6 once; Crack 6 once; Hit2 5 once; Hit3 5 once,FxTowerKnockback,no
Fx,FxTowerKnockbackPirate,"Kicker extras, pirate theme",32x32,33,Trail 4 once; Miss 4 once; Muzzle 3 once; Charge 6 once; Crack 6 once; Hit2 5 once; Hit3 5 once,FxTowerKnockback,no
Fx,FxTowerKnockbackRobot,"Kicker extras, robot theme",32x32,33,Trail 4 once; Miss 4 once; Muzzle 3 once; Charge 6 once; Crack 6 once; Hit2 5 once; Hit3 5 once,FxTowerKnockback,no
Fx,FxTowerKnockbackSamurai,"Kicker extras, samurai theme",32x32,33,Trail 4 once; Miss 4 once; Muzzle 3 once; Charge 6 once; Crack 6 once; Hit2 5 once; Hit3 5 once,FxTowerKnockback,no
Fx,FxTowerKnockbackSpace,"Kicker extras, space theme",32x32,33,Trail 4 once; Miss 4 once; Muzzle 3 once; Charge 6 once; Crack 6 once; Hit2 5 once; Hit3 5 once,FxTowerKnockback,no
Fx,FxTowerKnockbackSpooky,"Kicker extras, spooky theme",32x32,33,Trail 4 once; Miss 4 once; Muzzle 3 once; Charge 6 once; Crack 6 once; Hit2 5 once; Hit3 5 once,FxTowerKnockback,no
Fx,FxTowerKnockbackSteampunk,"Kicker extras, steampunk theme",32x32,33,Trail 4 once; Miss 4 once; Muzzle 3 once; Charge 6 once; Crack 6 once; Hit2 5 once; Hit3 5 once,FxTowerKnockback,no
Fx,FxTowerKnockbackVaporwave,"Kicker extras, vaporwave theme",32x32,33,Trail 4 once; Miss 4 once; Muzzle 3 once; Charge 6 once; Crack 6 once; Hit2 5 once; Hit3 5 once,FxTowerKnockback,no
Fx,FxTowerLinear,Spitter extras,32x32,29,Trail 4 once; Miss 4 once; Muzzle 3 once; Fly2 4 loop; Fly3 4 loop; Hit2 5 once; Hit3 5 once,,graybox
Fx,FxTowerLinearCandy,"Spitter extras, candy theme",32x32,29,Trail 4 once; Miss 4 once; Muzzle 3 once; Fly2 4 loop; Fly3 4 loop; Hit2 5 once; Hit3 5 once,FxTowerLinear,no
Fx,FxTowerLinearJungle,"Spitter extras, jungle theme",32x32,29,Trail 4 once; Miss 4 once; Muzzle 3 once; Fly2 4 loop; Fly3 4 loop; Hit2 5 once; Hit3 5 once,FxTowerLinear,no
Fx,FxTowerLinearMedieval,"Spitter extras, medieval theme",32x32,29,Trail 4 once; Miss 4 once; Muzzle 3 once; Fly2 4 loop; Fly3 4 loop; Hit2 5 once; Hit3 5 once,FxTowerLinear,no
Fx,FxTowerLinearMilitary,"Spitter extras, military theme",32x32,29,Trail 4 once; Miss 4 once; Muzzle 3 once; Fly2 4 loop; Fly3 4 loop; Hit2 5 once; Hit3 5 once,FxTowerLinear,no
Fx,FxTowerLinearNeon,"Spitter extras, neon theme",32x32,29,Trail 4 once; Miss 4 once; Muzzle 3 once; Fly2 4 loop; Fly3 4 loop; Hit2 5 once; Hit3 5 once,FxTowerLinear,no
Fx,FxTowerLinearNeonSpace,"Spitter extras, neonspace theme",32x32,29,Trail 4 once; Miss 4 once; Muzzle 3 once; Fly2 4 loop; Fly3 4 loop; Hit2 5 once; Hit3 5 once,FxTowerLinear,no
Fx,FxTowerLinearPirate,"Spitter extras, pirate theme",32x32,29,Trail 4 once; Miss 4 once; Muzzle 3 once; Fly2 4 loop; Fly3 4 loop; Hit2 5 once; Hit3 5 once,FxTowerLinear,no
Fx,FxTowerLinearRobot,"Spitter extras, robot theme",32x32,29,Trail 4 once; Miss 4 once; Muzzle 3 once; Fly2 4 loop; Fly3 4 loop; Hit2 5 once; Hit3 5 once,FxTowerLinear,no
Fx,FxTowerLinearSamurai,"Spitter extras, samurai theme",32x32,29,Trail 4 once; Miss 4 once; Muzzle 3 once; Fly2 4 loop; Fly3 4 loop; Hit2 5 once; Hit3 5 once,FxTowerLinear,no
Fx,FxTowerLinearSpace,"Spitter extras, space theme",32x32,29,Trail 4 once; Miss 4 once; Muzzle 3 once; Fly2 4 loop; Fly3 4 loop; Hit2 5 once; Hit3 5 once,FxTowerLinear,no
Fx,FxTowerLinearSpooky,"Spitter extras, spooky theme",32x32,29,Trail 4 once; Miss 4 once; Muzzle 3 once; Fly2 4 loop; Fly3 4 loop; Hit2 5 once; Hit3 5 once,FxTowerLinear,no
Fx,FxTowerLinearSteampunk,"Spitter extras, steampunk theme",32x32,29,Trail 4 once; Miss 4 once; Muzzle 3 once; Fly2 4 loop; Fly3 4 loop; Hit2 5 once; Hit3 5 once,FxTowerLinear,no
Fx,FxTowerLinearVaporwave,"Spitter extras, vaporwave theme",32x32,29,Trail 4 once; Miss 4 once; Muzzle 3 once; Fly2 4 loop; Fly3 4 loop; Hit2 5 once; Hit3 5 once,FxTowerLinear,no
Fx,FxTowerMineLayer,Sapper extras,32x32,25,Trail 4 once; Miss 4 once; Muzzle 3 once; Lay 4 once; Hit2 5 once; Hit3 5 once,,graybox
Fx,FxTowerMineLayerCandy,"Sapper extras, candy theme",32x32,25,Trail 4 once; Miss 4 once; Muzzle 3 once; Lay 4 once; Hit2 5 once; Hit3 5 once,FxTowerMineLayer,no
Fx,FxTowerMineLayerJungle,"Sapper extras, jungle theme",32x32,25,Trail 4 once; Miss 4 once; Muzzle 3 once; Lay 4 once; Hit2 5 once; Hit3 5 once,FxTowerMineLayer,no
Fx,FxTowerMineLayerMedieval,"Sapper extras, medieval theme",32x32,25,Trail 4 once; Miss 4 once; Muzzle 3 once; Lay 4 once; Hit2 5 once; Hit3 5 once,FxTowerMineLayer,no
Fx,FxTowerMineLayerMilitary,"Sapper extras, military theme",32x32,25,Trail 4 once; Miss 4 once; Muzzle 3 once; Lay 4 once; Hit2 5 once; Hit3 5 once,FxTowerMineLayer,no
Fx,FxTowerMineLayerNeon,"Sapper extras, neon theme",32x32,25,Trail 4 once; Miss 4 once; Muzzle 3 once; Lay 4 once; Hit2 5 once; Hit3 5 once,FxTowerMineLayer,no
Fx,FxTowerMineLayerNeonSpace,"Sapper extras, neonspace theme",32x32,25,Trail 4 once; Miss 4 once; Muzzle 3 once; Lay 4 once; Hit2 5 once; Hit3 5 once,FxTowerMineLayer,no
Fx,FxTowerMineLayerPirate,"Sapper extras, pirate theme",32x32,25,Trail 4 once; Miss 4 once; Muzzle 3 once; Lay 4 once; Hit2 5 once; Hit3 5 once,FxTowerMineLayer,no
Fx,FxTowerMineLayerRobot,"Sapper extras, robot theme",32x32,25,Trail 4 once; Miss 4 once; Muzzle 3 once; Lay 4 once; Hit2 5 once; Hit3 5 once,FxTowerMineLayer,no
Fx,FxTowerMineLayerSamurai,"Sapper extras, samurai theme",32x32,25,Trail 4 once; Miss 4 once; Muzzle 3 once; Lay 4 once; Hit2 5 once; Hit3 5 once,FxTowerMineLayer,no
Fx,FxTowerMineLayerSpace,"Sapper extras, space theme",32x32,25,Trail 4 once; Miss 4 once; Muzzle 3 once; Lay 4 once; Hit2 5 once; Hit3 5 once,FxTowerMineLayer,no
Fx,FxTowerMineLayerSpooky,"Sapper extras, spooky theme",32x32,25,Trail 4 once; Miss 4 once; Muzzle 3 once; Lay 4 once; Hit2 5 once; Hit3 5 once,FxTowerMineLayer,no
Fx,FxTowerMineLayerSteampunk,"Sapper extras, steampunk theme",32x32,25,Trail 4 once; Miss 4 once; Muzzle 3 once; Lay 4 once; Hit2 5 once; Hit3 5 once,FxTowerMineLayer,no
Fx,FxTowerMineLayerVaporwave,"Sapper extras, vaporwave theme",32x32,25,Trail 4 once; Miss 4 once; Muzzle 3 once; Lay 4 once; Hit2 5 once; Hit3 5 once,FxTowerMineLayer,no
Fx,FxTowerMortar,Bombardier extras,32x32,35,Trail 4 once; Miss 4 once; Muzzle 3 once; Charge 6 once; Fly2 4 loop; Fly3 4 loop; Hit2 5 once; Hit3 5 once,,graybox
Fx,FxTowerMortarCandy,"Bombardier extras, candy theme",32x32,35,Trail 4 once; Miss 4 once; Muzzle 3 once; Charge 6 once; Fly2 4 loop; Fly3 4 loop; Hit2 5 once; Hit3 5 once,FxTowerMortar,no
Fx,FxTowerMortarJungle,"Bombardier extras, jungle theme",32x32,35,Trail 4 once; Miss 4 once; Muzzle 3 once; Charge 6 once; Fly2 4 loop; Fly3 4 loop; Hit2 5 once; Hit3 5 once,FxTowerMortar,no
Fx,FxTowerMortarMedieval,"Bombardier extras, medieval theme",32x32,35,Trail 4 once; Miss 4 once; Muzzle 3 once; Charge 6 once; Fly2 4 loop; Fly3 4 loop; Hit2 5 once; Hit3 5 once,FxTowerMortar,no
Fx,FxTowerMortarMilitary,"Bombardier extras, military theme",32x32,35,Trail 4 once; Miss 4 once; Muzzle 3 once; Charge 6 once; Fly2 4 loop; Fly3 4 loop; Hit2 5 once; Hit3 5 once,FxTowerMortar,no
Fx,FxTowerMortarNeon,"Bombardier extras, neon theme",32x32,35,Trail 4 once; Miss 4 once; Muzzle 3 once; Charge 6 once; Fly2 4 loop; Fly3 4 loop; Hit2 5 once; Hit3 5 once,FxTowerMortar,no
Fx,FxTowerMortarNeonSpace,"Bombardier extras, neonspace theme",32x32,35,Trail 4 once; Miss 4 once; Muzzle 3 once; Charge 6 once; Fly2 4 loop; Fly3 4 loop; Hit2 5 once; Hit3 5 once,FxTowerMortar,no
Fx,FxTowerMortarPirate,"Bombardier extras, pirate theme",32x32,35,Trail 4 once; Miss 4 once; Muzzle 3 once; Charge 6 once; Fly2 4 loop; Fly3 4 loop; Hit2 5 once; Hit3 5 once,FxTowerMortar,no
Fx,FxTowerMortarRobot,"Bombardier extras, robot theme",32x32,35,Trail 4 once; Miss 4 once; Muzzle 3 once; Charge 6 once; Fly2 4 loop; Fly3 4 loop; Hit2 5 once; Hit3 5 once,FxTowerMortar,no
Fx,FxTowerMortarSamurai,"Bombardier extras, samurai theme",32x32,35,Trail 4 once; Miss 4 once; Muzzle 3 once; Charge 6 once; Fly2 4 loop; Fly3 4 loop; Hit2 5 once; Hit3 5 once,FxTowerMortar,no
Fx,FxTowerMortarSpace,"Bombardier extras, space theme",32x32,35,Trail 4 once; Miss 4 once; Muzzle 3 once; Charge 6 once; Fly2 4 loop; Fly3 4 loop; Hit2 5 once; Hit3 5 once,FxTowerMortar,no
Fx,FxTowerMortarSpooky,"Bombardier extras, spooky theme",32x32,35,Trail 4 once; Miss 4 once; Muzzle 3 once; Charge 6 once; Fly2 4 loop; Fly3 4 loop; Hit2 5 once; Hit3 5 once,FxTowerMortar,no
Fx,FxTowerMortarSteampunk,"Bombardier extras, steampunk theme",32x32,35,Trail 4 once; Miss 4 once; Muzzle 3 once; Charge 6 once; Fly2 4 loop; Fly3 4 loop; Hit2 5 once; Hit3 5 once,FxTowerMortar,no
Fx,FxTowerMortarVaporwave,"Bombardier extras, vaporwave theme",32x32,35,Trail 4 once; Miss 4 once; Muzzle 3 once; Charge 6 once; Fly2 4 loop; Fly3 4 loop; Hit2 5 once; Hit3 5 once,FxTowerMortar,no
Fx,FxTowerOrbit,Swarm Nest extras,32x32,20,Trail 4 once; Miss 4 once; Muzzle 3 once; Bite 3 once; Hit2 3 once; Hit3 3 once,,graybox
Fx,FxTowerOrbitCandy,"Swarm Nest extras, candy theme",32x32,20,Trail 4 once; Miss 4 once; Muzzle 3 once; Bite 3 once; Hit2 3 once; Hit3 3 once,FxTowerOrbit,no
Fx,FxTowerOrbitJungle,"Swarm Nest extras, jungle theme",32x32,20,Trail 4 once; Miss 4 once; Muzzle 3 once; Bite 3 once; Hit2 3 once; Hit3 3 once,FxTowerOrbit,no
Fx,FxTowerOrbitMedieval,"Swarm Nest extras, medieval theme",32x32,20,Trail 4 once; Miss 4 once; Muzzle 3 once; Bite 3 once; Hit2 3 once; Hit3 3 once,FxTowerOrbit,no
Fx,FxTowerOrbitMilitary,"Swarm Nest extras, military theme",32x32,20,Trail 4 once; Miss 4 once; Muzzle 3 once; Bite 3 once; Hit2 3 once; Hit3 3 once,FxTowerOrbit,no
Fx,FxTowerOrbitNeon,"Swarm Nest extras, neon theme",32x32,20,Trail 4 once; Miss 4 once; Muzzle 3 once; Bite 3 once; Hit2 3 once; Hit3 3 once,FxTowerOrbit,no
Fx,FxTowerOrbitNeonSpace,"Swarm Nest extras, neonspace theme",32x32,20,Trail 4 once; Miss 4 once; Muzzle 3 once; Bite 3 once; Hit2 3 once; Hit3 3 once,FxTowerOrbit,no
Fx,FxTowerOrbitPirate,"Swarm Nest extras, pirate theme",32x32,20,Trail 4 once; Miss 4 once; Muzzle 3 once; Bite 3 once; Hit2 3 once; Hit3 3 once,FxTowerOrbit,no
Fx,FxTowerOrbitRobot,"Swarm Nest extras, robot theme",32x32,20,Trail 4 once; Miss 4 once; Muzzle 3 once; Bite 3 once; Hit2 3 once; Hit3 3 once,FxTowerOrbit,no
Fx,FxTowerOrbitSamurai,"Swarm Nest extras, samurai theme",32x32,20,Trail 4 once; Miss 4 once; Muzzle 3 once; Bite 3 once; Hit2 3 once; Hit3 3 once,FxTowerOrbit,no
Fx,FxTowerOrbitSpace,"Swarm Nest extras, space theme",32x32,20,Trail 4 once; Miss 4 once; Muzzle 3 once; Bite 3 once; Hit2 3 once; Hit3 3 once,FxTowerOrbit,no
Fx,FxTowerOrbitSpooky,"Swarm Nest extras, spooky theme",32x32,20,Trail 4 once; Miss 4 once; Muzzle 3 once; Bite 3 once; Hit2 3 once; Hit3 3 once,FxTowerOrbit,no
Fx,FxTowerOrbitSteampunk,"Swarm Nest extras, steampunk theme",32x32,20,Trail 4 once; Miss 4 once; Muzzle 3 once; Bite 3 once; Hit2 3 once; Hit3 3 once,FxTowerOrbit,no
Fx,FxTowerOrbitVaporwave,"Swarm Nest extras, vaporwave theme",32x32,20,Trail 4 once; Miss 4 once; Muzzle 3 once; Bite 3 once; Hit2 3 once; Hit3 3 once,FxTowerOrbit,no
Fx,FxTowerQueensGuard,QueensGuard shot,32x32,44,Fly 4 loop; Trail 4 once; Hit 5 once; Miss 4 once; Muzzle 3 once; Charge 6 once; Fly2 4 loop; Fly3 4 loop; Hit2 5 once; Hit3 5 once,,no
Fx,FxTowerQueensGuardCandy,"QueensGuard shot, candy theme",32x32,44,Fly 4 loop; Trail 4 once; Hit 5 once; Miss 4 once; Muzzle 3 once; Charge 6 once; Fly2 4 loop; Fly3 4 loop; Hit2 5 once; Hit3 5 once,FxTowerQueensGuard,no
Fx,FxTowerQueensGuardJungle,"QueensGuard shot, jungle theme",32x32,44,Fly 4 loop; Trail 4 once; Hit 5 once; Miss 4 once; Muzzle 3 once; Charge 6 once; Fly2 4 loop; Fly3 4 loop; Hit2 5 once; Hit3 5 once,FxTowerQueensGuard,no
Fx,FxTowerQueensGuardMedieval,"QueensGuard shot, medieval theme",32x32,44,Fly 4 loop; Trail 4 once; Hit 5 once; Miss 4 once; Muzzle 3 once; Charge 6 once; Fly2 4 loop; Fly3 4 loop; Hit2 5 once; Hit3 5 once,FxTowerQueensGuard,no
Fx,FxTowerQueensGuardMilitary,"QueensGuard shot, military theme",32x32,44,Fly 4 loop; Trail 4 once; Hit 5 once; Miss 4 once; Muzzle 3 once; Charge 6 once; Fly2 4 loop; Fly3 4 loop; Hit2 5 once; Hit3 5 once,FxTowerQueensGuard,no
Fx,FxTowerQueensGuardNeon,"QueensGuard shot, neon theme",32x32,44,Fly 4 loop; Trail 4 once; Hit 5 once; Miss 4 once; Muzzle 3 once; Charge 6 once; Fly2 4 loop; Fly3 4 loop; Hit2 5 once; Hit3 5 once,FxTowerQueensGuard,no
Fx,FxTowerQueensGuardNeonSpace,"QueensGuard shot, neonspace theme",32x32,44,Fly 4 loop; Trail 4 once; Hit 5 once; Miss 4 once; Muzzle 3 once; Charge 6 once; Fly2 4 loop; Fly3 4 loop; Hit2 5 once; Hit3 5 once,FxTowerQueensGuard,no
Fx,FxTowerQueensGuardPirate,"QueensGuard shot, pirate theme",32x32,44,Fly 4 loop; Trail 4 once; Hit 5 once; Miss 4 once; Muzzle 3 once; Charge 6 once; Fly2 4 loop; Fly3 4 loop; Hit2 5 once; Hit3 5 once,FxTowerQueensGuard,no
Fx,FxTowerQueensGuardRobot,"QueensGuard shot, robot theme",32x32,44,Fly 4 loop; Trail 4 once; Hit 5 once; Miss 4 once; Muzzle 3 once; Charge 6 once; Fly2 4 loop; Fly3 4 loop; Hit2 5 once; Hit3 5 once,FxTowerQueensGuard,no
Fx,FxTowerQueensGuardSamurai,"QueensGuard shot, samurai theme",32x32,44,Fly 4 loop; Trail 4 once; Hit 5 once; Miss 4 once; Muzzle 3 once; Charge 6 once; Fly2 4 loop; Fly3 4 loop; Hit2 5 once; Hit3 5 once,FxTowerQueensGuard,no
Fx,FxTowerQueensGuardSpace,"QueensGuard shot, space theme",32x32,44,Fly 4 loop; Trail 4 once; Hit 5 once; Miss 4 once; Muzzle 3 once; Charge 6 once; Fly2 4 loop; Fly3 4 loop; Hit2 5 once; Hit3 5 once,FxTowerQueensGuard,no
Fx,FxTowerQueensGuardSpooky,"QueensGuard shot, spooky theme",32x32,44,Fly 4 loop; Trail 4 once; Hit 5 once; Miss 4 once; Muzzle 3 once; Charge 6 once; Fly2 4 loop; Fly3 4 loop; Hit2 5 once; Hit3 5 once,FxTowerQueensGuard,no
Fx,FxTowerQueensGuardSteampunk,"QueensGuard shot, steampunk theme",32x32,44,Fly 4 loop; Trail 4 once; Hit 5 once; Miss 4 once; Muzzle 3 once; Charge 6 once; Fly2 4 loop; Fly3 4 loop; Hit2 5 once; Hit3 5 once,FxTowerQueensGuard,no
Fx,FxTowerQueensGuardVaporwave,"QueensGuard shot, vaporwave theme",32x32,44,Fly 4 loop; Trail 4 once; Hit 5 once; Miss 4 once; Muzzle 3 once; Charge 6 once; Fly2 4 loop; Fly3 4 loop; Hit2 5 once; Hit3 5 once,FxTowerQueensGuard,no
Fx,FxTowerRicochet,Slinger extras,32x32,31,Trail 4 once; Miss 4 once; Muzzle 3 once; Bounce 4 once; Fly2 4 loop; Fly3 4 loop; Hit2 4 once; Hit3 4 once,,graybox
Fx,FxTowerRicochetCandy,"Slinger extras, candy theme",32x32,31,Trail 4 once; Miss 4 once; Muzzle 3 once; Bounce 4 once; Fly2 4 loop; Fly3 4 loop; Hit2 4 once; Hit3 4 once,FxTowerRicochet,no
Fx,FxTowerRicochetJungle,"Slinger extras, jungle theme",32x32,31,Trail 4 once; Miss 4 once; Muzzle 3 once; Bounce 4 once; Fly2 4 loop; Fly3 4 loop; Hit2 4 once; Hit3 4 once,FxTowerRicochet,no
Fx,FxTowerRicochetMedieval,"Slinger extras, medieval theme",32x32,31,Trail 4 once; Miss 4 once; Muzzle 3 once; Bounce 4 once; Fly2 4 loop; Fly3 4 loop; Hit2 4 once; Hit3 4 once,FxTowerRicochet,no
Fx,FxTowerRicochetMilitary,"Slinger extras, military theme",32x32,31,Trail 4 once; Miss 4 once; Muzzle 3 once; Bounce 4 once; Fly2 4 loop; Fly3 4 loop; Hit2 4 once; Hit3 4 once,FxTowerRicochet,no
Fx,FxTowerRicochetNeon,"Slinger extras, neon theme",32x32,31,Trail 4 once; Miss 4 once; Muzzle 3 once; Bounce 4 once; Fly2 4 loop; Fly3 4 loop; Hit2 4 once; Hit3 4 once,FxTowerRicochet,no
Fx,FxTowerRicochetNeonSpace,"Slinger extras, neonspace theme",32x32,31,Trail 4 once; Miss 4 once; Muzzle 3 once; Bounce 4 once; Fly2 4 loop; Fly3 4 loop; Hit2 4 once; Hit3 4 once,FxTowerRicochet,no
Fx,FxTowerRicochetPirate,"Slinger extras, pirate theme",32x32,31,Trail 4 once; Miss 4 once; Muzzle 3 once; Bounce 4 once; Fly2 4 loop; Fly3 4 loop; Hit2 4 once; Hit3 4 once,FxTowerRicochet,no
Fx,FxTowerRicochetRobot,"Slinger extras, robot theme",32x32,31,Trail 4 once; Miss 4 once; Muzzle 3 once; Bounce 4 once; Fly2 4 loop; Fly3 4 loop; Hit2 4 once; Hit3 4 once,FxTowerRicochet,no
Fx,FxTowerRicochetSamurai,"Slinger extras, samurai theme",32x32,31,Trail 4 once; Miss 4 once; Muzzle 3 once; Bounce 4 once; Fly2 4 loop; Fly3 4 loop; Hit2 4 once; Hit3 4 once,FxTowerRicochet,no
Fx,FxTowerRicochetSpace,"Slinger extras, space theme",32x32,31,Trail 4 once; Miss 4 once; Muzzle 3 once; Bounce 4 once; Fly2 4 loop; Fly3 4 loop; Hit2 4 once; Hit3 4 once,FxTowerRicochet,no
Fx,FxTowerRicochetSpooky,"Slinger extras, spooky theme",32x32,31,Trail 4 once; Miss 4 once; Muzzle 3 once; Bounce 4 once; Fly2 4 loop; Fly3 4 loop; Hit2 4 once; Hit3 4 once,FxTowerRicochet,no
Fx,FxTowerRicochetSteampunk,"Slinger extras, steampunk theme",32x32,31,Trail 4 once; Miss 4 once; Muzzle 3 once; Bounce 4 once; Fly2 4 loop; Fly3 4 loop; Hit2 4 once; Hit3 4 once,FxTowerRicochet,no
Fx,FxTowerRicochetVaporwave,"Slinger extras, vaporwave theme",32x32,31,Trail 4 once; Miss 4 once; Muzzle 3 once; Bounce 4 once; Fly2 4 loop; Fly3 4 loop; Hit2 4 once; Hit3 4 once,FxTowerRicochet,no
Fx,FxTowerScout,Scout shot,32x32,38,Fly 4 loop; Trail 4 once; Hit 5 once; Miss 4 once; Muzzle 3 once; Fly2 4 loop; Fly3 4 loop; Hit2 5 once; Hit3 5 once,,no
Fx,FxTowerScoutCandy,"Scout shot, candy theme",32x32,38,Fly 4 loop; Trail 4 once; Hit 5 once; Miss 4 once; Muzzle 3 once; Fly2 4 loop; Fly3 4 loop; Hit2 5 once; Hit3 5 once,FxTowerScout,no
Fx,FxTowerScoutJungle,"Scout shot, jungle theme",32x32,38,Fly 4 loop; Trail 4 once; Hit 5 once; Miss 4 once; Muzzle 3 once; Fly2 4 loop; Fly3 4 loop; Hit2 5 once; Hit3 5 once,FxTowerScout,no
Fx,FxTowerScoutMedieval,"Scout shot, medieval theme",32x32,38,Fly 4 loop; Trail 4 once; Hit 5 once; Miss 4 once; Muzzle 3 once; Fly2 4 loop; Fly3 4 loop; Hit2 5 once; Hit3 5 once,FxTowerScout,no
Fx,FxTowerScoutMilitary,"Scout shot, military theme",32x32,38,Fly 4 loop; Trail 4 once; Hit 5 once; Miss 4 once; Muzzle 3 once; Fly2 4 loop; Fly3 4 loop; Hit2 5 once; Hit3 5 once,FxTowerScout,no
Fx,FxTowerScoutNeon,"Scout shot, neon theme",32x32,38,Fly 4 loop; Trail 4 once; Hit 5 once; Miss 4 once; Muzzle 3 once; Fly2 4 loop; Fly3 4 loop; Hit2 5 once; Hit3 5 once,FxTowerScout,no
Fx,FxTowerScoutNeonSpace,"Scout shot, neonspace theme",32x32,38,Fly 4 loop; Trail 4 once; Hit 5 once; Miss 4 once; Muzzle 3 once; Fly2 4 loop; Fly3 4 loop; Hit2 5 once; Hit3 5 once,FxTowerScout,no
Fx,FxTowerScoutPirate,"Scout shot, pirate theme",32x32,38,Fly 4 loop; Trail 4 once; Hit 5 once; Miss 4 once; Muzzle 3 once; Fly2 4 loop; Fly3 4 loop; Hit2 5 once; Hit3 5 once,FxTowerScout,no
Fx,FxTowerScoutRobot,"Scout shot, robot theme",32x32,38,Fly 4 loop; Trail 4 once; Hit 5 once; Miss 4 once; Muzzle 3 once; Fly2 4 loop; Fly3 4 loop; Hit2 5 once; Hit3 5 once,FxTowerScout,no
Fx,FxTowerScoutSamurai,"Scout shot, samurai theme",32x32,38,Fly 4 loop; Trail 4 once; Hit 5 once; Miss 4 once; Muzzle 3 once; Fly2 4 loop; Fly3 4 loop; Hit2 5 once; Hit3 5 once,FxTowerScout,no
Fx,FxTowerScoutSpace,"Scout shot, space theme",32x32,38,Fly 4 loop; Trail 4 once; Hit 5 once; Miss 4 once; Muzzle 3 once; Fly2 4 loop; Fly3 4 loop; Hit2 5 once; Hit3 5 once,FxTowerScout,no
Fx,FxTowerScoutSpooky,"Scout shot, spooky theme",32x32,38,Fly 4 loop; Trail 4 once; Hit 5 once; Miss 4 once; Muzzle 3 once; Fly2 4 loop; Fly3 4 loop; Hit2 5 once; Hit3 5 once,FxTowerScout,no
Fx,FxTowerScoutSteampunk,"Scout shot, steampunk theme",32x32,38,Fly 4 loop; Trail 4 once; Hit 5 once; Miss 4 once; Muzzle 3 once; Fly2 4 loop; Fly3 4 loop; Hit2 5 once; Hit3 5 once,FxTowerScout,no
Fx,FxTowerScoutVaporwave,"Scout shot, vaporwave theme",32x32,38,Fly 4 loop; Trail 4 once; Hit 5 once; Miss 4 once; Muzzle 3 once; Fly2 4 loop; Fly3 4 loop; Hit2 5 once; Hit3 5 once,FxTowerScout,no
Fx,FxTowerWeaver,Weaver shot,32x32,38,Fly 4 loop; Trail 4 once; Hit 5 once; Miss 4 once; Muzzle 3 once; Fly2 4 loop; Fly3 4 loop; Hit2 5 once; Hit3 5 once,,no
Fx,FxTowerWeaverCandy,"Weaver shot, candy theme",32x32,38,Fly 4 loop; Trail 4 once; Hit 5 once; Miss 4 once; Muzzle 3 once; Fly2 4 loop; Fly3 4 loop; Hit2 5 once; Hit3 5 once,FxTowerWeaver,no
Fx,FxTowerWeaverJungle,"Weaver shot, jungle theme",32x32,38,Fly 4 loop; Trail 4 once; Hit 5 once; Miss 4 once; Muzzle 3 once; Fly2 4 loop; Fly3 4 loop; Hit2 5 once; Hit3 5 once,FxTowerWeaver,no
Fx,FxTowerWeaverMedieval,"Weaver shot, medieval theme",32x32,38,Fly 4 loop; Trail 4 once; Hit 5 once; Miss 4 once; Muzzle 3 once; Fly2 4 loop; Fly3 4 loop; Hit2 5 once; Hit3 5 once,FxTowerWeaver,no
Fx,FxTowerWeaverMilitary,"Weaver shot, military theme",32x32,38,Fly 4 loop; Trail 4 once; Hit 5 once; Miss 4 once; Muzzle 3 once; Fly2 4 loop; Fly3 4 loop; Hit2 5 once; Hit3 5 once,FxTowerWeaver,no
Fx,FxTowerWeaverNeon,"Weaver shot, neon theme",32x32,38,Fly 4 loop; Trail 4 once; Hit 5 once; Miss 4 once; Muzzle 3 once; Fly2 4 loop; Fly3 4 loop; Hit2 5 once; Hit3 5 once,FxTowerWeaver,no
Fx,FxTowerWeaverNeonSpace,"Weaver shot, neonspace theme",32x32,38,Fly 4 loop; Trail 4 once; Hit 5 once; Miss 4 once; Muzzle 3 once; Fly2 4 loop; Fly3 4 loop; Hit2 5 once; Hit3 5 once,FxTowerWeaver,no
Fx,FxTowerWeaverPirate,"Weaver shot, pirate theme",32x32,38,Fly 4 loop; Trail 4 once; Hit 5 once; Miss 4 once; Muzzle 3 once; Fly2 4 loop; Fly3 4 loop; Hit2 5 once; Hit3 5 once,FxTowerWeaver,no
Fx,FxTowerWeaverRobot,"Weaver shot, robot theme",32x32,38,Fly 4 loop; Trail 4 once; Hit 5 once; Miss 4 once; Muzzle 3 once; Fly2 4 loop; Fly3 4 loop; Hit2 5 once; Hit3 5 once,FxTowerWeaver,no
Fx,FxTowerWeaverSamurai,"Weaver shot, samurai theme",32x32,38,Fly 4 loop; Trail 4 once; Hit 5 once; Miss 4 once; Muzzle 3 once; Fly2 4 loop; Fly3 4 loop; Hit2 5 once; Hit3 5 once,FxTowerWeaver,no
Fx,FxTowerWeaverSpace,"Weaver shot, space theme",32x32,38,Fly 4 loop; Trail 4 once; Hit 5 once; Miss 4 once; Muzzle 3 once; Fly2 4 loop; Fly3 4 loop; Hit2 5 once; Hit3 5 once,FxTowerWeaver,no
Fx,FxTowerWeaverSpooky,"Weaver shot, spooky theme",32x32,38,Fly 4 loop; Trail 4 once; Hit 5 once; Miss 4 once; Muzzle 3 once; Fly2 4 loop; Fly3 4 loop; Hit2 5 once; Hit3 5 once,FxTowerWeaver,no
Fx,FxTowerWeaverSteampunk,"Weaver shot, steampunk theme",32x32,38,Fly 4 loop; Trail 4 once; Hit 5 once; Miss 4 once; Muzzle 3 once; Fly2 4 loop; Fly3 4 loop; Hit2 5 once; Hit3 5 once,FxTowerWeaver,no
Fx,FxTowerWeaverVaporwave,"Weaver shot, vaporwave theme",32x32,38,Fly 4 loop; Trail 4 once; Hit 5 once; Miss 4 once; Muzzle 3 once; Fly2 4 loop; Fly3 4 loop; Hit2 5 once; Hit3 5 once,FxTowerWeaver,no
Fx,FxWater,Water effects,32x32,10,Ripple 5 once; Splash 5 once,,no
Fx,FxWaterCandy,"Water effects, candy theme",32x32,10,Ripple 5 once; Splash 5 once,FxWater,no
Fx,FxWaterJungle,"Water effects, jungle theme",32x32,10,Ripple 5 once; Splash 5 once,FxWater,no
Fx,FxWaterMedieval,"Water effects, medieval theme",32x32,10,Ripple 5 once; Splash 5 once,FxWater,no
Fx,FxWaterMilitary,"Water effects, military theme",32x32,10,Ripple 5 once; Splash 5 once,FxWater,no
Fx,FxWaterNeon,"Water effects, neon theme",32x32,10,Ripple 5 once; Splash 5 once,FxWater,no
Fx,FxWaterNeonSpace,"Water effects, neonspace theme",32x32,10,Ripple 5 once; Splash 5 once,FxWater,no
Fx,FxWaterPirate,"Water effects, pirate theme",32x32,10,Ripple 5 once; Splash 5 once,FxWater,no
Fx,FxWaterRobot,"Water effects, robot theme",32x32,10,Ripple 5 once; Splash 5 once,FxWater,no
Fx,FxWaterSamurai,"Water effects, samurai theme",32x32,10,Ripple 5 once; Splash 5 once,FxWater,no
Fx,FxWaterSpace,"Water effects, space theme",32x32,10,Ripple 5 once; Splash 5 once,FxWater,no
Fx,FxWaterSpooky,"Water effects, spooky theme",32x32,10,Ripple 5 once; Splash 5 once,FxWater,no
Fx,FxWaterSteampunk,"Water effects, steampunk theme",32x32,10,Ripple 5 once; Splash 5 once,FxWater,no
Fx,FxWaterVaporwave,"Water effects, vaporwave theme",32x32,10,Ripple 5 once; Splash 5 once,FxWater,no
Fx,FxWeather,Weather pieces that tile,32x32,16,Rain 4 loop; RainSplash 4 once; Mist 4 loop; Wind 4 loop,,no
Fx,FxWeatherCandy,"Weather pieces that tile, candy theme",32x32,16,Rain 4 loop; RainSplash 4 once; Mist 4 loop; Wind 4 loop,FxWeather,no
Fx,FxWeatherJungle,"Weather pieces that tile, jungle theme",32x32,16,Rain 4 loop; RainSplash 4 once; Mist 4 loop; Wind 4 loop,FxWeather,no
Fx,FxWeatherMedieval,"Weather pieces that tile, medieval theme",32x32,16,Rain 4 loop; RainSplash 4 once; Mist 4 loop; Wind 4 loop,FxWeather,no
Fx,FxWeatherMilitary,"Weather pieces that tile, military theme",32x32,16,Rain 4 loop; RainSplash 4 once; Mist 4 loop; Wind 4 loop,FxWeather,no
Fx,FxWeatherNeon,"Weather pieces that tile, neon theme",32x32,16,Rain 4 loop; RainSplash 4 once; Mist 4 loop; Wind 4 loop,FxWeather,no
Fx,FxWeatherNeonSpace,"Weather pieces that tile, neonspace theme",32x32,16,Rain 4 loop; RainSplash 4 once; Mist 4 loop; Wind 4 loop,FxWeather,no
Fx,FxWeatherPirate,"Weather pieces that tile, pirate theme",32x32,16,Rain 4 loop; RainSplash 4 once; Mist 4 loop; Wind 4 loop,FxWeather,no
Fx,FxWeatherRobot,"Weather pieces that tile, robot theme",32x32,16,Rain 4 loop; RainSplash 4 once; Mist 4 loop; Wind 4 loop,FxWeather,no
Fx,FxWeatherSamurai,"Weather pieces that tile, samurai theme",32x32,16,Rain 4 loop; RainSplash 4 once; Mist 4 loop; Wind 4 loop,FxWeather,no
Fx,FxWeatherSpace,"Weather pieces that tile, space theme",32x32,16,Rain 4 loop; RainSplash 4 once; Mist 4 loop; Wind 4 loop,FxWeather,no
Fx,FxWeatherSpooky,"Weather pieces that tile, spooky theme",32x32,16,Rain 4 loop; RainSplash 4 once; Mist 4 loop; Wind 4 loop,FxWeather,no
Fx,FxWeatherSteampunk,"Weather pieces that tile, steampunk theme",32x32,16,Rain 4 loop; RainSplash 4 once; Mist 4 loop; Wind 4 loop,FxWeather,no
Fx,FxWeatherVaporwave,"Weather pieces that tile, vaporwave theme",32x32,16,Rain 4 loop; RainSplash 4 once; Mist 4 loop; Wind 4 loop,FxWeather,no
Fx,FxWebThread,Orb-weaver thread (Strand tiles left to right),32x32,17,Strand 4 loop; Anchor 2 loop; Snap 5 once; Burn 6 once,,graybox
Projectiles,FxHazard,Fire puddle,64x64,4,Burn 4 loop,,graybox
Projectiles,FxHazardCandy,"Fire puddle, candy theme",64x64,4,Burn 4 loop,FxHazard,no
Projectiles,FxHazardJungle,"Fire puddle, jungle theme",64x64,4,Burn 4 loop,FxHazard,no
Projectiles,FxHazardMedieval,"Fire puddle, medieval theme",64x64,4,Burn 4 loop,FxHazard,no
Projectiles,FxHazardMilitary,"Fire puddle, military theme",64x64,4,Burn 4 loop,FxHazard,no
Projectiles,FxHazardNeon,"Fire puddle, neon theme",64x64,4,Burn 4 loop,FxHazard,no
Projectiles,FxHazardNeonSpace,"Fire puddle, neonspace theme",64x64,4,Burn 4 loop,FxHazard,no
Projectiles,FxHazardPirate,"Fire puddle, pirate theme",64x64,4,Burn 4 loop,FxHazard,no
Projectiles,FxHazardRobot,"Fire puddle, robot theme",64x64,4,Burn 4 loop,FxHazard,no
Projectiles,FxHazardSamurai,"Fire puddle, samurai theme",64x64,4,Burn 4 loop,FxHazard,no
Projectiles,FxHazardSpace,"Fire puddle, space theme",64x64,4,Burn 4 loop,FxHazard,no
Projectiles,FxHazardSpooky,"Fire puddle, spooky theme",64x64,4,Burn 4 loop,FxHazard,no
Projectiles,FxHazardSteampunk,"Fire puddle, steampunk theme",64x64,4,Burn 4 loop,FxHazard,no
Projectiles,FxHazardVaporwave,"Fire puddle, vaporwave theme",64x64,4,Burn 4 loop,FxHazard,no
Projectiles,ProjFragment,Shell fragment,16x16,2,Fly 2 loop,,graybox
Projectiles,ProjFragmentCandy,"Shell fragment, candy theme",16x16,2,Fly 2 loop,ProjFragment,no
Projectiles,ProjFragmentJungle,"Shell fragment, jungle theme",16x16,2,Fly 2 loop,ProjFragment,no
Projectiles,ProjFragmentMedieval,"Shell fragment, medieval theme",16x16,2,Fly 2 loop,ProjFragment,no
Projectiles,ProjFragmentMilitary,"Shell fragment, military theme",16x16,2,Fly 2 loop,ProjFragment,no
Projectiles,ProjFragmentNeon,"Shell fragment, neon theme",16x16,2,Fly 2 loop,ProjFragment,no
Projectiles,ProjFragmentNeonSpace,"Shell fragment, neonspace theme",16x16,2,Fly 2 loop,ProjFragment,no
Projectiles,ProjFragmentPirate,"Shell fragment, pirate theme",16x16,2,Fly 2 loop,ProjFragment,no
Projectiles,ProjFragmentRobot,"Shell fragment, robot theme",16x16,2,Fly 2 loop,ProjFragment,no
Projectiles,ProjFragmentSamurai,"Shell fragment, samurai theme",16x16,2,Fly 2 loop,ProjFragment,no
Projectiles,ProjFragmentSpace,"Shell fragment, space theme",16x16,2,Fly 2 loop,ProjFragment,no
Projectiles,ProjFragmentSpooky,"Shell fragment, spooky theme",16x16,2,Fly 2 loop,ProjFragment,no
Projectiles,ProjFragmentSteampunk,"Shell fragment, steampunk theme",16x16,2,Fly 2 loop,ProjFragment,no
Projectiles,ProjFragmentVaporwave,"Shell fragment, vaporwave theme",16x16,2,Fly 2 loop,ProjFragment,no
Projectiles,ProjHoming,Seeker bug,16x16,2,Fly 2 loop,,graybox
Projectiles,ProjHomingCandy,"Seeker bug, candy theme",16x16,2,Fly 2 loop,ProjHoming,no
Projectiles,ProjHomingJungle,"Seeker bug, jungle theme",16x16,2,Fly 2 loop,ProjHoming,no
Projectiles,ProjHomingMedieval,"Seeker bug, medieval theme",16x16,2,Fly 2 loop,ProjHoming,no
Projectiles,ProjHomingMilitary,"Seeker bug, military theme",16x16,2,Fly 2 loop,ProjHoming,no
Projectiles,ProjHomingNeon,"Seeker bug, neon theme",16x16,2,Fly 2 loop,ProjHoming,no
Projectiles,ProjHomingNeonSpace,"Seeker bug, neonspace theme",16x16,2,Fly 2 loop,ProjHoming,no
Projectiles,ProjHomingPirate,"Seeker bug, pirate theme",16x16,2,Fly 2 loop,ProjHoming,no
Projectiles,ProjHomingRobot,"Seeker bug, robot theme",16x16,2,Fly 2 loop,ProjHoming,no
Projectiles,ProjHomingSamurai,"Seeker bug, samurai theme",16x16,2,Fly 2 loop,ProjHoming,no
Projectiles,ProjHomingSpace,"Seeker bug, space theme",16x16,2,Fly 2 loop,ProjHoming,no
Projectiles,ProjHomingSpooky,"Seeker bug, spooky theme",16x16,2,Fly 2 loop,ProjHoming,no
Projectiles,ProjHomingSteampunk,"Seeker bug, steampunk theme",16x16,2,Fly 2 loop,ProjHoming,no
Projectiles,ProjHomingVaporwave,"Seeker bug, vaporwave theme",16x16,2,Fly 2 loop,ProjHoming,no
Projectiles,ProjLinear,Spitter acid glob,16x16,4,Fly 4 loop,,graybox
Projectiles,ProjLinearCandy,"Spitter acid glob, candy theme",16x16,4,Fly 4 loop,ProjLinear,no
Projectiles,ProjLinearJungle,"Spitter acid glob, jungle theme",16x16,4,Fly 4 loop,ProjLinear,no
Projectiles,ProjLinearMedieval,"Spitter acid glob, medieval theme",16x16,4,Fly 4 loop,ProjLinear,no
Projectiles,ProjLinearMilitary,"Spitter acid glob, military theme",16x16,4,Fly 4 loop,ProjLinear,no
Projectiles,ProjLinearNeon,"Spitter acid glob, neon theme",16x16,4,Fly 4 loop,ProjLinear,no
Projectiles,ProjLinearNeonSpace,"Spitter acid glob, neonspace theme",16x16,4,Fly 4 loop,ProjLinear,no
Projectiles,ProjLinearPirate,"Spitter acid glob, pirate theme",16x16,4,Fly 4 loop,ProjLinear,no
Projectiles,ProjLinearRobot,"Spitter acid glob, robot theme",16x16,4,Fly 4 loop,ProjLinear,no
Projectiles,ProjLinearSamurai,"Spitter acid glob, samurai theme",16x16,4,Fly 4 loop,ProjLinear,no
Projectiles,ProjLinearSpace,"Spitter acid glob, space theme",16x16,4,Fly 4 loop,ProjLinear,no
Projectiles,ProjLinearSpooky,"Spitter acid glob, spooky theme",16x16,4,Fly 4 loop,ProjLinear,no
Projectiles,ProjLinearSteampunk,"Spitter acid glob, steampunk theme",16x16,4,Fly 4 loop,ProjLinear,no
Projectiles,ProjLinearVaporwave,"Spitter acid glob, vaporwave theme",16x16,4,Fly 4 loop,ProjLinear,no
Projectiles,ProjMortar,Bombardier shell,16x16,4,Fly 4 loop,,graybox
Projectiles,ProjMortarCandy,"Bombardier shell, candy theme",16x16,4,Fly 4 loop,ProjMortar,no
Projectiles,ProjMortarJungle,"Bombardier shell, jungle theme",16x16,4,Fly 4 loop,ProjMortar,no
Projectiles,ProjMortarMedieval,"Bombardier shell, medieval theme",16x16,4,Fly 4 loop,ProjMortar,no
Projectiles,ProjMortarMilitary,"Bombardier shell, military theme",16x16,4,Fly 4 loop,ProjMortar,no
Projectiles,ProjMortarNeon,"Bombardier shell, neon theme",16x16,4,Fly 4 loop,ProjMortar,no
Projectiles,ProjMortarNeonSpace,"Bombardier shell, neonspace theme",16x16,4,Fly 4 loop,ProjMortar,no
Projectiles,ProjMortarPirate,"Bombardier shell, pirate theme",16x16,4,Fly 4 loop,ProjMortar,no
Projectiles,ProjMortarRobot,"Bombardier shell, robot theme",16x16,4,Fly 4 loop,ProjMortar,no
Projectiles,ProjMortarSamurai,"Bombardier shell, samurai theme",16x16,4,Fly 4 loop,ProjMortar,no
Projectiles,ProjMortarSpace,"Bombardier shell, space theme",16x16,4,Fly 4 loop,ProjMortar,no
Projectiles,ProjMortarSpooky,"Bombardier shell, spooky theme",16x16,4,Fly 4 loop,ProjMortar,no
Projectiles,ProjMortarSteampunk,"Bombardier shell, steampunk theme",16x16,4,Fly 4 loop,ProjMortar,no
Projectiles,ProjMortarVaporwave,"Bombardier shell, vaporwave theme",16x16,4,Fly 4 loop,ProjMortar,no
Projectiles,ProjRicochet,Slinger pebble,16x16,4,Fly 4 loop,,graybox
Projectiles,ProjRicochetCandy,"Slinger pebble, candy theme",16x16,4,Fly 4 loop,ProjRicochet,no
Projectiles,ProjRicochetJungle,"Slinger pebble, jungle theme",16x16,4,Fly 4 loop,ProjRicochet,no
Projectiles,ProjRicochetMedieval,"Slinger pebble, medieval theme",16x16,4,Fly 4 loop,ProjRicochet,no
Projectiles,ProjRicochetMilitary,"Slinger pebble, military theme",16x16,4,Fly 4 loop,ProjRicochet,no
Projectiles,ProjRicochetNeon,"Slinger pebble, neon theme",16x16,4,Fly 4 loop,ProjRicochet,no
Projectiles,ProjRicochetNeonSpace,"Slinger pebble, neonspace theme",16x16,4,Fly 4 loop,ProjRicochet,no
Projectiles,ProjRicochetPirate,"Slinger pebble, pirate theme",16x16,4,Fly 4 loop,ProjRicochet,no
Projectiles,ProjRicochetRobot,"Slinger pebble, robot theme",16x16,4,Fly 4 loop,ProjRicochet,no
Projectiles,ProjRicochetSamurai,"Slinger pebble, samurai theme",16x16,4,Fly 4 loop,ProjRicochet,no
Projectiles,ProjRicochetSpace,"Slinger pebble, space theme",16x16,4,Fly 4 loop,ProjRicochet,no
Projectiles,ProjRicochetSpooky,"Slinger pebble, spooky theme",16x16,4,Fly 4 loop,ProjRicochet,no
Projectiles,ProjRicochetSteampunk,"Slinger pebble, steampunk theme",16x16,4,Fly 4 loop,ProjRicochet,no
Projectiles,ProjRicochetVaporwave,"Slinger pebble, vaporwave theme",16x16,4,Fly 4 loop,ProjRicochet,no
Props,AntGuard,Guard,24x24,15,Idle 4 loop; Walk 6 loop; Alert 5 once,,no
Props,AntGuardCandy,"Guard, candy theme",24x24,15,Idle 4 loop; Walk 6 loop; Alert 5 once,AntGuard,no
Props,AntGuardJungle,"Guard, jungle theme",24x24,15,Idle 4 loop; Walk 6 loop; Alert 5 once,AntGuard,no
Props,AntGuardMedieval,"Guard, medieval theme",24x24,15,Idle 4 loop; Walk 6 loop; Alert 5 once,AntGuard,no
Props,AntGuardMilitary,"Guard, military theme",24x24,15,Idle 4 loop; Walk 6 loop; Alert 5 once,AntGuard,no
Props,AntGuardNeon,"Guard, neon theme",24x24,15,Idle 4 loop; Walk 6 loop; Alert 5 once,AntGuard,no
Props,AntGuardNeonSpace,"Guard, neonspace theme",24x24,15,Idle 4 loop; Walk 6 loop; Alert 5 once,AntGuard,no
Props,AntGuardPirate,"Guard, pirate theme",24x24,15,Idle 4 loop; Walk 6 loop; Alert 5 once,AntGuard,no
Props,AntGuardRobot,"Guard, robot theme",24x24,15,Idle 4 loop; Walk 6 loop; Alert 5 once,AntGuard,no
Props,AntGuardSamurai,"Guard, samurai theme",24x24,15,Idle 4 loop; Walk 6 loop; Alert 5 once,AntGuard,no
Props,AntGuardSpace,"Guard, space theme",24x24,15,Idle 4 loop; Walk 6 loop; Alert 5 once,AntGuard,no
Props,AntGuardSpooky,"Guard, spooky theme",24x24,15,Idle 4 loop; Walk 6 loop; Alert 5 once,AntGuard,no
Props,AntGuardSteampunk,"Guard, steampunk theme",24x24,15,Idle 4 loop; Walk 6 loop; Alert 5 once,AntGuard,no
Props,AntGuardVaporwave,"Guard, vaporwave theme",24x24,15,Idle 4 loop; Walk 6 loop; Alert 5 once,AntGuard,no
Props,AntNurse,Nurse,24x16,22,Idle 4 loop; Walk 6 loop; CarryEgg 6 loop; Tend 6 loop,,no
Props,AntNurseCandy,"Nurse, candy theme",24x16,22,Idle 4 loop; Walk 6 loop; CarryEgg 6 loop; Tend 6 loop,AntNurse,no
Props,AntNurseJungle,"Nurse, jungle theme",24x16,22,Idle 4 loop; Walk 6 loop; CarryEgg 6 loop; Tend 6 loop,AntNurse,no
Props,AntNurseMedieval,"Nurse, medieval theme",24x16,22,Idle 4 loop; Walk 6 loop; CarryEgg 6 loop; Tend 6 loop,AntNurse,no
Props,AntNurseMilitary,"Nurse, military theme",24x16,22,Idle 4 loop; Walk 6 loop; CarryEgg 6 loop; Tend 6 loop,AntNurse,no
Props,AntNurseNeon,"Nurse, neon theme",24x16,22,Idle 4 loop; Walk 6 loop; CarryEgg 6 loop; Tend 6 loop,AntNurse,no
Props,AntNurseNeonSpace,"Nurse, neonspace theme",24x16,22,Idle 4 loop; Walk 6 loop; CarryEgg 6 loop; Tend 6 loop,AntNurse,no
Props,AntNursePirate,"Nurse, pirate theme",24x16,22,Idle 4 loop; Walk 6 loop; CarryEgg 6 loop; Tend 6 loop,AntNurse,no
Props,AntNurseRobot,"Nurse, robot theme",24x16,22,Idle 4 loop; Walk 6 loop; CarryEgg 6 loop; Tend 6 loop,AntNurse,no
Props,AntNurseSamurai,"Nurse, samurai theme",24x16,22,Idle 4 loop; Walk 6 loop; CarryEgg 6 loop; Tend 6 loop,AntNurse,no
Props,AntNurseSpace,"Nurse, space theme",24x16,22,Idle 4 loop; Walk 6 loop; CarryEgg 6 loop; Tend 6 loop,AntNurse,no
Props,AntNurseSpooky,"Nurse, spooky theme",24x16,22,Idle 4 loop; Walk 6 loop; CarryEgg 6 loop; Tend 6 loop,AntNurse,no
Props,AntNurseSteampunk,"Nurse, steampunk theme",24x16,22,Idle 4 loop; Walk 6 loop; CarryEgg 6 loop; Tend 6 loop,AntNurse,no
Props,AntNurseVaporwave,"Nurse, vaporwave theme",24x16,22,Idle 4 loop; Walk 6 loop; CarryEgg 6 loop; Tend 6 loop,AntNurse,no
Props,AntPair,Two workers meeting,40x16,4,Talk 4 loop,,no
Props,AntPairCandy,"Two workers meeting, candy theme",40x16,4,Talk 4 loop,AntPair,no
Props,AntPairJungle,"Two workers meeting, jungle theme",40x16,4,Talk 4 loop,AntPair,no
Props,AntPairMedieval,"Two workers meeting, medieval theme",40x16,4,Talk 4 loop,AntPair,no
Props,AntPairMilitary,"Two workers meeting, military theme",40x16,4,Talk 4 loop,AntPair,no
Props,AntPairNeon,"Two workers meeting, neon theme",40x16,4,Talk 4 loop,AntPair,no
Props,AntPairNeonSpace,"Two workers meeting, neonspace theme",40x16,4,Talk 4 loop,AntPair,no
Props,AntPairPirate,"Two workers meeting, pirate theme",40x16,4,Talk 4 loop,AntPair,no
Props,AntPairRobot,"Two workers meeting, robot theme",40x16,4,Talk 4 loop,AntPair,no
Props,AntPairSamurai,"Two workers meeting, samurai theme",40x16,4,Talk 4 loop,AntPair,no
Props,AntPairSpace,"Two workers meeting, space theme",40x16,4,Talk 4 loop,AntPair,no
Props,AntPairSpooky,"Two workers meeting, spooky theme",40x16,4,Talk 4 loop,AntPair,no
Props,AntPairSteampunk,"Two workers meeting, steampunk theme",40x16,4,Talk 4 loop,AntPair,no
Props,AntPairVaporwave,"Two workers meeting, vaporwave theme",40x16,4,Talk 4 loop,AntPair,no
Props,AntWorker,Worker,24x16,52,Idle 4 loop; Walk 6 loop; Groom 6 loop; CarrySeed 6 loop; CarryCrumb 6 loop; CarryLeaf 6 loop; CarryPebble 6 loop; Dig 6 loop; Tamp 6 loop,,no
Props,AntWorkerCandy,"Worker, candy theme",24x16,52,Idle 4 loop; Walk 6 loop; Groom 6 loop; CarrySeed 6 loop; CarryCrumb 6 loop; CarryLeaf 6 loop; CarryPebble 6 loop; Dig 6 loop; Tamp 6 loop,AntWorker,no
Props,AntWorkerJungle,"Worker, jungle theme",24x16,52,Idle 4 loop; Walk 6 loop; Groom 6 loop; CarrySeed 6 loop; CarryCrumb 6 loop; CarryLeaf 6 loop; CarryPebble 6 loop; Dig 6 loop; Tamp 6 loop,AntWorker,no
Props,AntWorkerMedieval,"Worker, medieval theme",24x16,52,Idle 4 loop; Walk 6 loop; Groom 6 loop; CarrySeed 6 loop; CarryCrumb 6 loop; CarryLeaf 6 loop; CarryPebble 6 loop; Dig 6 loop; Tamp 6 loop,AntWorker,no
Props,AntWorkerMilitary,"Worker, military theme",24x16,52,Idle 4 loop; Walk 6 loop; Groom 6 loop; CarrySeed 6 loop; CarryCrumb 6 loop; CarryLeaf 6 loop; CarryPebble 6 loop; Dig 6 loop; Tamp 6 loop,AntWorker,no
Props,AntWorkerNeon,"Worker, neon theme",24x16,52,Idle 4 loop; Walk 6 loop; Groom 6 loop; CarrySeed 6 loop; CarryCrumb 6 loop; CarryLeaf 6 loop; CarryPebble 6 loop; Dig 6 loop; Tamp 6 loop,AntWorker,no
Props,AntWorkerNeonSpace,"Worker, neonspace theme",24x16,52,Idle 4 loop; Walk 6 loop; Groom 6 loop; CarrySeed 6 loop; CarryCrumb 6 loop; CarryLeaf 6 loop; CarryPebble 6 loop; Dig 6 loop; Tamp 6 loop,AntWorker,no
Props,AntWorkerPirate,"Worker, pirate theme",24x16,52,Idle 4 loop; Walk 6 loop; Groom 6 loop; CarrySeed 6 loop; CarryCrumb 6 loop; CarryLeaf 6 loop; CarryPebble 6 loop; Dig 6 loop; Tamp 6 loop,AntWorker,no
Props,AntWorkerRobot,"Worker, robot theme",24x16,52,Idle 4 loop; Walk 6 loop; Groom 6 loop; CarrySeed 6 loop; CarryCrumb 6 loop; CarryLeaf 6 loop; CarryPebble 6 loop; Dig 6 loop; Tamp 6 loop,AntWorker,no
Props,AntWorkerSamurai,"Worker, samurai theme",24x16,52,Idle 4 loop; Walk 6 loop; Groom 6 loop; CarrySeed 6 loop; CarryCrumb 6 loop; CarryLeaf 6 loop; CarryPebble 6 loop; Dig 6 loop; Tamp 6 loop,AntWorker,no
Props,AntWorkerSpace,"Worker, space theme",24x16,52,Idle 4 loop; Walk 6 loop; Groom 6 loop; CarrySeed 6 loop; CarryCrumb 6 loop; CarryLeaf 6 loop; CarryPebble 6 loop; Dig 6 loop; Tamp 6 loop,AntWorker,no
Props,AntWorkerSpooky,"Worker, spooky theme",24x16,52,Idle 4 loop; Walk 6 loop; Groom 6 loop; CarrySeed 6 loop; CarryCrumb 6 loop; CarryLeaf 6 loop; CarryPebble 6 loop; Dig 6 loop; Tamp 6 loop,AntWorker,no
Props,AntWorkerSteampunk,"Worker, steampunk theme",24x16,52,Idle 4 loop; Walk 6 loop; Groom 6 loop; CarrySeed 6 loop; CarryCrumb 6 loop; CarryLeaf 6 loop; CarryPebble 6 loop; Dig 6 loop; Tamp 6 loop,AntWorker,no
Props,AntWorkerVaporwave,"Worker, vaporwave theme",24x16,52,Idle 4 loop; Walk 6 loop; Groom 6 loop; CarrySeed 6 loop; CarryCrumb 6 loop; CarryLeaf 6 loop; CarryPebble 6 loop; Dig 6 loop; Tamp 6 loop,AntWorker,no
Props,BuildingBarracks,Barracks: a thorn-ringed drill yard,48x48,20,Idle 4 loop; Build 6 once; Drill 6 once; Ruin 4 loop,,no
Props,BuildingBarracksAutumn,"Barracks: a thorn-ringed drill yard, autumn",48x48,20,Idle 4 loop; Build 6 once; Drill 6 once; Ruin 4 loop,BuildingBarracks,no
Props,BuildingBarracksCandy,"Barracks: a thorn-ringed drill yard, candy theme",48x48,20,Idle 4 loop; Build 6 once; Drill 6 once; Ruin 4 loop,BuildingBarracks,no
Props,BuildingBarracksForest,"Barracks: a thorn-ringed drill yard, in loam",48x48,20,Idle 4 loop; Build 6 once; Drill 6 once; Ruin 4 loop,BuildingBarracks,no
Props,BuildingBarracksForestNight,"Barracks: a thorn-ringed drill yard, in loam, night",48x48,20,Idle 4 loop; Build 6 once; Drill 6 once; Ruin 4 loop,BuildingBarracks,no
Props,BuildingBarracksForestWinter,"Barracks: a thorn-ringed drill yard, in loam, winter",48x48,20,Idle 4 loop; Build 6 once; Drill 6 once; Ruin 4 loop,BuildingBarracks,no
Props,BuildingBarracksJungle,"Barracks: a thorn-ringed drill yard, jungle theme",48x48,20,Idle 4 loop; Build 6 once; Drill 6 once; Ruin 4 loop,BuildingBarracks,no
Props,BuildingBarracksMedieval,"Barracks: a thorn-ringed drill yard, medieval theme",48x48,20,Idle 4 loop; Build 6 once; Drill 6 once; Ruin 4 loop,BuildingBarracks,no
Props,BuildingBarracksMilitary,"Barracks: a thorn-ringed drill yard, military theme",48x48,20,Idle 4 loop; Build 6 once; Drill 6 once; Ruin 4 loop,BuildingBarracks,no
Props,BuildingBarracksNeon,"Barracks: a thorn-ringed drill yard, neon theme",48x48,20,Idle 4 loop; Build 6 once; Drill 6 once; Ruin 4 loop,BuildingBarracks,no
Props,BuildingBarracksNeonSpace,"Barracks: a thorn-ringed drill yard, neonspace theme",48x48,20,Idle 4 loop; Build 6 once; Drill 6 once; Ruin 4 loop,BuildingBarracks,no
Props,BuildingBarracksPirate,"Barracks: a thorn-ringed drill yard, pirate theme",48x48,20,Idle 4 loop; Build 6 once; Drill 6 once; Ruin 4 loop,BuildingBarracks,no
Props,BuildingBarracksRobot,"Barracks: a thorn-ringed drill yard, robot theme",48x48,20,Idle 4 loop; Build 6 once; Drill 6 once; Ruin 4 loop,BuildingBarracks,no
Props,BuildingBarracksSamurai,"Barracks: a thorn-ringed drill yard, samurai theme",48x48,20,Idle 4 loop; Build 6 once; Drill 6 once; Ruin 4 loop,BuildingBarracks,no
Props,BuildingBarracksSand,"Barracks: a thorn-ringed drill yard, in sand",48x48,20,Idle 4 loop; Build 6 once; Drill 6 once; Ruin 4 loop,BuildingBarracks,no
Props,BuildingBarracksSandNight,"Barracks: a thorn-ringed drill yard, in sand, night",48x48,20,Idle 4 loop; Build 6 once; Drill 6 once; Ruin 4 loop,BuildingBarracks,no
Props,BuildingBarracksSandWinter,"Barracks: a thorn-ringed drill yard, in sand, winter",48x48,20,Idle 4 loop; Build 6 once; Drill 6 once; Ruin 4 loop,BuildingBarracks,no
Props,BuildingBarracksSpace,"Barracks: a thorn-ringed drill yard, space theme",48x48,20,Idle 4 loop; Build 6 once; Drill 6 once; Ruin 4 loop,BuildingBarracks,no
Props,BuildingBarracksSpooky,"Barracks: a thorn-ringed drill yard, spooky theme",48x48,20,Idle 4 loop; Build 6 once; Drill 6 once; Ruin 4 loop,BuildingBarracks,no
Props,BuildingBarracksSteampunk,"Barracks: a thorn-ringed drill yard, steampunk theme",48x48,20,Idle 4 loop; Build 6 once; Drill 6 once; Ruin 4 loop,BuildingBarracks,no
Props,BuildingBarracksVaporwave,"Barracks: a thorn-ringed drill yard, vaporwave theme",48x48,20,Idle 4 loop; Build 6 once; Drill 6 once; Ruin 4 loop,BuildingBarracks,no
Props,BuildingBarracksWinter,"Barracks: a thorn-ringed drill yard, winter",48x48,20,Idle 4 loop; Build 6 once; Drill 6 once; Ruin 4 loop,BuildingBarracks,no
Props,BuildingFungusFarm,Fungus farm,48x48,20,Idle 4 loop; Build 6 once; Harvest 6 once; Ruin 4 loop,,no
Props,BuildingFungusFarmAutumn,"Fungus farm, autumn",48x48,20,Idle 4 loop; Build 6 once; Harvest 6 once; Ruin 4 loop,BuildingFungusFarm,no
Props,BuildingFungusFarmCandy,"Fungus farm, candy theme",48x48,20,Idle 4 loop; Build 6 once; Harvest 6 once; Ruin 4 loop,BuildingFungusFarm,no
Props,BuildingFungusFarmForest,"Fungus farm, in loam",48x48,20,Idle 4 loop; Build 6 once; Harvest 6 once; Ruin 4 loop,BuildingFungusFarm,no
Props,BuildingFungusFarmForestNight,"Fungus farm, in loam, night",48x48,20,Idle 4 loop; Build 6 once; Harvest 6 once; Ruin 4 loop,BuildingFungusFarm,no
Props,BuildingFungusFarmForestWinter,"Fungus farm, in loam, winter",48x48,20,Idle 4 loop; Build 6 once; Harvest 6 once; Ruin 4 loop,BuildingFungusFarm,no
Props,BuildingFungusFarmJungle,"Fungus farm, jungle theme",48x48,20,Idle 4 loop; Build 6 once; Harvest 6 once; Ruin 4 loop,BuildingFungusFarm,no
Props,BuildingFungusFarmMedieval,"Fungus farm, medieval theme",48x48,20,Idle 4 loop; Build 6 once; Harvest 6 once; Ruin 4 loop,BuildingFungusFarm,no
Props,BuildingFungusFarmMilitary,"Fungus farm, military theme",48x48,20,Idle 4 loop; Build 6 once; Harvest 6 once; Ruin 4 loop,BuildingFungusFarm,no
Props,BuildingFungusFarmNeon,"Fungus farm, neon theme",48x48,20,Idle 4 loop; Build 6 once; Harvest 6 once; Ruin 4 loop,BuildingFungusFarm,no
Props,BuildingFungusFarmNeonSpace,"Fungus farm, neonspace theme",48x48,20,Idle 4 loop; Build 6 once; Harvest 6 once; Ruin 4 loop,BuildingFungusFarm,no
Props,BuildingFungusFarmPirate,"Fungus farm, pirate theme",48x48,20,Idle 4 loop; Build 6 once; Harvest 6 once; Ruin 4 loop,BuildingFungusFarm,no
Props,BuildingFungusFarmRobot,"Fungus farm, robot theme",48x48,20,Idle 4 loop; Build 6 once; Harvest 6 once; Ruin 4 loop,BuildingFungusFarm,no
Props,BuildingFungusFarmSamurai,"Fungus farm, samurai theme",48x48,20,Idle 4 loop; Build 6 once; Harvest 6 once; Ruin 4 loop,BuildingFungusFarm,no
Props,BuildingFungusFarmSand,"Fungus farm, in sand",48x48,20,Idle 4 loop; Build 6 once; Harvest 6 once; Ruin 4 loop,BuildingFungusFarm,no
Props,BuildingFungusFarmSandNight,"Fungus farm, in sand, night",48x48,20,Idle 4 loop; Build 6 once; Harvest 6 once; Ruin 4 loop,BuildingFungusFarm,no
Props,BuildingFungusFarmSandWinter,"Fungus farm, in sand, winter",48x48,20,Idle 4 loop; Build 6 once; Harvest 6 once; Ruin 4 loop,BuildingFungusFarm,no
Props,BuildingFungusFarmSpace,"Fungus farm, space theme",48x48,20,Idle 4 loop; Build 6 once; Harvest 6 once; Ruin 4 loop,BuildingFungusFarm,no
Props,BuildingFungusFarmSpooky,"Fungus farm, spooky theme",48x48,20,Idle 4 loop; Build 6 once; Harvest 6 once; Ruin 4 loop,BuildingFungusFarm,no
Props,BuildingFungusFarmSteampunk,"Fungus farm, steampunk theme",48x48,20,Idle 4 loop; Build 6 once; Harvest 6 once; Ruin 4 loop,BuildingFungusFarm,no
Props,BuildingFungusFarmVaporwave,"Fungus farm, vaporwave theme",48x48,20,Idle 4 loop; Build 6 once; Harvest 6 once; Ruin 4 loop,BuildingFungusFarm,no
Props,BuildingFungusFarmWinter,"Fungus farm, winter",48x48,20,Idle 4 loop; Build 6 once; Harvest 6 once; Ruin 4 loop,BuildingFungusFarm,no
Props,BuildingGranary,Granary: a woven pod of stored seeds,48x48,20,Idle 4 loop; Build 6 once; Deliver 6 once; Ruin 4 loop,,no
Props,BuildingGranaryAutumn,"Granary: a woven pod of stored seeds, autumn",48x48,20,Idle 4 loop; Build 6 once; Deliver 6 once; Ruin 4 loop,BuildingGranary,no
Props,BuildingGranaryCandy,"Granary: a woven pod of stored seeds, candy theme",48x48,20,Idle 4 loop; Build 6 once; Deliver 6 once; Ruin 4 loop,BuildingGranary,no
Props,BuildingGranaryForest,"Granary: a woven pod of stored seeds, in loam",48x48,20,Idle 4 loop; Build 6 once; Deliver 6 once; Ruin 4 loop,BuildingGranary,no
Props,BuildingGranaryForestNight,"Granary: a woven pod of stored seeds, in loam, night",48x48,20,Idle 4 loop; Build 6 once; Deliver 6 once; Ruin 4 loop,BuildingGranary,no
Props,BuildingGranaryForestWinter,"Granary: a woven pod of stored seeds, in loam, winter",48x48,20,Idle 4 loop; Build 6 once; Deliver 6 once; Ruin 4 loop,BuildingGranary,no
Props,BuildingGranaryJungle,"Granary: a woven pod of stored seeds, jungle theme",48x48,20,Idle 4 loop; Build 6 once; Deliver 6 once; Ruin 4 loop,BuildingGranary,no
Props,BuildingGranaryMedieval,"Granary: a woven pod of stored seeds, medieval theme",48x48,20,Idle 4 loop; Build 6 once; Deliver 6 once; Ruin 4 loop,BuildingGranary,no
Props,BuildingGranaryMilitary,"Granary: a woven pod of stored seeds, military theme",48x48,20,Idle 4 loop; Build 6 once; Deliver 6 once; Ruin 4 loop,BuildingGranary,no
Props,BuildingGranaryNeon,"Granary: a woven pod of stored seeds, neon theme",48x48,20,Idle 4 loop; Build 6 once; Deliver 6 once; Ruin 4 loop,BuildingGranary,no
Props,BuildingGranaryNeonSpace,"Granary: a woven pod of stored seeds, neonspace theme",48x48,20,Idle 4 loop; Build 6 once; Deliver 6 once; Ruin 4 loop,BuildingGranary,no
Props,BuildingGranaryPirate,"Granary: a woven pod of stored seeds, pirate theme",48x48,20,Idle 4 loop; Build 6 once; Deliver 6 once; Ruin 4 loop,BuildingGranary,no
Props,BuildingGranaryRobot,"Granary: a woven pod of stored seeds, robot theme",48x48,20,Idle 4 loop; Build 6 once; Deliver 6 once; Ruin 4 loop,BuildingGranary,no
Props,BuildingGranarySamurai,"Granary: a woven pod of stored seeds, samurai theme",48x48,20,Idle 4 loop; Build 6 once; Deliver 6 once; Ruin 4 loop,BuildingGranary,no
Props,BuildingGranarySand,"Granary: a woven pod of stored seeds, in sand",48x48,20,Idle 4 loop; Build 6 once; Deliver 6 once; Ruin 4 loop,BuildingGranary,no
Props,BuildingGranarySandNight,"Granary: a woven pod of stored seeds, in sand, night",48x48,20,Idle 4 loop; Build 6 once; Deliver 6 once; Ruin 4 loop,BuildingGranary,no
Props,BuildingGranarySandWinter,"Granary: a woven pod of stored seeds, in sand, winter",48x48,20,Idle 4 loop; Build 6 once; Deliver 6 once; Ruin 4 loop,BuildingGranary,no
Props,BuildingGranarySpace,"Granary: a woven pod of stored seeds, space theme",48x48,20,Idle 4 loop; Build 6 once; Deliver 6 once; Ruin 4 loop,BuildingGranary,no
Props,BuildingGranarySpooky,"Granary: a woven pod of stored seeds, spooky theme",48x48,20,Idle 4 loop; Build 6 once; Deliver 6 once; Ruin 4 loop,BuildingGranary,no
Props,BuildingGranarySteampunk,"Granary: a woven pod of stored seeds, steampunk theme",48x48,20,Idle 4 loop; Build 6 once; Deliver 6 once; Ruin 4 loop,BuildingGranary,no
Props,BuildingGranaryVaporwave,"Granary: a woven pod of stored seeds, vaporwave theme",48x48,20,Idle 4 loop; Build 6 once; Deliver 6 once; Ruin 4 loop,BuildingGranary,no
Props,BuildingGranaryWinter,"Granary: a woven pod of stored seeds, winter",48x48,20,Idle 4 loop; Build 6 once; Deliver 6 once; Ruin 4 loop,BuildingGranary,no
Props,BuildingNursery,Nursery: the brood pit,48x48,20,Idle 4 loop; Build 6 once; Hatch 6 once; Ruin 4 loop,,no
Props,BuildingNurseryAutumn,"Nursery: the brood pit, autumn",48x48,20,Idle 4 loop; Build 6 once; Hatch 6 once; Ruin 4 loop,BuildingNursery,no
Props,BuildingNurseryCandy,"Nursery: the brood pit, candy theme",48x48,20,Idle 4 loop; Build 6 once; Hatch 6 once; Ruin 4 loop,BuildingNursery,no
Props,BuildingNurseryForest,"Nursery: the brood pit, in loam",48x48,20,Idle 4 loop; Build 6 once; Hatch 6 once; Ruin 4 loop,BuildingNursery,no
Props,BuildingNurseryForestNight,"Nursery: the brood pit, in loam, night",48x48,20,Idle 4 loop; Build 6 once; Hatch 6 once; Ruin 4 loop,BuildingNursery,no
Props,BuildingNurseryForestWinter,"Nursery: the brood pit, in loam, winter",48x48,20,Idle 4 loop; Build 6 once; Hatch 6 once; Ruin 4 loop,BuildingNursery,no
Props,BuildingNurseryJungle,"Nursery: the brood pit, jungle theme",48x48,20,Idle 4 loop; Build 6 once; Hatch 6 once; Ruin 4 loop,BuildingNursery,no
Props,BuildingNurseryMedieval,"Nursery: the brood pit, medieval theme",48x48,20,Idle 4 loop; Build 6 once; Hatch 6 once; Ruin 4 loop,BuildingNursery,no
Props,BuildingNurseryMilitary,"Nursery: the brood pit, military theme",48x48,20,Idle 4 loop; Build 6 once; Hatch 6 once; Ruin 4 loop,BuildingNursery,no
Props,BuildingNurseryNeon,"Nursery: the brood pit, neon theme",48x48,20,Idle 4 loop; Build 6 once; Hatch 6 once; Ruin 4 loop,BuildingNursery,no
Props,BuildingNurseryNeonSpace,"Nursery: the brood pit, neonspace theme",48x48,20,Idle 4 loop; Build 6 once; Hatch 6 once; Ruin 4 loop,BuildingNursery,no
Props,BuildingNurseryPirate,"Nursery: the brood pit, pirate theme",48x48,20,Idle 4 loop; Build 6 once; Hatch 6 once; Ruin 4 loop,BuildingNursery,no
Props,BuildingNurseryRobot,"Nursery: the brood pit, robot theme",48x48,20,Idle 4 loop; Build 6 once; Hatch 6 once; Ruin 4 loop,BuildingNursery,no
Props,BuildingNurserySamurai,"Nursery: the brood pit, samurai theme",48x48,20,Idle 4 loop; Build 6 once; Hatch 6 once; Ruin 4 loop,BuildingNursery,no
Props,BuildingNurserySand,"Nursery: the brood pit, in sand",48x48,20,Idle 4 loop; Build 6 once; Hatch 6 once; Ruin 4 loop,BuildingNursery,no
Props,BuildingNurserySandNight,"Nursery: the brood pit, in sand, night",48x48,20,Idle 4 loop; Build 6 once; Hatch 6 once; Ruin 4 loop,BuildingNursery,no
Props,BuildingNurserySandWinter,"Nursery: the brood pit, in sand, winter",48x48,20,Idle 4 loop; Build 6 once; Hatch 6 once; Ruin 4 loop,BuildingNursery,no
Props,BuildingNurserySpace,"Nursery: the brood pit, space theme",48x48,20,Idle 4 loop; Build 6 once; Hatch 6 once; Ruin 4 loop,BuildingNursery,no
Props,BuildingNurserySpooky,"Nursery: the brood pit, spooky theme",48x48,20,Idle 4 loop; Build 6 once; Hatch 6 once; Ruin 4 loop,BuildingNursery,no
Props,BuildingNurserySteampunk,"Nursery: the brood pit, steampunk theme",48x48,20,Idle 4 loop; Build 6 once; Hatch 6 once; Ruin 4 loop,BuildingNursery,no
Props,BuildingNurseryVaporwave,"Nursery: the brood pit, vaporwave theme",48x48,20,Idle 4 loop; Build 6 once; Hatch 6 once; Ruin 4 loop,BuildingNursery,no
Props,BuildingNurseryWinter,"Nursery: the brood pit, winter",48x48,20,Idle 4 loop; Build 6 once; Hatch 6 once; Ruin 4 loop,BuildingNursery,no
Props,BuildingWatchPost,Watch post on grass-blade stilts,48x48,19,Idle 4 loop; Build 6 once; Alert 5 once; Ruin 4 loop,,no
Props,BuildingWatchPostAutumn,"Watch post on grass-blade stilts, autumn",48x48,19,Idle 4 loop; Build 6 once; Alert 5 once; Ruin 4 loop,BuildingWatchPost,no
Props,BuildingWatchPostCandy,"Watch post on grass-blade stilts, candy theme",48x48,19,Idle 4 loop; Build 6 once; Alert 5 once; Ruin 4 loop,BuildingWatchPost,no
Props,BuildingWatchPostForest,"Watch post on grass-blade stilts, in loam",48x48,19,Idle 4 loop; Build 6 once; Alert 5 once; Ruin 4 loop,BuildingWatchPost,no
Props,BuildingWatchPostForestNight,"Watch post on grass-blade stilts, in loam, night",48x48,19,Idle 4 loop; Build 6 once; Alert 5 once; Ruin 4 loop,BuildingWatchPost,no
Props,BuildingWatchPostForestWinter,"Watch post on grass-blade stilts, in loam, winter",48x48,19,Idle 4 loop; Build 6 once; Alert 5 once; Ruin 4 loop,BuildingWatchPost,no
Props,BuildingWatchPostJungle,"Watch post on grass-blade stilts, jungle theme",48x48,19,Idle 4 loop; Build 6 once; Alert 5 once; Ruin 4 loop,BuildingWatchPost,no
Props,BuildingWatchPostMedieval,"Watch post on grass-blade stilts, medieval theme",48x48,19,Idle 4 loop; Build 6 once; Alert 5 once; Ruin 4 loop,BuildingWatchPost,no
Props,BuildingWatchPostMilitary,"Watch post on grass-blade stilts, military theme",48x48,19,Idle 4 loop; Build 6 once; Alert 5 once; Ruin 4 loop,BuildingWatchPost,no
Props,BuildingWatchPostNeon,"Watch post on grass-blade stilts, neon theme",48x48,19,Idle 4 loop; Build 6 once; Alert 5 once; Ruin 4 loop,BuildingWatchPost,no
Props,BuildingWatchPostNeonSpace,"Watch post on grass-blade stilts, neonspace theme",48x48,19,Idle 4 loop; Build 6 once; Alert 5 once; Ruin 4 loop,BuildingWatchPost,no
Props,BuildingWatchPostPirate,"Watch post on grass-blade stilts, pirate theme",48x48,19,Idle 4 loop; Build 6 once; Alert 5 once; Ruin 4 loop,BuildingWatchPost,no
Props,BuildingWatchPostRobot,"Watch post on grass-blade stilts, robot theme",48x48,19,Idle 4 loop; Build 6 once; Alert 5 once; Ruin 4 loop,BuildingWatchPost,no
Props,BuildingWatchPostSamurai,"Watch post on grass-blade stilts, samurai theme",48x48,19,Idle 4 loop; Build 6 once; Alert 5 once; Ruin 4 loop,BuildingWatchPost,no
Props,BuildingWatchPostSand,"Watch post on grass-blade stilts, in sand",48x48,19,Idle 4 loop; Build 6 once; Alert 5 once; Ruin 4 loop,BuildingWatchPost,no
Props,BuildingWatchPostSandNight,"Watch post on grass-blade stilts, in sand, night",48x48,19,Idle 4 loop; Build 6 once; Alert 5 once; Ruin 4 loop,BuildingWatchPost,no
Props,BuildingWatchPostSandWinter,"Watch post on grass-blade stilts, in sand, winter",48x48,19,Idle 4 loop; Build 6 once; Alert 5 once; Ruin 4 loop,BuildingWatchPost,no
Props,BuildingWatchPostSpace,"Watch post on grass-blade stilts, space theme",48x48,19,Idle 4 loop; Build 6 once; Alert 5 once; Ruin 4 loop,BuildingWatchPost,no
Props,BuildingWatchPostSpooky,"Watch post on grass-blade stilts, spooky theme",48x48,19,Idle 4 loop; Build 6 once; Alert 5 once; Ruin 4 loop,BuildingWatchPost,no
Props,BuildingWatchPostSteampunk,"Watch post on grass-blade stilts, steampunk theme",48x48,19,Idle 4 loop; Build 6 once; Alert 5 once; Ruin 4 loop,BuildingWatchPost,no
Props,BuildingWatchPostVaporwave,"Watch post on grass-blade stilts, vaporwave theme",48x48,19,Idle 4 loop; Build 6 once; Alert 5 once; Ruin 4 loop,BuildingWatchPost,no
Props,BuildingWatchPostWinter,"Watch post on grass-blade stilts, winter",48x48,19,Idle 4 loop; Build 6 once; Alert 5 once; Ruin 4 loop,BuildingWatchPost,no
Props,CritterPillbug,Pill bug (faces right),16x16,9,Walk 4 loop; Roll 5 once,,no
Props,CritterPillbugNight,"Pill bug (faces right), night",16x16,9,Walk 4 loop; Roll 5 once,CritterPillbug,no
Props,CritterPillbugWinter,"Pill bug (faces right), winter",16x16,9,Walk 4 loop; Roll 5 once,CritterPillbug,no
Props,CritterStrider,Water strider (faces right),24x24,6,Skate 6 loop,,no
Props,CritterStriderNight,"Water strider (faces right), night",24x24,6,Skate 6 loop,CritterStrider,no
Props,CritterStriderWinter,"Water strider (faces right), winter",24x24,6,Skate 6 loop,CritterStrider,no
Props,DecorDriftwood,Driftwood,48x32,2,A 1 loop; B 1 loop,,no
Props,DecorDriftwoodNight,"Driftwood, night",48x32,2,A 1 loop; B 1 loop,DecorDriftwood,no
Props,DecorDriftwoodWinter,"Driftwood, winter",48x32,2,A 1 loop; B 1 loop,DecorDriftwood,no
Props,DecorFlower,Flowers,16x16,12,A 4 loop; B 4 loop; C 4 loop,,graybox
Props,DecorFlowerAutumn,"Flowers, autumn",16x16,12,A 4 loop; B 4 loop; C 4 loop,DecorFlower,no
Props,DecorFlowerCandy,"Flowers, candy theme",16x16,12,A 4 loop; B 4 loop; C 4 loop,DecorFlower,no
Props,DecorFlowerJungle,"Flowers, jungle theme",16x16,12,A 4 loop; B 4 loop; C 4 loop,DecorFlower,no
Props,DecorFlowerMedieval,"Flowers, medieval theme",16x16,12,A 4 loop; B 4 loop; C 4 loop,DecorFlower,no
Props,DecorFlowerMilitary,"Flowers, military theme",16x16,12,A 4 loop; B 4 loop; C 4 loop,DecorFlower,no
Props,DecorFlowerNeon,"Flowers, neon theme",16x16,12,A 4 loop; B 4 loop; C 4 loop,DecorFlower,no
Props,DecorFlowerNeonSpace,"Flowers, neonspace theme",16x16,12,A 4 loop; B 4 loop; C 4 loop,DecorFlower,no
Props,DecorFlowerPirate,"Flowers, pirate theme",16x16,12,A 4 loop; B 4 loop; C 4 loop,DecorFlower,no
Props,DecorFlowerRobot,"Flowers, robot theme",16x16,12,A 4 loop; B 4 loop; C 4 loop,DecorFlower,no
Props,DecorFlowerSamurai,"Flowers, samurai theme",16x16,12,A 4 loop; B 4 loop; C 4 loop,DecorFlower,no
Props,DecorFlowerSpace,"Flowers, space theme",16x16,12,A 4 loop; B 4 loop; C 4 loop,DecorFlower,no
Props,DecorFlowerSpooky,"Flowers, spooky theme",16x16,12,A 4 loop; B 4 loop; C 4 loop,DecorFlower,no
Props,DecorFlowerSteampunk,"Flowers, steampunk theme",16x16,12,A 4 loop; B 4 loop; C 4 loop,DecorFlower,no
Props,DecorFlowerVaporwave,"Flowers, vaporwave theme",16x16,12,A 4 loop; B 4 loop; C 4 loop,DecorFlower,no
Props,DecorFlowerWinter,"Flowers, winter",16x16,12,A 4 loop; B 4 loop; C 4 loop,DecorFlower,no
Props,DecorGrass,Grass tufts,16x16,12,A 4 loop; B 4 loop; C 4 loop,,graybox
Props,DecorGrassAutumn,"Grass tufts, autumn",16x16,12,A 4 loop; B 4 loop; C 4 loop,DecorGrass,no
Props,DecorGrassCandy,"Grass tufts, candy theme",16x16,12,A 4 loop; B 4 loop; C 4 loop,DecorGrass,no
Props,DecorGrassJungle,"Grass tufts, jungle theme",16x16,12,A 4 loop; B 4 loop; C 4 loop,DecorGrass,no
Props,DecorGrassMedieval,"Grass tufts, medieval theme",16x16,12,A 4 loop; B 4 loop; C 4 loop,DecorGrass,no
Props,DecorGrassMilitary,"Grass tufts, military theme",16x16,12,A 4 loop; B 4 loop; C 4 loop,DecorGrass,no
Props,DecorGrassNeon,"Grass tufts, neon theme",16x16,12,A 4 loop; B 4 loop; C 4 loop,DecorGrass,no
Props,DecorGrassNeonSpace,"Grass tufts, neonspace theme",16x16,12,A 4 loop; B 4 loop; C 4 loop,DecorGrass,no
Props,DecorGrassNight,"Grass tufts, night",16x16,12,A 4 loop; B 4 loop; C 4 loop,DecorGrass,no
Props,DecorGrassPirate,"Grass tufts, pirate theme",16x16,12,A 4 loop; B 4 loop; C 4 loop,DecorGrass,no
Props,DecorGrassRobot,"Grass tufts, robot theme",16x16,12,A 4 loop; B 4 loop; C 4 loop,DecorGrass,no
Props,DecorGrassSamurai,"Grass tufts, samurai theme",16x16,12,A 4 loop; B 4 loop; C 4 loop,DecorGrass,no
Props,DecorGrassSpace,"Grass tufts, space theme",16x16,12,A 4 loop; B 4 loop; C 4 loop,DecorGrass,no
Props,DecorGrassSpooky,"Grass tufts, spooky theme",16x16,12,A 4 loop; B 4 loop; C 4 loop,DecorGrass,no
Props,DecorGrassSteampunk,"Grass tufts, steampunk theme",16x16,12,A 4 loop; B 4 loop; C 4 loop,DecorGrass,no
Props,DecorGrassVaporwave,"Grass tufts, vaporwave theme",16x16,12,A 4 loop; B 4 loop; C 4 loop,DecorGrass,no
Props,DecorGrassWinter,"Grass tufts, winter",16x16,12,A 4 loop; B 4 loop; C 4 loop,DecorGrass,no
Props,DecorLeaf,Fallen leaves,24x24,3,A 1 loop; B 1 loop; C 1 loop,,graybox
Props,DecorLeafAutumn,"Fallen leaves, autumn",24x24,3,A 1 loop; B 1 loop; C 1 loop,DecorLeaf,no
Props,DecorLeafCandy,"Fallen leaves, candy theme",24x24,3,A 1 loop; B 1 loop; C 1 loop,DecorLeaf,no
Props,DecorLeafJungle,"Fallen leaves, jungle theme",24x24,3,A 1 loop; B 1 loop; C 1 loop,DecorLeaf,no
Props,DecorLeafMedieval,"Fallen leaves, medieval theme",24x24,3,A 1 loop; B 1 loop; C 1 loop,DecorLeaf,no
Props,DecorLeafMilitary,"Fallen leaves, military theme",24x24,3,A 1 loop; B 1 loop; C 1 loop,DecorLeaf,no
Props,DecorLeafNeon,"Fallen leaves, neon theme",24x24,3,A 1 loop; B 1 loop; C 1 loop,DecorLeaf,no
Props,DecorLeafNeonSpace,"Fallen leaves, neonspace theme",24x24,3,A 1 loop; B 1 loop; C 1 loop,DecorLeaf,no
Props,DecorLeafPile,Raked autumn leaves,32x32,6,A 1 loop; B 5 loop,,no
Props,DecorLeafPirate,"Fallen leaves, pirate theme",24x24,3,A 1 loop; B 1 loop; C 1 loop,DecorLeaf,no
Props,DecorLeafRobot,"Fallen leaves, robot theme",24x24,3,A 1 loop; B 1 loop; C 1 loop,DecorLeaf,no
Props,DecorLeafSamurai,"Fallen leaves, samurai theme",24x24,3,A 1 loop; B 1 loop; C 1 loop,DecorLeaf,no
Props,DecorLeafSpace,"Fallen leaves, space theme",24x24,3,A 1 loop; B 1 loop; C 1 loop,DecorLeaf,no
Props,DecorLeafSpooky,"Fallen leaves, spooky theme",24x24,3,A 1 loop; B 1 loop; C 1 loop,DecorLeaf,no
Props,DecorLeafSteampunk,"Fallen leaves, steampunk theme",24x24,3,A 1 loop; B 1 loop; C 1 loop,DecorLeaf,no
Props,DecorLeafVaporwave,"Fallen leaves, vaporwave theme",24x24,3,A 1 loop; B 1 loop; C 1 loop,DecorLeaf,no
Props,DecorLeafWinter,"Fallen leaves, winter",24x24,3,A 1 loop; B 1 loop; C 1 loop,DecorLeaf,no
Props,DecorLitter,Forest litter,16x16,5,LeafA 1 loop; LeafB 1 loop; Needles 1 loop; AcornCap 1 loop; Cone 1 loop,,no
Props,DecorLitterNight,"Forest litter, night",16x16,5,LeafA 1 loop; LeafB 1 loop; Needles 1 loop; AcornCap 1 loop; Cone 1 loop,DecorLitter,no
Props,DecorLitterWinter,"Forest litter, winter",16x16,5,LeafA 1 loop; LeafB 1 loop; Needles 1 loop; AcornCap 1 loop; Cone 1 loop,DecorLitter,no
Props,DecorMushroom,Mushrooms,16x16,2,A 1 loop; B 1 loop,,graybox
Props,DecorMushroomAutumn,"Mushrooms, autumn",16x16,2,A 1 loop; B 1 loop,DecorMushroom,no
Props,DecorMushroomCandy,"Mushrooms, candy theme",16x16,2,A 1 loop; B 1 loop,DecorMushroom,no
Props,DecorMushroomJungle,"Mushrooms, jungle theme",16x16,2,A 1 loop; B 1 loop,DecorMushroom,no
Props,DecorMushroomMedieval,"Mushrooms, medieval theme",16x16,2,A 1 loop; B 1 loop,DecorMushroom,no
Props,DecorMushroomMilitary,"Mushrooms, military theme",16x16,2,A 1 loop; B 1 loop,DecorMushroom,no
Props,DecorMushroomNeon,"Mushrooms, neon theme",16x16,2,A 1 loop; B 1 loop,DecorMushroom,no
Props,DecorMushroomNeonSpace,"Mushrooms, neonspace theme",16x16,2,A 1 loop; B 1 loop,DecorMushroom,no
Props,DecorMushroomPirate,"Mushrooms, pirate theme",16x16,2,A 1 loop; B 1 loop,DecorMushroom,no
Props,DecorMushroomRobot,"Mushrooms, robot theme",16x16,2,A 1 loop; B 1 loop,DecorMushroom,no
Props,DecorMushroomSamurai,"Mushrooms, samurai theme",16x16,2,A 1 loop; B 1 loop,DecorMushroom,no
Props,DecorMushroomSpace,"Mushrooms, space theme",16x16,2,A 1 loop; B 1 loop,DecorMushroom,no
Props,DecorMushroomSpooky,"Mushrooms, spooky theme",16x16,2,A 1 loop; B 1 loop,DecorMushroom,no
Props,DecorMushroomSteampunk,"Mushrooms, steampunk theme",16x16,2,A 1 loop; B 1 loop,DecorMushroom,no
Props,DecorMushroomVaporwave,"Mushrooms, vaporwave theme",16x16,2,A 1 loop; B 1 loop,DecorMushroom,no
Props,DecorMushroomWinter,"Mushrooms, winter",16x16,2,A 1 loop; B 1 loop,DecorMushroom,no
Props,DecorPebble,Pebbles,16x16,3,A 1 loop; B 1 loop; C 1 loop,,graybox
Props,DecorPebbleAutumn,"Pebbles, autumn",16x16,3,A 1 loop; B 1 loop; C 1 loop,DecorPebble,no
Props,DecorPebbleCandy,"Pebbles, candy theme",16x16,3,A 1 loop; B 1 loop; C 1 loop,DecorPebble,no
Props,DecorPebbleJungle,"Pebbles, jungle theme",16x16,3,A 1 loop; B 1 loop; C 1 loop,DecorPebble,no
Props,DecorPebbleMedieval,"Pebbles, medieval theme",16x16,3,A 1 loop; B 1 loop; C 1 loop,DecorPebble,no
Props,DecorPebbleMilitary,"Pebbles, military theme",16x16,3,A 1 loop; B 1 loop; C 1 loop,DecorPebble,no
Props,DecorPebbleNeon,"Pebbles, neon theme",16x16,3,A 1 loop; B 1 loop; C 1 loop,DecorPebble,no
Props,DecorPebbleNeonSpace,"Pebbles, neonspace theme",16x16,3,A 1 loop; B 1 loop; C 1 loop,DecorPebble,no
Props,DecorPebblePirate,"Pebbles, pirate theme",16x16,3,A 1 loop; B 1 loop; C 1 loop,DecorPebble,no
Props,DecorPebbleRobot,"Pebbles, robot theme",16x16,3,A 1 loop; B 1 loop; C 1 loop,DecorPebble,no
Props,DecorPebbleSamurai,"Pebbles, samurai theme",16x16,3,A 1 loop; B 1 loop; C 1 loop,DecorPebble,no
Props,DecorPebbleSpace,"Pebbles, space theme",16x16,3,A 1 loop; B 1 loop; C 1 loop,DecorPebble,no
Props,DecorPebbleSpooky,"Pebbles, spooky theme",16x16,3,A 1 loop; B 1 loop; C 1 loop,DecorPebble,no
Props,DecorPebbleSteampunk,"Pebbles, steampunk theme",16x16,3,A 1 loop; B 1 loop; C 1 loop,DecorPebble,no
Props,DecorPebbleVaporwave,"Pebbles, vaporwave theme",16x16,3,A 1 loop; B 1 loop; C 1 loop,DecorPebble,no
Props,DecorPebbleWinter,"Pebbles, winter",16x16,3,A 1 loop; B 1 loop; C 1 loop,DecorPebble,no
Props,DecorRiver,Things washed up,16x16,8,Feather 1 loop; Weed 4 loop; Tracks 1 loop; Ripple 1 loop; Pebbles 1 loop,,no
Props,DecorRiverNight,"Things washed up, night",16x16,8,Feather 1 loop; Weed 4 loop; Tracks 1 loop; Ripple 1 loop; Pebbles 1 loop,DecorRiver,no
Props,DecorRiverWinter,"Things washed up, winter",16x16,8,Feather 1 loop; Weed 4 loop; Tracks 1 loop; Ripple 1 loop; Pebbles 1 loop,DecorRiver,no
Props,DecorRoot,Roots,32x32,2,A 1 loop; B 1 loop,,graybox
Props,DecorRootAutumn,"Roots, autumn",32x32,2,A 1 loop; B 1 loop,DecorRoot,no
Props,DecorRootCandy,"Roots, candy theme",32x32,2,A 1 loop; B 1 loop,DecorRoot,no
Props,DecorRootJungle,"Roots, jungle theme",32x32,2,A 1 loop; B 1 loop,DecorRoot,no
Props,DecorRootMedieval,"Roots, medieval theme",32x32,2,A 1 loop; B 1 loop,DecorRoot,no
Props,DecorRootMilitary,"Roots, military theme",32x32,2,A 1 loop; B 1 loop,DecorRoot,no
Props,DecorRootNeon,"Roots, neon theme",32x32,2,A 1 loop; B 1 loop,DecorRoot,no
Props,DecorRootNeonSpace,"Roots, neonspace theme",32x32,2,A 1 loop; B 1 loop,DecorRoot,no
Props,DecorRootPirate,"Roots, pirate theme",32x32,2,A 1 loop; B 1 loop,DecorRoot,no
Props,DecorRootRobot,"Roots, robot theme",32x32,2,A 1 loop; B 1 loop,DecorRoot,no
Props,DecorRootSamurai,"Roots, samurai theme",32x32,2,A 1 loop; B 1 loop,DecorRoot,no
Props,DecorRootSpace,"Roots, space theme",32x32,2,A 1 loop; B 1 loop,DecorRoot,no
Props,DecorRootSpooky,"Roots, spooky theme",32x32,2,A 1 loop; B 1 loop,DecorRoot,no
Props,DecorRootSteampunk,"Roots, steampunk theme",32x32,2,A 1 loop; B 1 loop,DecorRoot,no
Props,DecorRootVaporwave,"Roots, vaporwave theme",32x32,2,A 1 loop; B 1 loop,DecorRoot,no
Props,DecorRootWinter,"Roots, winter",32x32,2,A 1 loop; B 1 loop,DecorRoot,no
Props,DecorShell,Shells,16x16,3,A 1 loop; B 1 loop; C 1 loop,,no
Props,DecorShellNight,"Shells, night",16x16,3,A 1 loop; B 1 loop; C 1 loop,DecorShell,no
Props,DecorShellWinter,"Shells, winter",16x16,3,A 1 loop; B 1 loop; C 1 loop,DecorShell,no
Props,DecorSnow,Snow drifts,32x32,6,A 2 loop; B 2 loop; C 2 loop,,no
Props,DecorTrailEdge,Trail edge pieces (the trail runs left to right under them),32x32,3,A 1 loop; B 1 loop; C 1 loop,,graybox
Props,DecorTrailEdgeAutumn,"Trail edge pieces (the trail runs left to right under them), autumn",32x32,3,A 1 loop; B 1 loop; C 1 loop,DecorTrailEdge,no
Props,DecorTrailEdgeCandy,"Trail edge pieces (the trail runs left to right under them), candy theme",32x32,3,A 1 loop; B 1 loop; C 1 loop,DecorTrailEdge,no
Props,DecorTrailEdgeJungle,"Trail edge pieces (the trail runs left to right under them), jungle theme",32x32,3,A 1 loop; B 1 loop; C 1 loop,DecorTrailEdge,no
Props,DecorTrailEdgeMedieval,"Trail edge pieces (the trail runs left to right under them), medieval theme",32x32,3,A 1 loop; B 1 loop; C 1 loop,DecorTrailEdge,no
Props,DecorTrailEdgeMilitary,"Trail edge pieces (the trail runs left to right under them), military theme",32x32,3,A 1 loop; B 1 loop; C 1 loop,DecorTrailEdge,no
Props,DecorTrailEdgeNeon,"Trail edge pieces (the trail runs left to right under them), neon theme",32x32,3,A 1 loop; B 1 loop; C 1 loop,DecorTrailEdge,no
Props,DecorTrailEdgeNeonSpace,"Trail edge pieces (the trail runs left to right under them), neonspace theme",32x32,3,A 1 loop; B 1 loop; C 1 loop,DecorTrailEdge,no
Props,DecorTrailEdgePirate,"Trail edge pieces (the trail runs left to right under them), pirate theme",32x32,3,A 1 loop; B 1 loop; C 1 loop,DecorTrailEdge,no
Props,DecorTrailEdgeRobot,"Trail edge pieces (the trail runs left to right under them), robot theme",32x32,3,A 1 loop; B 1 loop; C 1 loop,DecorTrailEdge,no
Props,DecorTrailEdgeSamurai,"Trail edge pieces (the trail runs left to right under them), samurai theme",32x32,3,A 1 loop; B 1 loop; C 1 loop,DecorTrailEdge,no
Props,DecorTrailEdgeSpace,"Trail edge pieces (the trail runs left to right under them), space theme",32x32,3,A 1 loop; B 1 loop; C 1 loop,DecorTrailEdge,no
Props,DecorTrailEdgeSpooky,"Trail edge pieces (the trail runs left to right under them), spooky theme",32x32,3,A 1 loop; B 1 loop; C 1 loop,DecorTrailEdge,no
Props,DecorTrailEdgeSteampunk,"Trail edge pieces (the trail runs left to right under them), steampunk theme",32x32,3,A 1 loop; B 1 loop; C 1 loop,DecorTrailEdge,no
Props,DecorTrailEdgeVaporwave,"Trail edge pieces (the trail runs left to right under them), vaporwave theme",32x32,3,A 1 loop; B 1 loop; C 1 loop,DecorTrailEdge,no
Props,DecorTrailEdgeWinter,"Trail edge pieces (the trail runs left to right under them), winter",32x32,3,A 1 loop; B 1 loop; C 1 loop,DecorTrailEdge,no
Props,DecorTwig,Twigs,24x24,2,A 1 loop; B 1 loop,,graybox
Props,DecorTwigAutumn,"Twigs, autumn",24x24,2,A 1 loop; B 1 loop,DecorTwig,no
Props,DecorTwigCandy,"Twigs, candy theme",24x24,2,A 1 loop; B 1 loop,DecorTwig,no
Props,DecorTwigJungle,"Twigs, jungle theme",24x24,2,A 1 loop; B 1 loop,DecorTwig,no
Props,DecorTwigMedieval,"Twigs, medieval theme",24x24,2,A 1 loop; B 1 loop,DecorTwig,no
Props,DecorTwigMilitary,"Twigs, military theme",24x24,2,A 1 loop; B 1 loop,DecorTwig,no
Props,DecorTwigNeon,"Twigs, neon theme",24x24,2,A 1 loop; B 1 loop,DecorTwig,no
Props,DecorTwigNeonSpace,"Twigs, neonspace theme",24x24,2,A 1 loop; B 1 loop,DecorTwig,no
Props,DecorTwigPirate,"Twigs, pirate theme",24x24,2,A 1 loop; B 1 loop,DecorTwig,no
Props,DecorTwigRobot,"Twigs, robot theme",24x24,2,A 1 loop; B 1 loop,DecorTwig,no
Props,DecorTwigSamurai,"Twigs, samurai theme",24x24,2,A 1 loop; B 1 loop,DecorTwig,no
Props,DecorTwigSpace,"Twigs, space theme",24x24,2,A 1 loop; B 1 loop,DecorTwig,no
Props,DecorTwigSpooky,"Twigs, spooky theme",24x24,2,A 1 loop; B 1 loop,DecorTwig,no
Props,DecorTwigSteampunk,"Twigs, steampunk theme",24x24,2,A 1 loop; B 1 loop,DecorTwig,no
Props,DecorTwigVaporwave,"Twigs, vaporwave theme",24x24,2,A 1 loop; B 1 loop,DecorTwig,no
Props,DecorTwigWinter,"Twigs, winter",24x24,2,A 1 loop; B 1 loop,DecorTwig,no
Props,LightCrystal,Dew crystal,32x32,4,Glow 4 loop,,no
Props,LightCrystalCandy,"Dew crystal, candy theme",32x32,4,Glow 4 loop,LightCrystal,no
Props,LightCrystalJungle,"Dew crystal, jungle theme",32x32,4,Glow 4 loop,LightCrystal,no
Props,LightCrystalMedieval,"Dew crystal, medieval theme",32x32,4,Glow 4 loop,LightCrystal,no
Props,LightCrystalMilitary,"Dew crystal, military theme",32x32,4,Glow 4 loop,LightCrystal,no
Props,LightCrystalNeon,"Dew crystal, neon theme",32x32,4,Glow 4 loop,LightCrystal,no
Props,LightCrystalNeonSpace,"Dew crystal, neonspace theme",32x32,4,Glow 4 loop,LightCrystal,no
Props,LightCrystalPirate,"Dew crystal, pirate theme",32x32,4,Glow 4 loop,LightCrystal,no
Props,LightCrystalRobot,"Dew crystal, robot theme",32x32,4,Glow 4 loop,LightCrystal,no
Props,LightCrystalSamurai,"Dew crystal, samurai theme",32x32,4,Glow 4 loop,LightCrystal,no
Props,LightCrystalSpace,"Dew crystal, space theme",32x32,4,Glow 4 loop,LightCrystal,no
Props,LightCrystalSpooky,"Dew crystal, spooky theme",32x32,4,Glow 4 loop,LightCrystal,no
Props,LightCrystalSteampunk,"Dew crystal, steampunk theme",32x32,4,Glow 4 loop,LightCrystal,no
Props,LightCrystalVaporwave,"Dew crystal, vaporwave theme",32x32,4,Glow 4 loop,LightCrystal,no
Props,LightCrystalWinter,"Dew crystal, winter",32x32,4,Glow 4 loop,LightCrystal,no
Props,LightEmberPit,Ember pit,32x32,8,Burn 4 loop; Embers 4 loop,,no
Props,LightEmberPitCandy,"Ember pit, candy theme",32x32,8,Burn 4 loop; Embers 4 loop,LightEmberPit,no
Props,LightEmberPitJungle,"Ember pit, jungle theme",32x32,8,Burn 4 loop; Embers 4 loop,LightEmberPit,no
Props,LightEmberPitMedieval,"Ember pit, medieval theme",32x32,8,Burn 4 loop; Embers 4 loop,LightEmberPit,no
Props,LightEmberPitMilitary,"Ember pit, military theme",32x32,8,Burn 4 loop; Embers 4 loop,LightEmberPit,no
Props,LightEmberPitNeon,"Ember pit, neon theme",32x32,8,Burn 4 loop; Embers 4 loop,LightEmberPit,no
Props,LightEmberPitNeonSpace,"Ember pit, neonspace theme",32x32,8,Burn 4 loop; Embers 4 loop,LightEmberPit,no
Props,LightEmberPitPirate,"Ember pit, pirate theme",32x32,8,Burn 4 loop; Embers 4 loop,LightEmberPit,no
Props,LightEmberPitRobot,"Ember pit, robot theme",32x32,8,Burn 4 loop; Embers 4 loop,LightEmberPit,no
Props,LightEmberPitSamurai,"Ember pit, samurai theme",32x32,8,Burn 4 loop; Embers 4 loop,LightEmberPit,no
Props,LightEmberPitSpace,"Ember pit, space theme",32x32,8,Burn 4 loop; Embers 4 loop,LightEmberPit,no
Props,LightEmberPitSpooky,"Ember pit, spooky theme",32x32,8,Burn 4 loop; Embers 4 loop,LightEmberPit,no
Props,LightEmberPitSteampunk,"Ember pit, steampunk theme",32x32,8,Burn 4 loop; Embers 4 loop,LightEmberPit,no
Props,LightEmberPitVaporwave,"Ember pit, vaporwave theme",32x32,8,Burn 4 loop; Embers 4 loop,LightEmberPit,no
Props,LightEmberPitWinter,"Ember pit, winter",32x32,8,Burn 4 loop; Embers 4 loop,LightEmberPit,no
Props,LightFoxfire,Foxfire on a stump,32x32,4,Glow 4 loop,,no
Props,LightFoxfireNight,"Foxfire on a stump, night",32x32,4,Glow 4 loop,LightFoxfire,no
Props,LightFoxfireWinter,"Foxfire on a stump, winter",32x32,4,Glow 4 loop,LightFoxfire,no
Props,LightGlowCap,Glow-cap mushroom,32x32,5,Glow 4 loop; Dim 1 loop,,no
Props,LightGlowCapCandy,"Glow-cap mushroom, candy theme",32x32,5,Glow 4 loop; Dim 1 loop,LightGlowCap,no
Props,LightGlowCapJungle,"Glow-cap mushroom, jungle theme",32x32,5,Glow 4 loop; Dim 1 loop,LightGlowCap,no
Props,LightGlowCapMedieval,"Glow-cap mushroom, medieval theme",32x32,5,Glow 4 loop; Dim 1 loop,LightGlowCap,no
Props,LightGlowCapMilitary,"Glow-cap mushroom, military theme",32x32,5,Glow 4 loop; Dim 1 loop,LightGlowCap,no
Props,LightGlowCapNeon,"Glow-cap mushroom, neon theme",32x32,5,Glow 4 loop; Dim 1 loop,LightGlowCap,no
Props,LightGlowCapNeonSpace,"Glow-cap mushroom, neonspace theme",32x32,5,Glow 4 loop; Dim 1 loop,LightGlowCap,no
Props,LightGlowCapPirate,"Glow-cap mushroom, pirate theme",32x32,5,Glow 4 loop; Dim 1 loop,LightGlowCap,no
Props,LightGlowCapRobot,"Glow-cap mushroom, robot theme",32x32,5,Glow 4 loop; Dim 1 loop,LightGlowCap,no
Props,LightGlowCapSamurai,"Glow-cap mushroom, samurai theme",32x32,5,Glow 4 loop; Dim 1 loop,LightGlowCap,no
Props,LightGlowCapSpace,"Glow-cap mushroom, space theme",32x32,5,Glow 4 loop; Dim 1 loop,LightGlowCap,no
Props,LightGlowCapSpooky,"Glow-cap mushroom, spooky theme",32x32,5,Glow 4 loop; Dim 1 loop,LightGlowCap,no
Props,LightGlowCapSteampunk,"Glow-cap mushroom, steampunk theme",32x32,5,Glow 4 loop; Dim 1 loop,LightGlowCap,no
Props,LightGlowCapVaporwave,"Glow-cap mushroom, vaporwave theme",32x32,5,Glow 4 loop; Dim 1 loop,LightGlowCap,no
Props,LightGlowCapWinter,"Glow-cap mushroom, winter",32x32,5,Glow 4 loop; Dim 1 loop,LightGlowCap,no
Props,LightLantern,Firefly lantern,32x32,6,Glow 6 loop,,no
Props,LightLanternCandy,"Firefly lantern, candy theme",32x32,6,Glow 6 loop,LightLantern,no
Props,LightLanternJungle,"Firefly lantern, jungle theme",32x32,6,Glow 6 loop,LightLantern,no
Props,LightLanternMedieval,"Firefly lantern, medieval theme",32x32,6,Glow 6 loop,LightLantern,no
Props,LightLanternMilitary,"Firefly lantern, military theme",32x32,6,Glow 6 loop,LightLantern,no
Props,LightLanternNeon,"Firefly lantern, neon theme",32x32,6,Glow 6 loop,LightLantern,no
Props,LightLanternNeonSpace,"Firefly lantern, neonspace theme",32x32,6,Glow 6 loop,LightLantern,no
Props,LightLanternPirate,"Firefly lantern, pirate theme",32x32,6,Glow 6 loop,LightLantern,no
Props,LightLanternRobot,"Firefly lantern, robot theme",32x32,6,Glow 6 loop,LightLantern,no
Props,LightLanternSamurai,"Firefly lantern, samurai theme",32x32,6,Glow 6 loop,LightLantern,no
Props,LightLanternSpace,"Firefly lantern, space theme",32x32,6,Glow 6 loop,LightLantern,no
Props,LightLanternSpooky,"Firefly lantern, spooky theme",32x32,6,Glow 6 loop,LightLantern,no
Props,LightLanternSteampunk,"Firefly lantern, steampunk theme",32x32,6,Glow 6 loop,LightLantern,no
Props,LightLanternVaporwave,"Firefly lantern, vaporwave theme",32x32,6,Glow 6 loop,LightLantern,no
Props,LightLanternWinter,"Firefly lantern, winter",32x32,6,Glow 6 loop,LightLantern,no
Props,LightReedTorch,Burning reed bundle,32x32,4,Lit 4 loop,,no
Props,LightReedTorchNight,"Burning reed bundle, night",32x32,4,Lit 4 loop,LightReedTorch,no
Props,LightReedTorchWinter,"Burning reed bundle, winter",32x32,4,Lit 4 loop,LightReedTorch,no
Props,LightShellLamp,Glow-worm in a shell,32x32,4,Glow 4 loop,,no
Props,LightShellLampNight,"Glow-worm in a shell, night",32x32,4,Glow 4 loop,LightShellLamp,no
Props,LightShellLampWinter,"Glow-worm in a shell, winter",32x32,4,Glow 4 loop,LightShellLamp,no
Props,LightTorch,Twig torch,32x32,12,Lit 4 loop; Flare 4 once; Out 4 loop,,no
Props,LightTorchCandy,"Twig torch, candy theme",32x32,12,Lit 4 loop; Flare 4 once; Out 4 loop,LightTorch,no
Props,LightTorchJungle,"Twig torch, jungle theme",32x32,12,Lit 4 loop; Flare 4 once; Out 4 loop,LightTorch,no
Props,LightTorchMedieval,"Twig torch, medieval theme",32x32,12,Lit 4 loop; Flare 4 once; Out 4 loop,LightTorch,no
Props,LightTorchMilitary,"Twig torch, military theme",32x32,12,Lit 4 loop; Flare 4 once; Out 4 loop,LightTorch,no
Props,LightTorchNeon,"Twig torch, neon theme",32x32,12,Lit 4 loop; Flare 4 once; Out 4 loop,LightTorch,no
Props,LightTorchNeonSpace,"Twig torch, neonspace theme",32x32,12,Lit 4 loop; Flare 4 once; Out 4 loop,LightTorch,no
Props,LightTorchPirate,"Twig torch, pirate theme",32x32,12,Lit 4 loop; Flare 4 once; Out 4 loop,LightTorch,no
Props,LightTorchRobot,"Twig torch, robot theme",32x32,12,Lit 4 loop; Flare 4 once; Out 4 loop,LightTorch,no
Props,LightTorchSamurai,"Twig torch, samurai theme",32x32,12,Lit 4 loop; Flare 4 once; Out 4 loop,LightTorch,no
Props,LightTorchSpace,"Twig torch, space theme",32x32,12,Lit 4 loop; Flare 4 once; Out 4 loop,LightTorch,no
Props,LightTorchSpooky,"Twig torch, spooky theme",32x32,12,Lit 4 loop; Flare 4 once; Out 4 loop,LightTorch,no
Props,LightTorchSteampunk,"Twig torch, steampunk theme",32x32,12,Lit 4 loop; Flare 4 once; Out 4 loop,LightTorch,no
Props,LightTorchVaporwave,"Twig torch, vaporwave theme",32x32,12,Lit 4 loop; Flare 4 once; Out 4 loop,LightTorch,no
Props,LightTorchWinter,"Twig torch, winter",32x32,12,Lit 4 loop; Flare 4 once; Out 4 loop,LightTorch,no
Props,ObjClutter,Small objects,16x16,8,Acorn 1 loop; SeedSack 1 loop; Shell 1 loop; Cairn 1 loop; Dewdrop 4 loop,,no
Props,ObjClutterAutumn,"Small objects, autumn",16x16,8,Acorn 1 loop; SeedSack 1 loop; Shell 1 loop; Cairn 1 loop; Dewdrop 4 loop,ObjClutter,no
Props,ObjClutterCandy,"Small objects, candy theme",16x16,8,Acorn 1 loop; SeedSack 1 loop; Shell 1 loop; Cairn 1 loop; Dewdrop 4 loop,ObjClutter,no
Props,ObjClutterJungle,"Small objects, jungle theme",16x16,8,Acorn 1 loop; SeedSack 1 loop; Shell 1 loop; Cairn 1 loop; Dewdrop 4 loop,ObjClutter,no
Props,ObjClutterMedieval,"Small objects, medieval theme",16x16,8,Acorn 1 loop; SeedSack 1 loop; Shell 1 loop; Cairn 1 loop; Dewdrop 4 loop,ObjClutter,no
Props,ObjClutterMilitary,"Small objects, military theme",16x16,8,Acorn 1 loop; SeedSack 1 loop; Shell 1 loop; Cairn 1 loop; Dewdrop 4 loop,ObjClutter,no
Props,ObjClutterNeon,"Small objects, neon theme",16x16,8,Acorn 1 loop; SeedSack 1 loop; Shell 1 loop; Cairn 1 loop; Dewdrop 4 loop,ObjClutter,no
Props,ObjClutterNeonSpace,"Small objects, neonspace theme",16x16,8,Acorn 1 loop; SeedSack 1 loop; Shell 1 loop; Cairn 1 loop; Dewdrop 4 loop,ObjClutter,no
Props,ObjClutterPirate,"Small objects, pirate theme",16x16,8,Acorn 1 loop; SeedSack 1 loop; Shell 1 loop; Cairn 1 loop; Dewdrop 4 loop,ObjClutter,no
Props,ObjClutterRobot,"Small objects, robot theme",16x16,8,Acorn 1 loop; SeedSack 1 loop; Shell 1 loop; Cairn 1 loop; Dewdrop 4 loop,ObjClutter,no
Props,ObjClutterSamurai,"Small objects, samurai theme",16x16,8,Acorn 1 loop; SeedSack 1 loop; Shell 1 loop; Cairn 1 loop; Dewdrop 4 loop,ObjClutter,no
Props,ObjClutterSpace,"Small objects, space theme",16x16,8,Acorn 1 loop; SeedSack 1 loop; Shell 1 loop; Cairn 1 loop; Dewdrop 4 loop,ObjClutter,no
Props,ObjClutterSpooky,"Small objects, spooky theme",16x16,8,Acorn 1 loop; SeedSack 1 loop; Shell 1 loop; Cairn 1 loop; Dewdrop 4 loop,ObjClutter,no
Props,ObjClutterSteampunk,"Small objects, steampunk theme",16x16,8,Acorn 1 loop; SeedSack 1 loop; Shell 1 loop; Cairn 1 loop; Dewdrop 4 loop,ObjClutter,no
Props,ObjClutterVaporwave,"Small objects, vaporwave theme",16x16,8,Acorn 1 loop; SeedSack 1 loop; Shell 1 loop; Cairn 1 loop; Dewdrop 4 loop,ObjClutter,no
Props,ObjClutterWinter,"Small objects, winter",16x16,8,Acorn 1 loop; SeedSack 1 loop; Shell 1 loop; Cairn 1 loop; Dewdrop 4 loop,ObjClutter,no
Props,ObjFallenLog,Fallen log with bracket fungus,64x32,1,Idle 1 loop,,no
Props,ObjFallenLogNight,"Fallen log with bracket fungus, night",64x32,1,Idle 1 loop,ObjFallenLog,no
Props,ObjFallenLogWinter,"Fallen log with bracket fungus, winter",64x32,1,Idle 1 loop,ObjFallenLog,no
Props,ObjLog,Hollow log,48x32,1,Idle 1 loop,,no
Props,ObjLogAutumn,"Hollow log, autumn",48x32,1,Idle 1 loop,ObjLog,no
Props,ObjLogCandy,"Hollow log, candy theme",48x32,1,Idle 1 loop,ObjLog,no
Props,ObjLogJungle,"Hollow log, jungle theme",48x32,1,Idle 1 loop,ObjLog,no
Props,ObjLogMedieval,"Hollow log, medieval theme",48x32,1,Idle 1 loop,ObjLog,no
Props,ObjLogMilitary,"Hollow log, military theme",48x32,1,Idle 1 loop,ObjLog,no
Props,ObjLogNeon,"Hollow log, neon theme",48x32,1,Idle 1 loop,ObjLog,no
Props,ObjLogNeonSpace,"Hollow log, neonspace theme",48x32,1,Idle 1 loop,ObjLog,no
Props,ObjLogPirate,"Hollow log, pirate theme",48x32,1,Idle 1 loop,ObjLog,no
Props,ObjLogRobot,"Hollow log, robot theme",48x32,1,Idle 1 loop,ObjLog,no
Props,ObjLogSamurai,"Hollow log, samurai theme",48x32,1,Idle 1 loop,ObjLog,no
Props,ObjLogSpace,"Hollow log, space theme",48x32,1,Idle 1 loop,ObjLog,no
Props,ObjLogSpooky,"Hollow log, spooky theme",48x32,1,Idle 1 loop,ObjLog,no
Props,ObjLogSteampunk,"Hollow log, steampunk theme",48x32,1,Idle 1 loop,ObjLog,no
Props,ObjLogVaporwave,"Hollow log, vaporwave theme",48x32,1,Idle 1 loop,ObjLog,no
Props,ObjLogWinter,"Hollow log, winter",48x32,1,Idle 1 loop,ObjLog,no
Props,ObjSideHole,Side entrance,32x32,9,Idle 2 loop; Peek 7 once,,no
Props,ObjSideHoleAutumn,"Side entrance, autumn",32x32,9,Idle 2 loop; Peek 7 once,ObjSideHole,no
Props,ObjSideHoleCandy,"Side entrance, candy theme",32x32,9,Idle 2 loop; Peek 7 once,ObjSideHole,no
Props,ObjSideHoleJungle,"Side entrance, jungle theme",32x32,9,Idle 2 loop; Peek 7 once,ObjSideHole,no
Props,ObjSideHoleMedieval,"Side entrance, medieval theme",32x32,9,Idle 2 loop; Peek 7 once,ObjSideHole,no
Props,ObjSideHoleMilitary,"Side entrance, military theme",32x32,9,Idle 2 loop; Peek 7 once,ObjSideHole,no
Props,ObjSideHoleNeon,"Side entrance, neon theme",32x32,9,Idle 2 loop; Peek 7 once,ObjSideHole,no
Props,ObjSideHoleNeonSpace,"Side entrance, neonspace theme",32x32,9,Idle 2 loop; Peek 7 once,ObjSideHole,no
Props,ObjSideHolePirate,"Side entrance, pirate theme",32x32,9,Idle 2 loop; Peek 7 once,ObjSideHole,no
Props,ObjSideHoleRobot,"Side entrance, robot theme",32x32,9,Idle 2 loop; Peek 7 once,ObjSideHole,no
Props,ObjSideHoleSamurai,"Side entrance, samurai theme",32x32,9,Idle 2 loop; Peek 7 once,ObjSideHole,no
Props,ObjSideHoleSpace,"Side entrance, space theme",32x32,9,Idle 2 loop; Peek 7 once,ObjSideHole,no
Props,ObjSideHoleSpooky,"Side entrance, spooky theme",32x32,9,Idle 2 loop; Peek 7 once,ObjSideHole,no
Props,ObjSideHoleSteampunk,"Side entrance, steampunk theme",32x32,9,Idle 2 loop; Peek 7 once,ObjSideHole,no
Props,ObjSideHoleVaporwave,"Side entrance, vaporwave theme",32x32,9,Idle 2 loop; Peek 7 once,ObjSideHole,no
Props,ObjSideHoleWinter,"Side entrance, winter",32x32,9,Idle 2 loop; Peek 7 once,ObjSideHole,no
Props,ObjSignpost,Twig signpost,24x24,6,Idle 1 loop; Wobble 5 once,,no
Props,ObjSignpostAutumn,"Twig signpost, autumn",24x24,6,Idle 1 loop; Wobble 5 once,ObjSignpost,no
Props,ObjSignpostCandy,"Twig signpost, candy theme",24x24,6,Idle 1 loop; Wobble 5 once,ObjSignpost,no
Props,ObjSignpostJungle,"Twig signpost, jungle theme",24x24,6,Idle 1 loop; Wobble 5 once,ObjSignpost,no
Props,ObjSignpostMedieval,"Twig signpost, medieval theme",24x24,6,Idle 1 loop; Wobble 5 once,ObjSignpost,no
Props,ObjSignpostMilitary,"Twig signpost, military theme",24x24,6,Idle 1 loop; Wobble 5 once,ObjSignpost,no
Props,ObjSignpostNeon,"Twig signpost, neon theme",24x24,6,Idle 1 loop; Wobble 5 once,ObjSignpost,no
Props,ObjSignpostNeonSpace,"Twig signpost, neonspace theme",24x24,6,Idle 1 loop; Wobble 5 once,ObjSignpost,no
Props,ObjSignpostPirate,"Twig signpost, pirate theme",24x24,6,Idle 1 loop; Wobble 5 once,ObjSignpost,no
Props,ObjSignpostRobot,"Twig signpost, robot theme",24x24,6,Idle 1 loop; Wobble 5 once,ObjSignpost,no
Props,ObjSignpostSamurai,"Twig signpost, samurai theme",24x24,6,Idle 1 loop; Wobble 5 once,ObjSignpost,no
Props,ObjSignpostSpace,"Twig signpost, space theme",24x24,6,Idle 1 loop; Wobble 5 once,ObjSignpost,no
Props,ObjSignpostSpooky,"Twig signpost, spooky theme",24x24,6,Idle 1 loop; Wobble 5 once,ObjSignpost,no
Props,ObjSignpostSteampunk,"Twig signpost, steampunk theme",24x24,6,Idle 1 loop; Wobble 5 once,ObjSignpost,no
Props,ObjSignpostVaporwave,"Twig signpost, vaporwave theme",24x24,6,Idle 1 loop; Wobble 5 once,ObjSignpost,no
Props,ObjSignpostWinter,"Twig signpost, winter",24x24,6,Idle 1 loop; Wobble 5 once,ObjSignpost,no
Props,ObjThornFence,Thorn fence pieces,32x32,4,Horizontal 1 loop; Vertical 1 loop; Corner 1 loop; Broken 1 loop,,no
Props,ObjThornFenceAutumn,"Thorn fence pieces, autumn",32x32,4,Horizontal 1 loop; Vertical 1 loop; Corner 1 loop; Broken 1 loop,ObjThornFence,no
Props,ObjThornFenceCandy,"Thorn fence pieces, candy theme",32x32,4,Horizontal 1 loop; Vertical 1 loop; Corner 1 loop; Broken 1 loop,ObjThornFence,no
Props,ObjThornFenceJungle,"Thorn fence pieces, jungle theme",32x32,4,Horizontal 1 loop; Vertical 1 loop; Corner 1 loop; Broken 1 loop,ObjThornFence,no
Props,ObjThornFenceMedieval,"Thorn fence pieces, medieval theme",32x32,4,Horizontal 1 loop; Vertical 1 loop; Corner 1 loop; Broken 1 loop,ObjThornFence,no
Props,ObjThornFenceMilitary,"Thorn fence pieces, military theme",32x32,4,Horizontal 1 loop; Vertical 1 loop; Corner 1 loop; Broken 1 loop,ObjThornFence,no
Props,ObjThornFenceNeon,"Thorn fence pieces, neon theme",32x32,4,Horizontal 1 loop; Vertical 1 loop; Corner 1 loop; Broken 1 loop,ObjThornFence,no
Props,ObjThornFenceNeonSpace,"Thorn fence pieces, neonspace theme",32x32,4,Horizontal 1 loop; Vertical 1 loop; Corner 1 loop; Broken 1 loop,ObjThornFence,no
Props,ObjThornFencePirate,"Thorn fence pieces, pirate theme",32x32,4,Horizontal 1 loop; Vertical 1 loop; Corner 1 loop; Broken 1 loop,ObjThornFence,no
Props,ObjThornFenceRobot,"Thorn fence pieces, robot theme",32x32,4,Horizontal 1 loop; Vertical 1 loop; Corner 1 loop; Broken 1 loop,ObjThornFence,no
Props,ObjThornFenceSamurai,"Thorn fence pieces, samurai theme",32x32,4,Horizontal 1 loop; Vertical 1 loop; Corner 1 loop; Broken 1 loop,ObjThornFence,no
Props,ObjThornFenceSpace,"Thorn fence pieces, space theme",32x32,4,Horizontal 1 loop; Vertical 1 loop; Corner 1 loop; Broken 1 loop,ObjThornFence,no
Props,ObjThornFenceSpooky,"Thorn fence pieces, spooky theme",32x32,4,Horizontal 1 loop; Vertical 1 loop; Corner 1 loop; Broken 1 loop,ObjThornFence,no
Props,ObjThornFenceSteampunk,"Thorn fence pieces, steampunk theme",32x32,4,Horizontal 1 loop; Vertical 1 loop; Corner 1 loop; Broken 1 loop,ObjThornFence,no
Props,ObjThornFenceVaporwave,"Thorn fence pieces, vaporwave theme",32x32,4,Horizontal 1 loop; Vertical 1 loop; Corner 1 loop; Broken 1 loop,ObjThornFence,no
Props,ObjThornFenceWinter,"Thorn fence pieces, winter",32x32,4,Horizontal 1 loop; Vertical 1 loop; Corner 1 loop; Broken 1 loop,ObjThornFence,no
Props,ObjWeb,Corner web,32x32,4,Sway 4 loop,,no
Props,ObjWebAutumn,"Corner web, autumn",32x32,4,Sway 4 loop,ObjWeb,no
Props,ObjWebCandy,"Corner web, candy theme",32x32,4,Sway 4 loop,ObjWeb,no
Props,ObjWebJungle,"Corner web, jungle theme",32x32,4,Sway 4 loop,ObjWeb,no
Props,ObjWebMedieval,"Corner web, medieval theme",32x32,4,Sway 4 loop,ObjWeb,no
Props,ObjWebMilitary,"Corner web, military theme",32x32,4,Sway 4 loop,ObjWeb,no
Props,ObjWebNeon,"Corner web, neon theme",32x32,4,Sway 4 loop,ObjWeb,no
Props,ObjWebNeonSpace,"Corner web, neonspace theme",32x32,4,Sway 4 loop,ObjWeb,no
Props,ObjWebPirate,"Corner web, pirate theme",32x32,4,Sway 4 loop,ObjWeb,no
Props,ObjWebRobot,"Corner web, robot theme",32x32,4,Sway 4 loop,ObjWeb,no
Props,ObjWebSamurai,"Corner web, samurai theme",32x32,4,Sway 4 loop,ObjWeb,no
Props,ObjWebSpace,"Corner web, space theme",32x32,4,Sway 4 loop,ObjWeb,no
Props,ObjWebSpooky,"Corner web, spooky theme",32x32,4,Sway 4 loop,ObjWeb,no
Props,ObjWebSteampunk,"Corner web, steampunk theme",32x32,4,Sway 4 loop,ObjWeb,no
Props,ObjWebVaporwave,"Corner web, vaporwave theme",32x32,4,Sway 4 loop,ObjWeb,no
Props,ObjWebWinter,"Corner web, winter",32x32,4,Sway 4 loop,ObjWeb,no
Props,PickupFood,Food on the field,16x16,16,Crumb 4 loop; Seed 4 loop; Berry 4 loop; Honey 4 loop,,no
Props,PickupFoodCandy,"Food on the field, candy theme",16x16,16,Crumb 4 loop; Seed 4 loop; Berry 4 loop; Honey 4 loop,PickupFood,no
Props,PickupFoodJungle,"Food on the field, jungle theme",16x16,16,Crumb 4 loop; Seed 4 loop; Berry 4 loop; Honey 4 loop,PickupFood,no
Props,PickupFoodMedieval,"Food on the field, medieval theme",16x16,16,Crumb 4 loop; Seed 4 loop; Berry 4 loop; Honey 4 loop,PickupFood,no
Props,PickupFoodMilitary,"Food on the field, military theme",16x16,16,Crumb 4 loop; Seed 4 loop; Berry 4 loop; Honey 4 loop,PickupFood,no
Props,PickupFoodNeon,"Food on the field, neon theme",16x16,16,Crumb 4 loop; Seed 4 loop; Berry 4 loop; Honey 4 loop,PickupFood,no
Props,PickupFoodNeonSpace,"Food on the field, neonspace theme",16x16,16,Crumb 4 loop; Seed 4 loop; Berry 4 loop; Honey 4 loop,PickupFood,no
Props,PickupFoodPirate,"Food on the field, pirate theme",16x16,16,Crumb 4 loop; Seed 4 loop; Berry 4 loop; Honey 4 loop,PickupFood,no
Props,PickupFoodRobot,"Food on the field, robot theme",16x16,16,Crumb 4 loop; Seed 4 loop; Berry 4 loop; Honey 4 loop,PickupFood,no
Props,PickupFoodSamurai,"Food on the field, samurai theme",16x16,16,Crumb 4 loop; Seed 4 loop; Berry 4 loop; Honey 4 loop,PickupFood,no
Props,PickupFoodSpace,"Food on the field, space theme",16x16,16,Crumb 4 loop; Seed 4 loop; Berry 4 loop; Honey 4 loop,PickupFood,no
Props,PickupFoodSpooky,"Food on the field, spooky theme",16x16,16,Crumb 4 loop; Seed 4 loop; Berry 4 loop; Honey 4 loop,PickupFood,no
Props,PickupFoodSteampunk,"Food on the field, steampunk theme",16x16,16,Crumb 4 loop; Seed 4 loop; Berry 4 loop; Honey 4 loop,PickupFood,no
Props,PickupFoodVaporwave,"Food on the field, vaporwave theme",16x16,16,Crumb 4 loop; Seed 4 loop; Berry 4 loop; Honey 4 loop,PickupFood,no
Props,PlantBeachGrass,Beach grass,32x32,4,Sway 4 loop,,no
Props,PlantBeachGrassNight,"Beach grass, night",32x32,4,Sway 4 loop,PlantBeachGrass,no
Props,PlantBeachGrassWinter,"Beach grass, winter",32x32,4,Sway 4 loop,PlantBeachGrass,no
Props,PlantClover,Clover,24x24,8,Sway 4 loop; Lucky 4 loop,,no
Props,PlantCloverAutumn,"Clover, autumn",24x24,8,Sway 4 loop; Lucky 4 loop,PlantClover,no
Props,PlantCloverCandy,"Clover, candy theme",24x24,8,Sway 4 loop; Lucky 4 loop,PlantClover,no
Props,PlantCloverJungle,"Clover, jungle theme",24x24,8,Sway 4 loop; Lucky 4 loop,PlantClover,no
Props,PlantCloverMedieval,"Clover, medieval theme",24x24,8,Sway 4 loop; Lucky 4 loop,PlantClover,no
Props,PlantCloverMilitary,"Clover, military theme",24x24,8,Sway 4 loop; Lucky 4 loop,PlantClover,no
Props,PlantCloverNeon,"Clover, neon theme",24x24,8,Sway 4 loop; Lucky 4 loop,PlantClover,no
Props,PlantCloverNeonSpace,"Clover, neonspace theme",24x24,8,Sway 4 loop; Lucky 4 loop,PlantClover,no
Props,PlantCloverNight,"Clover, night",24x24,8,Sway 4 loop; Lucky 4 loop,PlantClover,no
Props,PlantCloverPirate,"Clover, pirate theme",24x24,8,Sway 4 loop; Lucky 4 loop,PlantClover,no
Props,PlantCloverRobot,"Clover, robot theme",24x24,8,Sway 4 loop; Lucky 4 loop,PlantClover,no
Props,PlantCloverSamurai,"Clover, samurai theme",24x24,8,Sway 4 loop; Lucky 4 loop,PlantClover,no
Props,PlantCloverSpace,"Clover, space theme",24x24,8,Sway 4 loop; Lucky 4 loop,PlantClover,no
Props,PlantCloverSpooky,"Clover, spooky theme",24x24,8,Sway 4 loop; Lucky 4 loop,PlantClover,no
Props,PlantCloverSteampunk,"Clover, steampunk theme",24x24,8,Sway 4 loop; Lucky 4 loop,PlantClover,no
Props,PlantCloverVaporwave,"Clover, vaporwave theme",24x24,8,Sway 4 loop; Lucky 4 loop,PlantClover,no
Props,PlantCloverWinter,"Clover, winter",24x24,8,Sway 4 loop; Lucky 4 loop,PlantClover,no
Props,PlantDandelion,Dandelion,32x32,14,Bloom 4 loop; Clock 4 loop; Blow 6 once,,no
Props,PlantDandelionAutumn,"Dandelion, autumn",32x32,14,Bloom 4 loop; Clock 4 loop; Blow 6 once,PlantDandelion,no
Props,PlantDandelionCandy,"Dandelion, candy theme",32x32,14,Bloom 4 loop; Clock 4 loop; Blow 6 once,PlantDandelion,no
Props,PlantDandelionJungle,"Dandelion, jungle theme",32x32,14,Bloom 4 loop; Clock 4 loop; Blow 6 once,PlantDandelion,no
Props,PlantDandelionMedieval,"Dandelion, medieval theme",32x32,14,Bloom 4 loop; Clock 4 loop; Blow 6 once,PlantDandelion,no
Props,PlantDandelionMilitary,"Dandelion, military theme",32x32,14,Bloom 4 loop; Clock 4 loop; Blow 6 once,PlantDandelion,no
Props,PlantDandelionNeon,"Dandelion, neon theme",32x32,14,Bloom 4 loop; Clock 4 loop; Blow 6 once,PlantDandelion,no
Props,PlantDandelionNeonSpace,"Dandelion, neonspace theme",32x32,14,Bloom 4 loop; Clock 4 loop; Blow 6 once,PlantDandelion,no
Props,PlantDandelionPirate,"Dandelion, pirate theme",32x32,14,Bloom 4 loop; Clock 4 loop; Blow 6 once,PlantDandelion,no
Props,PlantDandelionRobot,"Dandelion, robot theme",32x32,14,Bloom 4 loop; Clock 4 loop; Blow 6 once,PlantDandelion,no
Props,PlantDandelionSamurai,"Dandelion, samurai theme",32x32,14,Bloom 4 loop; Clock 4 loop; Blow 6 once,PlantDandelion,no
Props,PlantDandelionSpace,"Dandelion, space theme",32x32,14,Bloom 4 loop; Clock 4 loop; Blow 6 once,PlantDandelion,no
Props,PlantDandelionSpooky,"Dandelion, spooky theme",32x32,14,Bloom 4 loop; Clock 4 loop; Blow 6 once,PlantDandelion,no
Props,PlantDandelionSteampunk,"Dandelion, steampunk theme",32x32,14,Bloom 4 loop; Clock 4 loop; Blow 6 once,PlantDandelion,no
Props,PlantDandelionVaporwave,"Dandelion, vaporwave theme",32x32,14,Bloom 4 loop; Clock 4 loop; Blow 6 once,PlantDandelion,no
Props,PlantDandelionWinter,"Dandelion, winter",32x32,14,Bloom 4 loop; Clock 4 loop; Blow 6 once,PlantDandelion,no
Props,PlantFern,Fern,32x32,4,Sway 4 loop,,no
Props,PlantFernAutumn,"Fern, autumn",32x32,4,Sway 4 loop,PlantFern,no
Props,PlantFernCandy,"Fern, candy theme",32x32,4,Sway 4 loop,PlantFern,no
Props,PlantFernJungle,"Fern, jungle theme",32x32,4,Sway 4 loop,PlantFern,no
Props,PlantFernMedieval,"Fern, medieval theme",32x32,4,Sway 4 loop,PlantFern,no
Props,PlantFernMilitary,"Fern, military theme",32x32,4,Sway 4 loop,PlantFern,no
Props,PlantFernNeon,"Fern, neon theme",32x32,4,Sway 4 loop,PlantFern,no
Props,PlantFernNeonSpace,"Fern, neonspace theme",32x32,4,Sway 4 loop,PlantFern,no
Props,PlantFernNight,"Fern, night",32x32,4,Sway 4 loop,PlantFern,no
Props,PlantFernPirate,"Fern, pirate theme",32x32,4,Sway 4 loop,PlantFern,no
Props,PlantFernRobot,"Fern, robot theme",32x32,4,Sway 4 loop,PlantFern,no
Props,PlantFernSamurai,"Fern, samurai theme",32x32,4,Sway 4 loop,PlantFern,no
Props,PlantFernSpace,"Fern, space theme",32x32,4,Sway 4 loop,PlantFern,no
Props,PlantFernSpooky,"Fern, spooky theme",32x32,4,Sway 4 loop,PlantFern,no
Props,PlantFernSteampunk,"Fern, steampunk theme",32x32,4,Sway 4 loop,PlantFern,no
Props,PlantFernVaporwave,"Fern, vaporwave theme",32x32,4,Sway 4 loop,PlantFern,no
Props,PlantFernWinter,"Fern, winter",32x32,4,Sway 4 loop,PlantFern,no
Props,PlantMoss,Moss cushions,32x32,2,A 1 loop; B 1 loop,,no
Props,PlantMossNight,"Moss cushions, night",32x32,2,A 1 loop; B 1 loop,PlantMoss,no
Props,PlantMossWinter,"Moss cushions, winter",32x32,2,A 1 loop; B 1 loop,PlantMoss,no
Props,PlantReed,Reeds,32x48,4,Sway 4 loop,,no
Props,PlantReedNight,"Reeds, night",32x48,4,Sway 4 loop,PlantReed,no
Props,PlantReedWinter,"Reeds, winter",32x48,4,Sway 4 loop,PlantReed,no
Props,PlantSapling,Sapling,32x48,4,Sway 4 loop,,no
Props,PlantSaplingNight,"Sapling, night",32x48,4,Sway 4 loop,PlantSapling,no
Props,PlantSaplingWinter,"Sapling, winter",32x48,4,Sway 4 loop,PlantSapling,no
Props,PlantTallGrass,Tall grass,32x32,4,Sway 4 loop,,no
Props,PlantTallGrassAutumn,"Tall grass, autumn",32x32,4,Sway 4 loop,PlantTallGrass,no
Props,PlantTallGrassCandy,"Tall grass, candy theme",32x32,4,Sway 4 loop,PlantTallGrass,no
Props,PlantTallGrassJungle,"Tall grass, jungle theme",32x32,4,Sway 4 loop,PlantTallGrass,no
Props,PlantTallGrassMedieval,"Tall grass, medieval theme",32x32,4,Sway 4 loop,PlantTallGrass,no
Props,PlantTallGrassMilitary,"Tall grass, military theme",32x32,4,Sway 4 loop,PlantTallGrass,no
Props,PlantTallGrassNeon,"Tall grass, neon theme",32x32,4,Sway 4 loop,PlantTallGrass,no
Props,PlantTallGrassNeonSpace,"Tall grass, neonspace theme",32x32,4,Sway 4 loop,PlantTallGrass,no
Props,PlantTallGrassNight,"Tall grass, night",32x32,4,Sway 4 loop,PlantTallGrass,no
Props,PlantTallGrassPirate,"Tall grass, pirate theme",32x32,4,Sway 4 loop,PlantTallGrass,no
Props,PlantTallGrassRobot,"Tall grass, robot theme",32x32,4,Sway 4 loop,PlantTallGrass,no
Props,PlantTallGrassSamurai,"Tall grass, samurai theme",32x32,4,Sway 4 loop,PlantTallGrass,no
Props,PlantTallGrassSpace,"Tall grass, space theme",32x32,4,Sway 4 loop,PlantTallGrass,no
Props,PlantTallGrassSpooky,"Tall grass, spooky theme",32x32,4,Sway 4 loop,PlantTallGrass,no
Props,PlantTallGrassSteampunk,"Tall grass, steampunk theme",32x32,4,Sway 4 loop,PlantTallGrass,no
Props,PlantTallGrassVaporwave,"Tall grass, vaporwave theme",32x32,4,Sway 4 loop,PlantTallGrass,no
Props,PlantTallGrassWinter,"Tall grass, winter",32x32,4,Sway 4 loop,PlantTallGrass,no
Props,PlantToadstool,Toadstools,32x32,9,Idle 4 loop; Puff 5 once,,no
Props,PlantToadstoolNight,"Toadstools, night",32x32,9,Idle 4 loop; Puff 5 once,PlantToadstool,no
Props,PlantToadstoolWinter,"Toadstools, winter",32x32,9,Idle 4 loop; Puff 5 once,PlantToadstool,no
Props,PropBurrow,Enemy burrow,48x48,7,Idle 2 loop; Spawn 5 once,,graybox
Props,PropBurrowAutumn,"Enemy burrow, autumn",48x48,7,Idle 2 loop; Spawn 5 once,PropBurrow,no
Props,PropBurrowCandy,"Enemy burrow, candy theme",48x48,7,Idle 2 loop; Spawn 5 once,PropBurrow,no
Props,PropBurrowForest,Enemy burrow in loam,48x48,7,Idle 2 loop; Spawn 5 once,PropBurrow,no
Props,PropBurrowForestNight,"Enemy burrow in loam, night",48x48,7,Idle 2 loop; Spawn 5 once,PropBurrow,no
Props,PropBurrowForestWinter,"Enemy burrow in loam, winter",48x48,7,Idle 2 loop; Spawn 5 once,PropBurrow,no
Props,PropBurrowJungle,"Enemy burrow, jungle theme",48x48,7,Idle 2 loop; Spawn 5 once,PropBurrow,no
Props,PropBurrowMedieval,"Enemy burrow, medieval theme",48x48,7,Idle 2 loop; Spawn 5 once,PropBurrow,no
Props,PropBurrowMilitary,"Enemy burrow, military theme",48x48,7,Idle 2 loop; Spawn 5 once,PropBurrow,no
Props,PropBurrowNeon,"Enemy burrow, neon theme",48x48,7,Idle 2 loop; Spawn 5 once,PropBurrow,no
Props,PropBurrowNeonSpace,"Enemy burrow, neonspace theme",48x48,7,Idle 2 loop; Spawn 5 once,PropBurrow,no
Props,PropBurrowPirate,"Enemy burrow, pirate theme",48x48,7,Idle 2 loop; Spawn 5 once,PropBurrow,no
Props,PropBurrowRobot,"Enemy burrow, robot theme",48x48,7,Idle 2 loop; Spawn 5 once,PropBurrow,no
Props,PropBurrowSamurai,"Enemy burrow, samurai theme",48x48,7,Idle 2 loop; Spawn 5 once,PropBurrow,no
Props,PropBurrowSand,Enemy burrow in sand,48x48,7,Idle 2 loop; Spawn 5 once,PropBurrow,no
Props,PropBurrowSandNight,"Enemy burrow in sand, night",48x48,7,Idle 2 loop; Spawn 5 once,PropBurrow,no
Props,PropBurrowSandWinter,"Enemy burrow in sand, winter",48x48,7,Idle 2 loop; Spawn 5 once,PropBurrow,no
Props,PropBurrowSpace,"Enemy burrow, space theme",48x48,7,Idle 2 loop; Spawn 5 once,PropBurrow,no
Props,PropBurrowSpooky,"Enemy burrow, spooky theme",48x48,7,Idle 2 loop; Spawn 5 once,PropBurrow,no
Props,PropBurrowSteampunk,"Enemy burrow, steampunk theme",48x48,7,Idle 2 loop; Spawn 5 once,PropBurrow,no
Props,PropBurrowVaporwave,"Enemy burrow, vaporwave theme",48x48,7,Idle 2 loop; Spawn 5 once,PropBurrow,no
Props,PropBurrowWinter,"Enemy burrow, winter",48x48,7,Idle 2 loop; Spawn 5 once,PropBurrow,no
Props,PropChamber,"The queen's chamber, inside the hill",64x64,8,Idle 4 loop; Breached 4 loop,,no
Props,PropChamberCandy,"The queen's chamber, inside the hill, candy theme",64x64,8,Idle 4 loop; Breached 4 loop,PropChamber,no
Props,PropChamberJungle,"The queen's chamber, inside the hill, jungle theme",64x64,8,Idle 4 loop; Breached 4 loop,PropChamber,no
Props,PropChamberMedieval,"The queen's chamber, inside the hill, medieval theme",64x64,8,Idle 4 loop; Breached 4 loop,PropChamber,no
Props,PropChamberMilitary,"The queen's chamber, inside the hill, military theme",64x64,8,Idle 4 loop; Breached 4 loop,PropChamber,no
Props,PropChamberNeon,"The queen's chamber, inside the hill, neon theme",64x64,8,Idle 4 loop; Breached 4 loop,PropChamber,no
Props,PropChamberNeonSpace,"The queen's chamber, inside the hill, neonspace theme",64x64,8,Idle 4 loop; Breached 4 loop,PropChamber,no
Props,PropChamberPirate,"The queen's chamber, inside the hill, pirate theme",64x64,8,Idle 4 loop; Breached 4 loop,PropChamber,no
Props,PropChamberRobot,"The queen's chamber, inside the hill, robot theme",64x64,8,Idle 4 loop; Breached 4 loop,PropChamber,no
Props,PropChamberSamurai,"The queen's chamber, inside the hill, samurai theme",64x64,8,Idle 4 loop; Breached 4 loop,PropChamber,no
Props,PropChamberSpace,"The queen's chamber, inside the hill, space theme",64x64,8,Idle 4 loop; Breached 4 loop,PropChamber,no
Props,PropChamberSpooky,"The queen's chamber, inside the hill, spooky theme",64x64,8,Idle 4 loop; Breached 4 loop,PropChamber,no
Props,PropChamberSteampunk,"The queen's chamber, inside the hill, steampunk theme",64x64,8,Idle 4 loop; Breached 4 loop,PropChamber,no
Props,PropChamberVaporwave,"The queen's chamber, inside the hill, vaporwave theme",64x64,8,Idle 4 loop; Breached 4 loop,PropChamber,no
Props,PropHill,The hill,64x64,16,Healthy 4 loop; Damaged 4 loop; Critical 4 loop; Destroyed 4 loop,,graybox
Props,PropHillAutumn,"The hill, autumn",64x64,16,Healthy 4 loop; Damaged 4 loop; Critical 4 loop; Destroyed 4 loop,PropHill,no
Props,PropHillCandy,"The hill, candy theme",64x64,16,Healthy 4 loop; Damaged 4 loop; Critical 4 loop; Destroyed 4 loop,PropHill,no
Props,PropHillForest,"The hill, in forest loam",64x64,16,Healthy 4 loop; Damaged 4 loop; Critical 4 loop; Destroyed 4 loop,PropHill,no
Props,PropHillForestNight,"The hill, in forest loam, night",64x64,16,Healthy 4 loop; Damaged 4 loop; Critical 4 loop; Destroyed 4 loop,PropHill,no
Props,PropHillForestWinter,"The hill, in forest loam, winter",64x64,16,Healthy 4 loop; Damaged 4 loop; Critical 4 loop; Destroyed 4 loop,PropHill,no
Props,PropHillJungle,"The hill, jungle theme",64x64,16,Healthy 4 loop; Damaged 4 loop; Critical 4 loop; Destroyed 4 loop,PropHill,no
Props,PropHillMedieval,"The hill, medieval theme",64x64,16,Healthy 4 loop; Damaged 4 loop; Critical 4 loop; Destroyed 4 loop,PropHill,no
Props,PropHillMilitary,"The hill, military theme",64x64,16,Healthy 4 loop; Damaged 4 loop; Critical 4 loop; Destroyed 4 loop,PropHill,no
Props,PropHillNeon,"The hill, neon theme",64x64,16,Healthy 4 loop; Damaged 4 loop; Critical 4 loop; Destroyed 4 loop,PropHill,no
Props,PropHillNeonSpace,"The hill, neonspace theme",64x64,16,Healthy 4 loop; Damaged 4 loop; Critical 4 loop; Destroyed 4 loop,PropHill,no
Props,PropHillNight,"The hill, night",64x64,16,Healthy 4 loop; Damaged 4 loop; Critical 4 loop; Destroyed 4 loop,PropHill,no
Props,PropHillPirate,"The hill, pirate theme",64x64,16,Healthy 4 loop; Damaged 4 loop; Critical 4 loop; Destroyed 4 loop,PropHill,no
Props,PropHillRobot,"The hill, robot theme",64x64,16,Healthy 4 loop; Damaged 4 loop; Critical 4 loop; Destroyed 4 loop,PropHill,no
Props,PropHillSamurai,"The hill, samurai theme",64x64,16,Healthy 4 loop; Damaged 4 loop; Critical 4 loop; Destroyed 4 loop,PropHill,no
Props,PropHillSand,"The hill, built of sand",64x64,16,Healthy 4 loop; Damaged 4 loop; Critical 4 loop; Destroyed 4 loop,PropHill,no
Props,PropHillSandNight,"The hill, built of sand, night",64x64,16,Healthy 4 loop; Damaged 4 loop; Critical 4 loop; Destroyed 4 loop,PropHill,no
Props,PropHillSandWinter,"The hill, built of sand, winter",64x64,16,Healthy 4 loop; Damaged 4 loop; Critical 4 loop; Destroyed 4 loop,PropHill,no
Props,PropHillSpace,"The hill, space theme",64x64,16,Healthy 4 loop; Damaged 4 loop; Critical 4 loop; Destroyed 4 loop,PropHill,no
Props,PropHillSpooky,"The hill, spooky theme",64x64,16,Healthy 4 loop; Damaged 4 loop; Critical 4 loop; Destroyed 4 loop,PropHill,no
Props,PropHillSteampunk,"The hill, steampunk theme",64x64,16,Healthy 4 loop; Damaged 4 loop; Critical 4 loop; Destroyed 4 loop,PropHill,no
Props,PropHillVaporwave,"The hill, vaporwave theme",64x64,16,Healthy 4 loop; Damaged 4 loop; Critical 4 loop; Destroyed 4 loop,PropHill,no
Props,PropHillWinter,"The hill, winter",64x64,16,Healthy 4 loop; Damaged 4 loop; Critical 4 loop; Destroyed 4 loop,PropHill,no
Props,PropQueen,The queen,48x48,23,Idle 4 loop; Alarm 6 once; Cheer 6 once; Fall 7 once,,no
Props,PropQueenCandy,"The queen, candy theme",48x48,23,Idle 4 loop; Alarm 6 once; Cheer 6 once; Fall 7 once,PropQueen,no
Props,PropQueenJungle,"The queen, jungle theme",48x48,23,Idle 4 loop; Alarm 6 once; Cheer 6 once; Fall 7 once,PropQueen,no
Props,PropQueenMedieval,"The queen, medieval theme",48x48,23,Idle 4 loop; Alarm 6 once; Cheer 6 once; Fall 7 once,PropQueen,no
Props,PropQueenMilitary,"The queen, military theme",48x48,23,Idle 4 loop; Alarm 6 once; Cheer 6 once; Fall 7 once,PropQueen,no
Props,PropQueenNeon,"The queen, neon theme",48x48,23,Idle 4 loop; Alarm 6 once; Cheer 6 once; Fall 7 once,PropQueen,no
Props,PropQueenNeonSpace,"The queen, neonspace theme",48x48,23,Idle 4 loop; Alarm 6 once; Cheer 6 once; Fall 7 once,PropQueen,no
Props,PropQueenPirate,"The queen, pirate theme",48x48,23,Idle 4 loop; Alarm 6 once; Cheer 6 once; Fall 7 once,PropQueen,no
Props,PropQueenRobot,"The queen, robot theme",48x48,23,Idle 4 loop; Alarm 6 once; Cheer 6 once; Fall 7 once,PropQueen,no
Props,PropQueenSamurai,"The queen, samurai theme",48x48,23,Idle 4 loop; Alarm 6 once; Cheer 6 once; Fall 7 once,PropQueen,no
Props,PropQueenSpace,"The queen, space theme",48x48,23,Idle 4 loop; Alarm 6 once; Cheer 6 once; Fall 7 once,PropQueen,no
Props,PropQueenSpooky,"The queen, spooky theme",48x48,23,Idle 4 loop; Alarm 6 once; Cheer 6 once; Fall 7 once,PropQueen,no
Props,PropQueenSteampunk,"The queen, steampunk theme",48x48,23,Idle 4 loop; Alarm 6 once; Cheer 6 once; Fall 7 once,PropQueen,no
Props,PropQueenVaporwave,"The queen, vaporwave theme",48x48,23,Idle 4 loop; Alarm 6 once; Cheer 6 once; Fall 7 once,PropQueen,no
Props,PropRivalBurrow,"The rival queen's burrow, as it is dug",48x48,23,Stage1 4 loop; Stage2 4 loop; Stage3 4 loop; Complete 4 loop; Collapse 7 once,,graybox
Props,RockBoulder,Boulders,32x32,3,A 1 loop; B 1 loop; Mossy 1 loop,,no
Props,RockBoulderAutumn,"Boulders, autumn",32x32,3,A 1 loop; B 1 loop; Mossy 1 loop,RockBoulder,no
Props,RockBoulderCandy,"Boulders, candy theme",32x32,3,A 1 loop; B 1 loop; Mossy 1 loop,RockBoulder,no
Props,RockBoulderJungle,"Boulders, jungle theme",32x32,3,A 1 loop; B 1 loop; Mossy 1 loop,RockBoulder,no
Props,RockBoulderMedieval,"Boulders, medieval theme",32x32,3,A 1 loop; B 1 loop; Mossy 1 loop,RockBoulder,no
Props,RockBoulderMilitary,"Boulders, military theme",32x32,3,A 1 loop; B 1 loop; Mossy 1 loop,RockBoulder,no
Props,RockBoulderNeon,"Boulders, neon theme",32x32,3,A 1 loop; B 1 loop; Mossy 1 loop,RockBoulder,no
Props,RockBoulderNeonSpace,"Boulders, neonspace theme",32x32,3,A 1 loop; B 1 loop; Mossy 1 loop,RockBoulder,no
Props,RockBoulderNight,"Boulders, night",32x32,3,A 1 loop; B 1 loop; Mossy 1 loop,RockBoulder,no
Props,RockBoulderPirate,"Boulders, pirate theme",32x32,3,A 1 loop; B 1 loop; Mossy 1 loop,RockBoulder,no
Props,RockBoulderRobot,"Boulders, robot theme",32x32,3,A 1 loop; B 1 loop; Mossy 1 loop,RockBoulder,no
Props,RockBoulderSamurai,"Boulders, samurai theme",32x32,3,A 1 loop; B 1 loop; Mossy 1 loop,RockBoulder,no
Props,RockBoulderSpace,"Boulders, space theme",32x32,3,A 1 loop; B 1 loop; Mossy 1 loop,RockBoulder,no
Props,RockBoulderSpooky,"Boulders, spooky theme",32x32,3,A 1 loop; B 1 loop; Mossy 1 loop,RockBoulder,no
Props,RockBoulderSteampunk,"Boulders, steampunk theme",32x32,3,A 1 loop; B 1 loop; Mossy 1 loop,RockBoulder,no
Props,RockBoulderVaporwave,"Boulders, vaporwave theme",32x32,3,A 1 loop; B 1 loop; Mossy 1 loop,RockBoulder,no
Props,RockBoulderWinter,"Boulders, winter",32x32,3,A 1 loop; B 1 loop; Mossy 1 loop,RockBoulder,no
Props,RockRiver,River stones,32x32,6,A 1 loop; B 1 loop; Wet 4 loop,,no
Props,RockRiverNight,"River stones, night",32x32,6,A 1 loop; B 1 loop; Wet 4 loop,RockRiver,no
Props,RockRiverWinter,"River stones, winter",32x32,6,A 1 loop; B 1 loop; Wet 4 loop,RockRiver,no
Props,TerrainBridge,Stream crossings,48x32,7,Twig 1 loop; Leaf 2 loop; Broken 4 loop,,no
Props,TerrainBridgeAutumn,"Stream crossings, autumn",48x32,7,Twig 1 loop; Leaf 2 loop; Broken 4 loop,TerrainBridge,no
Props,TerrainBridgeCandy,"Stream crossings, candy theme",48x32,7,Twig 1 loop; Leaf 2 loop; Broken 4 loop,TerrainBridge,no
Props,TerrainBridgeDrift,Driftwood bridge,48x32,5,Plank 1 loop; Broken 4 loop,,no
Props,TerrainBridgeDriftNight,"Driftwood bridge, night",48x32,5,Plank 1 loop; Broken 4 loop,TerrainBridgeDrift,no
Props,TerrainBridgeDriftWinter,"Driftwood bridge, winter",48x32,5,Plank 1 loop; Broken 4 loop,TerrainBridgeDrift,no
Props,TerrainBridgeJungle,"Stream crossings, jungle theme",48x32,7,Twig 1 loop; Leaf 2 loop; Broken 4 loop,TerrainBridge,no
Props,TerrainBridgeMedieval,"Stream crossings, medieval theme",48x32,7,Twig 1 loop; Leaf 2 loop; Broken 4 loop,TerrainBridge,no
Props,TerrainBridgeMilitary,"Stream crossings, military theme",48x32,7,Twig 1 loop; Leaf 2 loop; Broken 4 loop,TerrainBridge,no
Props,TerrainBridgeNeon,"Stream crossings, neon theme",48x32,7,Twig 1 loop; Leaf 2 loop; Broken 4 loop,TerrainBridge,no
Props,TerrainBridgeNeonSpace,"Stream crossings, neonspace theme",48x32,7,Twig 1 loop; Leaf 2 loop; Broken 4 loop,TerrainBridge,no
Props,TerrainBridgePirate,"Stream crossings, pirate theme",48x32,7,Twig 1 loop; Leaf 2 loop; Broken 4 loop,TerrainBridge,no
Props,TerrainBridgeRobot,"Stream crossings, robot theme",48x32,7,Twig 1 loop; Leaf 2 loop; Broken 4 loop,TerrainBridge,no
Props,TerrainBridgeSamurai,"Stream crossings, samurai theme",48x32,7,Twig 1 loop; Leaf 2 loop; Broken 4 loop,TerrainBridge,no
Props,TerrainBridgeSpace,"Stream crossings, space theme",48x32,7,Twig 1 loop; Leaf 2 loop; Broken 4 loop,TerrainBridge,no
Props,TerrainBridgeSpooky,"Stream crossings, spooky theme",48x32,7,Twig 1 loop; Leaf 2 loop; Broken 4 loop,TerrainBridge,no
Props,TerrainBridgeSteampunk,"Stream crossings, steampunk theme",48x32,7,Twig 1 loop; Leaf 2 loop; Broken 4 loop,TerrainBridge,no
Props,TerrainBridgeVaporwave,"Stream crossings, vaporwave theme",48x32,7,Twig 1 loop; Leaf 2 loop; Broken 4 loop,TerrainBridge,no
Props,TerrainBridgeWinter,"Stream crossings, winter",48x32,7,Twig 1 loop; Leaf 2 loop; Broken 4 loop,TerrainBridge,no
Props,TerrainCliff,Ledge pieces; the drop is toward the bottom,32x32,3,Edge 1 loop; CornerLeft 1 loop; CornerRight 1 loop,,no
Props,TerrainCliffAutumn,"Ledge pieces; the drop is toward the bottom, autumn",32x32,3,Edge 1 loop; CornerLeft 1 loop; CornerRight 1 loop,TerrainCliff,no
Props,TerrainCliffCandy,"Ledge pieces; the drop is toward the bottom, candy theme",32x32,3,Edge 1 loop; CornerLeft 1 loop; CornerRight 1 loop,TerrainCliff,no
Props,TerrainCliffJungle,"Ledge pieces; the drop is toward the bottom, jungle theme",32x32,3,Edge 1 loop; CornerLeft 1 loop; CornerRight 1 loop,TerrainCliff,no
Props,TerrainCliffMedieval,"Ledge pieces; the drop is toward the bottom, medieval theme",32x32,3,Edge 1 loop; CornerLeft 1 loop; CornerRight 1 loop,TerrainCliff,no
Props,TerrainCliffMilitary,"Ledge pieces; the drop is toward the bottom, military theme",32x32,3,Edge 1 loop; CornerLeft 1 loop; CornerRight 1 loop,TerrainCliff,no
Props,TerrainCliffNeon,"Ledge pieces; the drop is toward the bottom, neon theme",32x32,3,Edge 1 loop; CornerLeft 1 loop; CornerRight 1 loop,TerrainCliff,no
Props,TerrainCliffNeonSpace,"Ledge pieces; the drop is toward the bottom, neonspace theme",32x32,3,Edge 1 loop; CornerLeft 1 loop; CornerRight 1 loop,TerrainCliff,no
Props,TerrainCliffPirate,"Ledge pieces; the drop is toward the bottom, pirate theme",32x32,3,Edge 1 loop; CornerLeft 1 loop; CornerRight 1 loop,TerrainCliff,no
Props,TerrainCliffRobot,"Ledge pieces; the drop is toward the bottom, robot theme",32x32,3,Edge 1 loop; CornerLeft 1 loop; CornerRight 1 loop,TerrainCliff,no
Props,TerrainCliffSamurai,"Ledge pieces; the drop is toward the bottom, samurai theme",32x32,3,Edge 1 loop; CornerLeft 1 loop; CornerRight 1 loop,TerrainCliff,no
Props,TerrainCliffSpace,"Ledge pieces; the drop is toward the bottom, space theme",32x32,3,Edge 1 loop; CornerLeft 1 loop; CornerRight 1 loop,TerrainCliff,no
Props,TerrainCliffSpooky,"Ledge pieces; the drop is toward the bottom, spooky theme",32x32,3,Edge 1 loop; CornerLeft 1 loop; CornerRight 1 loop,TerrainCliff,no
Props,TerrainCliffSteampunk,"Ledge pieces; the drop is toward the bottom, steampunk theme",32x32,3,Edge 1 loop; CornerLeft 1 loop; CornerRight 1 loop,TerrainCliff,no
Props,TerrainCliffVaporwave,"Ledge pieces; the drop is toward the bottom, vaporwave theme",32x32,3,Edge 1 loop; CornerLeft 1 loop; CornerRight 1 loop,TerrainCliff,no
Props,TerrainCliffWinter,"Ledge pieces; the drop is toward the bottom, winter",32x32,3,Edge 1 loop; CornerLeft 1 loop; CornerRight 1 loop,TerrainCliff,no
Props,TerrainTunnel,Tunnel mouth,32x32,13,Idle 1 loop; Eyes 6 loop; Collapse 6 once,,no
Props,TerrainTunnelAutumn,"Tunnel mouth, autumn",32x32,13,Idle 1 loop; Eyes 6 loop; Collapse 6 once,TerrainTunnel,no
Props,TerrainTunnelCandy,"Tunnel mouth, candy theme",32x32,13,Idle 1 loop; Eyes 6 loop; Collapse 6 once,TerrainTunnel,no
Props,TerrainTunnelJungle,"Tunnel mouth, jungle theme",32x32,13,Idle 1 loop; Eyes 6 loop; Collapse 6 once,TerrainTunnel,no
Props,TerrainTunnelMedieval,"Tunnel mouth, medieval theme",32x32,13,Idle 1 loop; Eyes 6 loop; Collapse 6 once,TerrainTunnel,no
Props,TerrainTunnelMilitary,"Tunnel mouth, military theme",32x32,13,Idle 1 loop; Eyes 6 loop; Collapse 6 once,TerrainTunnel,no
Props,TerrainTunnelNeon,"Tunnel mouth, neon theme",32x32,13,Idle 1 loop; Eyes 6 loop; Collapse 6 once,TerrainTunnel,no
Props,TerrainTunnelNeonSpace,"Tunnel mouth, neonspace theme",32x32,13,Idle 1 loop; Eyes 6 loop; Collapse 6 once,TerrainTunnel,no
Props,TerrainTunnelPirate,"Tunnel mouth, pirate theme",32x32,13,Idle 1 loop; Eyes 6 loop; Collapse 6 once,TerrainTunnel,no
Props,TerrainTunnelRobot,"Tunnel mouth, robot theme",32x32,13,Idle 1 loop; Eyes 6 loop; Collapse 6 once,TerrainTunnel,no
Props,TerrainTunnelSamurai,"Tunnel mouth, samurai theme",32x32,13,Idle 1 loop; Eyes 6 loop; Collapse 6 once,TerrainTunnel,no
Props,TerrainTunnelSpace,"Tunnel mouth, space theme",32x32,13,Idle 1 loop; Eyes 6 loop; Collapse 6 once,TerrainTunnel,no
Props,TerrainTunnelSpooky,"Tunnel mouth, spooky theme",32x32,13,Idle 1 loop; Eyes 6 loop; Collapse 6 once,TerrainTunnel,no
Props,TerrainTunnelSteampunk,"Tunnel mouth, steampunk theme",32x32,13,Idle 1 loop; Eyes 6 loop; Collapse 6 once,TerrainTunnel,no
Props,TerrainTunnelVaporwave,"Tunnel mouth, vaporwave theme",32x32,13,Idle 1 loop; Eyes 6 loop; Collapse 6 once,TerrainTunnel,no
Props,TerrainTunnelWinter,"Tunnel mouth, winter",32x32,13,Idle 1 loop; Eyes 6 loop; Collapse 6 once,TerrainTunnel,no
Props,WaterIce,Frozen puddles,32x32,9,Small 2 loop; Large 2 loop; Crack 5 once,,no
Props,WaterPuddle,Puddles,32x32,8,Small 4 loop; Large 4 loop,,no
Props,WaterPuddleCandy,"Puddles, candy theme",32x32,8,Small 4 loop; Large 4 loop,WaterPuddle,no
Props,WaterPuddleJungle,"Puddles, jungle theme",32x32,8,Small 4 loop; Large 4 loop,WaterPuddle,no
Props,WaterPuddleMedieval,"Puddles, medieval theme",32x32,8,Small 4 loop; Large 4 loop,WaterPuddle,no
Props,WaterPuddleMilitary,"Puddles, military theme",32x32,8,Small 4 loop; Large 4 loop,WaterPuddle,no
Props,WaterPuddleNeon,"Puddles, neon theme",32x32,8,Small 4 loop; Large 4 loop,WaterPuddle,no
Props,WaterPuddleNeonSpace,"Puddles, neonspace theme",32x32,8,Small 4 loop; Large 4 loop,WaterPuddle,no
Props,WaterPuddlePirate,"Puddles, pirate theme",32x32,8,Small 4 loop; Large 4 loop,WaterPuddle,no
Props,WaterPuddleRobot,"Puddles, robot theme",32x32,8,Small 4 loop; Large 4 loop,WaterPuddle,no
Props,WaterPuddleSamurai,"Puddles, samurai theme",32x32,8,Small 4 loop; Large 4 loop,WaterPuddle,no
Props,WaterPuddleSpace,"Puddles, space theme",32x32,8,Small 4 loop; Large 4 loop,WaterPuddle,no
Props,WaterPuddleSpooky,"Puddles, spooky theme",32x32,8,Small 4 loop; Large 4 loop,WaterPuddle,no
Props,WaterPuddleSteampunk,"Puddles, steampunk theme",32x32,8,Small 4 loop; Large 4 loop,WaterPuddle,no
Props,WaterPuddleVaporwave,"Puddles, vaporwave theme",32x32,8,Small 4 loop; Large 4 loop,WaterPuddle,no
Props,WaterShallows,Open water (tiles both ways),32x32,4,Flow 4 loop,,no
Props,WaterShallowsNight,"Open water (tiles both ways), night",32x32,4,Flow 4 loop,WaterShallows,no
Props,WaterShallowsWinter,"Open water (tiles both ways), winter",32x32,4,Flow 4 loop,WaterShallows,no
Props,WaterShore,"Shoreline: sand above, water below",32x32,12,Edge 4 loop; CornerLeft 4 loop; CornerRight 4 loop,,no
Props,WaterShoreNight,"Shoreline: sand above, water below, night",32x32,12,Edge 4 loop; CornerLeft 4 loop; CornerRight 4 loop,WaterShore,no
Props,WaterShoreWinter,"Shoreline: sand above, water below, winter",32x32,12,Edge 4 loop; CornerLeft 4 loop; CornerRight 4 loop,WaterShore,no
Props,WaterStream,Stream pieces (tile along the flow),32x32,12,Horizontal 4 loop; Vertical 4 loop; Bend 4 loop,,no
Props,WaterStreamCandy,"Stream pieces (tile along the flow), candy theme",32x32,12,Horizontal 4 loop; Vertical 4 loop; Bend 4 loop,WaterStream,no
Props,WaterStreamJungle,"Stream pieces (tile along the flow), jungle theme",32x32,12,Horizontal 4 loop; Vertical 4 loop; Bend 4 loop,WaterStream,no
Props,WaterStreamMedieval,"Stream pieces (tile along the flow), medieval theme",32x32,12,Horizontal 4 loop; Vertical 4 loop; Bend 4 loop,WaterStream,no
Props,WaterStreamMilitary,"Stream pieces (tile along the flow), military theme",32x32,12,Horizontal 4 loop; Vertical 4 loop; Bend 4 loop,WaterStream,no
Props,WaterStreamNeon,"Stream pieces (tile along the flow), neon theme",32x32,12,Horizontal 4 loop; Vertical 4 loop; Bend 4 loop,WaterStream,no
Props,WaterStreamNeonSpace,"Stream pieces (tile along the flow), neonspace theme",32x32,12,Horizontal 4 loop; Vertical 4 loop; Bend 4 loop,WaterStream,no
Props,WaterStreamPirate,"Stream pieces (tile along the flow), pirate theme",32x32,12,Horizontal 4 loop; Vertical 4 loop; Bend 4 loop,WaterStream,no
Props,WaterStreamRobot,"Stream pieces (tile along the flow), robot theme",32x32,12,Horizontal 4 loop; Vertical 4 loop; Bend 4 loop,WaterStream,no
Props,WaterStreamSamurai,"Stream pieces (tile along the flow), samurai theme",32x32,12,Horizontal 4 loop; Vertical 4 loop; Bend 4 loop,WaterStream,no
Props,WaterStreamSpace,"Stream pieces (tile along the flow), space theme",32x32,12,Horizontal 4 loop; Vertical 4 loop; Bend 4 loop,WaterStream,no
Props,WaterStreamSpooky,"Stream pieces (tile along the flow), spooky theme",32x32,12,Horizontal 4 loop; Vertical 4 loop; Bend 4 loop,WaterStream,no
Props,WaterStreamSteampunk,"Stream pieces (tile along the flow), steampunk theme",32x32,12,Horizontal 4 loop; Vertical 4 loop; Bend 4 loop,WaterStream,no
Props,WaterStreamVaporwave,"Stream pieces (tile along the flow), vaporwave theme",32x32,12,Horizontal 4 loop; Vertical 4 loop; Bend 4 loop,WaterStream,no
Story,StoryBossBeetle,The titan beetle arrives,160x90,10,Intro 6 once; Loop 4 loop,,no
Story,StoryBossHornet,The hornet comes down out of the sun,160x90,10,Intro 6 once; Loop 4 loop,,no
Story,StoryBossMantis,The mantis queen rises,160x90,10,Intro 6 once; Loop 4 loop,,no
Story,StoryChamber,Inside the hill,160x90,6,Loop 6 loop,,no
Story,StoryDefeat,The hill has fallen,160x90,6,Loop 6 loop,,no
Story,StoryFounding,The colony is founded,160x90,14,Intro 8 once; Loop 6 loop,,no
Story,StoryRaidWarning,Raiders on the ridge,160x90,6,Loop 6 loop,,no
Story,StoryVictory,The hill stands,160x90,6,Loop 6 loop,,no
Towers,TowerBeam,Dewdrop Lens,32x32,16,Idle 4 loop; Attack 6 once; Upgrade 6 once,,graybox
Towers,TowerBeamAutumn,"Dewdrop Lens, tier 1, autumn",32x32,16,Idle 4 loop; Attack 6 once; Upgrade 6 once,TowerBeam,no
Towers,TowerBeamCandy,"Dewdrop Lens, tier 1, candy theme",32x32,16,Idle 4 loop; Attack 6 once; Upgrade 6 once,TowerBeam,no
Towers,TowerBeamJungle,"Dewdrop Lens, tier 1, jungle theme",32x32,16,Idle 4 loop; Attack 6 once; Upgrade 6 once,TowerBeam,no
Towers,TowerBeamMedieval,"Dewdrop Lens, tier 1, medieval theme",32x32,16,Idle 4 loop; Attack 6 once; Upgrade 6 once,TowerBeam,no
Towers,TowerBeamMilitary,"Sniper (Dewdrop Lens), tier 1, military theme",32x32,16,Idle 4 loop; Attack 6 once; Upgrade 6 once,TowerBeam,no
Towers,TowerBeamNeon,"Dewdrop Lens, tier 1, neon theme",32x32,16,Idle 4 loop; Attack 6 once; Upgrade 6 once,TowerBeam,no
Towers,TowerBeamNeonSpace,"Dewdrop Lens, tier 1, neonspace theme",32x32,16,Idle 4 loop; Attack 6 once; Upgrade 6 once,TowerBeam,no
Towers,TowerBeamPirate,"Dewdrop Lens, tier 1, pirate theme",32x32,16,Idle 4 loop; Attack 6 once; Upgrade 6 once,TowerBeam,no
Towers,TowerBeamRobot,"Dewdrop Lens, tier 1, robot theme",32x32,16,Idle 4 loop; Attack 6 once; Upgrade 6 once,TowerBeam,no
Towers,TowerBeamSamurai,"Dewdrop Lens, tier 1, samurai theme",32x32,16,Idle 4 loop; Attack 6 once; Upgrade 6 once,TowerBeam,no
Towers,TowerBeamSpace,"Dewdrop Lens, tier 1, space theme",32x32,16,Idle 4 loop; Attack 6 once; Upgrade 6 once,TowerBeam,no
Towers,TowerBeamSpooky,"Dewdrop Lens, tier 1, spooky theme",32x32,16,Idle 4 loop; Attack 6 once; Upgrade 6 once,TowerBeam,no
Towers,TowerBeamSteampunk,"Dewdrop Lens, tier 1, steampunk theme",32x32,16,Idle 4 loop; Attack 6 once; Upgrade 6 once,TowerBeam,no
Towers,TowerBeamT2,"Dewdrop Lens, tier 2",32x32,16,Idle 4 loop; Attack 6 once; Upgrade 6 once,,no
Towers,TowerBeamT2Autumn,"Dewdrop Lens, tier 2, autumn",32x32,16,Idle 4 loop; Attack 6 once; Upgrade 6 once,TowerBeamT2,no
Towers,TowerBeamT2Candy,"Dewdrop Lens, tier 2, candy theme",32x32,16,Idle 4 loop; Attack 6 once; Upgrade 6 once,TowerBeamT2,no
Towers,TowerBeamT2Jungle,"Dewdrop Lens, tier 2, jungle theme",32x32,16,Idle 4 loop; Attack 6 once; Upgrade 6 once,TowerBeamT2,no
Towers,TowerBeamT2Medieval,"Dewdrop Lens, tier 2, medieval theme",32x32,16,Idle 4 loop; Attack 6 once; Upgrade 6 once,TowerBeamT2,no
Towers,TowerBeamT2Military,"Sniper (Dewdrop Lens), tier 2, military theme",32x32,16,Idle 4 loop; Attack 6 once; Upgrade 6 once,TowerBeamT2,no
Towers,TowerBeamT2Neon,"Dewdrop Lens, tier 2, neon theme",32x32,16,Idle 4 loop; Attack 6 once; Upgrade 6 once,TowerBeamT2,no
Towers,TowerBeamT2NeonSpace,"Dewdrop Lens, tier 2, neonspace theme",32x32,16,Idle 4 loop; Attack 6 once; Upgrade 6 once,TowerBeamT2,no
Towers,TowerBeamT2Pirate,"Dewdrop Lens, tier 2, pirate theme",32x32,16,Idle 4 loop; Attack 6 once; Upgrade 6 once,TowerBeamT2,no
Towers,TowerBeamT2Robot,"Dewdrop Lens, tier 2, robot theme",32x32,16,Idle 4 loop; Attack 6 once; Upgrade 6 once,TowerBeamT2,no
Towers,TowerBeamT2Samurai,"Dewdrop Lens, tier 2, samurai theme",32x32,16,Idle 4 loop; Attack 6 once; Upgrade 6 once,TowerBeamT2,no
Towers,TowerBeamT2Space,"Dewdrop Lens, tier 2, space theme",32x32,16,Idle 4 loop; Attack 6 once; Upgrade 6 once,TowerBeamT2,no
Towers,TowerBeamT2Spooky,"Dewdrop Lens, tier 2, spooky theme",32x32,16,Idle 4 loop; Attack 6 once; Upgrade 6 once,TowerBeamT2,no
Towers,TowerBeamT2Steampunk,"Dewdrop Lens, tier 2, steampunk theme",32x32,16,Idle 4 loop; Attack 6 once; Upgrade 6 once,TowerBeamT2,no
Towers,TowerBeamT2Vaporwave,"Dewdrop Lens, tier 2, vaporwave theme",32x32,16,Idle 4 loop; Attack 6 once; Upgrade 6 once,TowerBeamT2,no
Towers,TowerBeamT2Winter,"Dewdrop Lens, tier 2, winter",32x32,16,Idle 4 loop; Attack 6 once; Upgrade 6 once,TowerBeamT2,no
Towers,TowerBeamT3,"Dewdrop Lens, tier 3",32x32,16,Idle 4 loop; Attack 6 once; Upgrade 6 once,,no
Towers,TowerBeamT3Autumn,"Dewdrop Lens, tier 3, autumn",32x32,16,Idle 4 loop; Attack 6 once; Upgrade 6 once,TowerBeamT3,no
Towers,TowerBeamT3Candy,"Dewdrop Lens, tier 3, candy theme",32x32,16,Idle 4 loop; Attack 6 once; Upgrade 6 once,TowerBeamT3,no
Towers,TowerBeamT3Jungle,"Dewdrop Lens, tier 3, jungle theme",32x32,16,Idle 4 loop; Attack 6 once; Upgrade 6 once,TowerBeamT3,no
Towers,TowerBeamT3Medieval,"Dewdrop Lens, tier 3, medieval theme",32x32,16,Idle 4 loop; Attack 6 once; Upgrade 6 once,TowerBeamT3,no
Towers,TowerBeamT3Military,"Sniper (Dewdrop Lens), tier 3, military theme",32x32,16,Idle 4 loop; Attack 6 once; Upgrade 6 once,TowerBeamT3,no
Towers,TowerBeamT3Neon,"Dewdrop Lens, tier 3, neon theme",32x32,16,Idle 4 loop; Attack 6 once; Upgrade 6 once,TowerBeamT3,no
Towers,TowerBeamT3NeonSpace,"Dewdrop Lens, tier 3, neonspace theme",32x32,16,Idle 4 loop; Attack 6 once; Upgrade 6 once,TowerBeamT3,no
Towers,TowerBeamT3Pirate,"Dewdrop Lens, tier 3, pirate theme",32x32,16,Idle 4 loop; Attack 6 once; Upgrade 6 once,TowerBeamT3,no
Towers,TowerBeamT3Robot,"Dewdrop Lens, tier 3, robot theme",32x32,16,Idle 4 loop; Attack 6 once; Upgrade 6 once,TowerBeamT3,no
Towers,TowerBeamT3Samurai,"Dewdrop Lens, tier 3, samurai theme",32x32,16,Idle 4 loop; Attack 6 once; Upgrade 6 once,TowerBeamT3,no
Towers,TowerBeamT3Space,"Dewdrop Lens, tier 3, space theme",32x32,16,Idle 4 loop; Attack 6 once; Upgrade 6 once,TowerBeamT3,no
Towers,TowerBeamT3Spooky,"Dewdrop Lens, tier 3, spooky theme",32x32,16,Idle 4 loop; Attack 6 once; Upgrade 6 once,TowerBeamT3,no
Towers,TowerBeamT3Steampunk,"Dewdrop Lens, tier 3, steampunk theme",32x32,16,Idle 4 loop; Attack 6 once; Upgrade 6 once,TowerBeamT3,no
Towers,TowerBeamT3Vaporwave,"Dewdrop Lens, tier 3, vaporwave theme",32x32,16,Idle 4 loop; Attack 6 once; Upgrade 6 once,TowerBeamT3,no
Towers,TowerBeamT3Winter,"Dewdrop Lens, tier 3, winter",32x32,16,Idle 4 loop; Attack 6 once; Upgrade 6 once,TowerBeamT3,no
Towers,TowerBeamVaporwave,"Dewdrop Lens, tier 1, vaporwave theme",32x32,16,Idle 4 loop; Attack 6 once; Upgrade 6 once,TowerBeam,no
Towers,TowerBeamWinter,"Dewdrop Lens, tier 1, winter",32x32,16,Idle 4 loop; Attack 6 once; Upgrade 6 once,TowerBeam,no
Towers,TowerChain,Storm Ant,32x32,16,Idle 4 loop; Attack 6 once; Upgrade 6 once,,graybox
Towers,TowerChainAutumn,"Storm Ant, tier 1, autumn",32x32,16,Idle 4 loop; Attack 6 once; Upgrade 6 once,TowerChain,no
Towers,TowerChainCandy,"Storm Ant, tier 1, candy theme",32x32,16,Idle 4 loop; Attack 6 once; Upgrade 6 once,TowerChain,no
Towers,TowerChainJungle,"Storm Ant, tier 1, jungle theme",32x32,16,Idle 4 loop; Attack 6 once; Upgrade 6 once,TowerChain,no
Towers,TowerChainMedieval,"Storm Ant, tier 1, medieval theme",32x32,16,Idle 4 loop; Attack 6 once; Upgrade 6 once,TowerChain,no
Towers,TowerChainMilitary,"Signaller (Storm Ant), tier 1, military theme",32x32,16,Idle 4 loop; Attack 6 once; Upgrade 6 once,TowerChain,no
Towers,TowerChainNeon,"Storm Ant, tier 1, neon theme",32x32,16,Idle 4 loop; Attack 6 once; Upgrade 6 once,TowerChain,no
Towers,TowerChainNeonSpace,"Storm Ant, tier 1, neonspace theme",32x32,16,Idle 4 loop; Attack 6 once; Upgrade 6 once,TowerChain,no
Towers,TowerChainPirate,"Storm Ant, tier 1, pirate theme",32x32,16,Idle 4 loop; Attack 6 once; Upgrade 6 once,TowerChain,no
Towers,TowerChainRobot,"Storm Ant, tier 1, robot theme",32x32,16,Idle 4 loop; Attack 6 once; Upgrade 6 once,TowerChain,no
Towers,TowerChainSamurai,"Storm Ant, tier 1, samurai theme",32x32,16,Idle 4 loop; Attack 6 once; Upgrade 6 once,TowerChain,no
Towers,TowerChainSpace,"Storm Ant, tier 1, space theme",32x32,16,Idle 4 loop; Attack 6 once; Upgrade 6 once,TowerChain,no
Towers,TowerChainSpooky,"Storm Ant, tier 1, spooky theme",32x32,16,Idle 4 loop; Attack 6 once; Upgrade 6 once,TowerChain,no
Towers,TowerChainSteampunk,"Storm Ant, tier 1, steampunk theme",32x32,16,Idle 4 loop; Attack 6 once; Upgrade 6 once,TowerChain,no
Towers,TowerChainT2,"Storm Ant, tier 2",32x32,16,Idle 4 loop; Attack 6 once; Upgrade 6 once,,no
Towers,TowerChainT2Autumn,"Storm Ant, tier 2, autumn",32x32,16,Idle 4 loop; Attack 6 once; Upgrade 6 once,TowerChainT2,no
Towers,TowerChainT2Candy,"Storm Ant, tier 2, candy theme",32x32,16,Idle 4 loop; Attack 6 once; Upgrade 6 once,TowerChainT2,no
Towers,TowerChainT2Jungle,"Storm Ant, tier 2, jungle theme",32x32,16,Idle 4 loop; Attack 6 once; Upgrade 6 once,TowerChainT2,no
Towers,TowerChainT2Medieval,"Storm Ant, tier 2, medieval theme",32x32,16,Idle 4 loop; Attack 6 once; Upgrade 6 once,TowerChainT2,no
Towers,TowerChainT2Military,"Signaller (Storm Ant), tier 2, military theme",32x32,16,Idle 4 loop; Attack 6 once; Upgrade 6 once,TowerChainT2,no
Towers,TowerChainT2Neon,"Storm Ant, tier 2, neon theme",32x32,16,Idle 4 loop; Attack 6 once; Upgrade 6 once,TowerChainT2,no
Towers,TowerChainT2NeonSpace,"Storm Ant, tier 2, neonspace theme",32x32,16,Idle 4 loop; Attack 6 once; Upgrade 6 once,TowerChainT2,no
Towers,TowerChainT2Pirate,"Storm Ant, tier 2, pirate theme",32x32,16,Idle 4 loop; Attack 6 once; Upgrade 6 once,TowerChainT2,no
Towers,TowerChainT2Robot,"Storm Ant, tier 2, robot theme",32x32,16,Idle 4 loop; Attack 6 once; Upgrade 6 once,TowerChainT2,no
Towers,TowerChainT2Samurai,"Storm Ant, tier 2, samurai theme",32x32,16,Idle 4 loop; Attack 6 once; Upgrade 6 once,TowerChainT2,no
Towers,TowerChainT2Space,"Storm Ant, tier 2, space theme",32x32,16,Idle 4 loop; Attack 6 once; Upgrade 6 once,TowerChainT2,no
Towers,TowerChainT2Spooky,"Storm Ant, tier 2, spooky theme",32x32,16,Idle 4 loop; Attack 6 once; Upgrade 6 once,TowerChainT2,no
Towers,TowerChainT2Steampunk,"Storm Ant, tier 2, steampunk theme",32x32,16,Idle 4 loop; Attack 6 once; Upgrade 6 once,TowerChainT2,no
Towers,TowerChainT2Vaporwave,"Storm Ant, tier 2, vaporwave theme",32x32,16,Idle 4 loop; Attack 6 once; Upgrade 6 once,TowerChainT2,no
Towers,TowerChainT2Winter,"Storm Ant, tier 2, winter",32x32,16,Idle 4 loop; Attack 6 once; Upgrade 6 once,TowerChainT2,no
Towers,TowerChainT3,"Storm Ant, tier 3",32x32,16,Idle 4 loop; Attack 6 once; Upgrade 6 once,,no
Towers,TowerChainT3Autumn,"Storm Ant, tier 3, autumn",32x32,16,Idle 4 loop; Attack 6 once; Upgrade 6 once,TowerChainT3,no
Towers,TowerChainT3Candy,"Storm Ant, tier 3, candy theme",32x32,16,Idle 4 loop; Attack 6 once; Upgrade 6 once,TowerChainT3,no
Towers,TowerChainT3Jungle,"Storm Ant, tier 3, jungle theme",32x32,16,Idle 4 loop; Attack 6 once; Upgrade 6 once,TowerChainT3,no
Towers,TowerChainT3Medieval,"Storm Ant, tier 3, medieval theme",32x32,16,Idle 4 loop; Attack 6 once; Upgrade 6 once,TowerChainT3,no
Towers,TowerChainT3Military,"Signaller (Storm Ant), tier 3, military theme",32x32,16,Idle 4 loop; Attack 6 once; Upgrade 6 once,TowerChainT3,no
Towers,TowerChainT3Neon,"Storm Ant, tier 3, neon theme",32x32,16,Idle 4 loop; Attack 6 once; Upgrade 6 once,TowerChainT3,no
Towers,TowerChainT3NeonSpace,"Storm Ant, tier 3, neonspace theme",32x32,16,Idle 4 loop; Attack 6 once; Upgrade 6 once,TowerChainT3,no
Towers,TowerChainT3Pirate,"Storm Ant, tier 3, pirate theme",32x32,16,Idle 4 loop; Attack 6 once; Upgrade 6 once,TowerChainT3,no
Towers,TowerChainT3Robot,"Storm Ant, tier 3, robot theme",32x32,16,Idle 4 loop; Attack 6 once; Upgrade 6 once,TowerChainT3,no
Towers,TowerChainT3Samurai,"Storm Ant, tier 3, samurai theme",32x32,16,Idle 4 loop; Attack 6 once; Upgrade 6 once,TowerChainT3,no
Towers,TowerChainT3Space,"Storm Ant, tier 3, space theme",32x32,16,Idle 4 loop; Attack 6 once; Upgrade 6 once,TowerChainT3,no
Towers,TowerChainT3Spooky,"Storm Ant, tier 3, spooky theme",32x32,16,Idle 4 loop; Attack 6 once; Upgrade 6 once,TowerChainT3,no
Towers,TowerChainT3Steampunk,"Storm Ant, tier 3, steampunk theme",32x32,16,Idle 4 loop; Attack 6 once; Upgrade 6 once,TowerChainT3,no
Towers,TowerChainT3Vaporwave,"Storm Ant, tier 3, vaporwave theme",32x32,16,Idle 4 loop; Attack 6 once; Upgrade 6 once,TowerChainT3,no
Towers,TowerChainT3Winter,"Storm Ant, tier 3, winter",32x32,16,Idle 4 loop; Attack 6 once; Upgrade 6 once,TowerChainT3,no
Towers,TowerChainVaporwave,"Storm Ant, tier 1, vaporwave theme",32x32,16,Idle 4 loop; Attack 6 once; Upgrade 6 once,TowerChain,no
Towers,TowerChainWinter,"Storm Ant, tier 1, winter",32x32,16,Idle 4 loop; Attack 6 once; Upgrade 6 once,TowerChain,no
Towers,TowerFrostAura,Frost Ant,32x32,16,Idle 4 loop; Attack 6 once; Upgrade 6 once,,graybox
Towers,TowerFrostAuraAutumn,"Frost Ant, tier 1, autumn",32x32,16,Idle 4 loop; Attack 6 once; Upgrade 6 once,TowerFrostAura,no
Towers,TowerFrostAuraCandy,"Frost Ant, tier 1, candy theme",32x32,16,Idle 4 loop; Attack 6 once; Upgrade 6 once,TowerFrostAura,no
Towers,TowerFrostAuraJungle,"Frost Ant, tier 1, jungle theme",32x32,16,Idle 4 loop; Attack 6 once; Upgrade 6 once,TowerFrostAura,no
Towers,TowerFrostAuraMedieval,"Frost Ant, tier 1, medieval theme",32x32,16,Idle 4 loop; Attack 6 once; Upgrade 6 once,TowerFrostAura,no
Towers,TowerFrostAuraMilitary,"Cryo trooper (Frost Ant), tier 1, military theme",32x32,16,Idle 4 loop; Attack 6 once; Upgrade 6 once,TowerFrostAura,no
Towers,TowerFrostAuraNeon,"Frost Ant, tier 1, neon theme",32x32,16,Idle 4 loop; Attack 6 once; Upgrade 6 once,TowerFrostAura,no
Towers,TowerFrostAuraNeonSpace,"Frost Ant, tier 1, neonspace theme",32x32,16,Idle 4 loop; Attack 6 once; Upgrade 6 once,TowerFrostAura,no
Towers,TowerFrostAuraPirate,"Frost Ant, tier 1, pirate theme",32x32,16,Idle 4 loop; Attack 6 once; Upgrade 6 once,TowerFrostAura,no
Towers,TowerFrostAuraRobot,"Frost Ant, tier 1, robot theme",32x32,16,Idle 4 loop; Attack 6 once; Upgrade 6 once,TowerFrostAura,no
Towers,TowerFrostAuraSamurai,"Frost Ant, tier 1, samurai theme",32x32,16,Idle 4 loop; Attack 6 once; Upgrade 6 once,TowerFrostAura,no
Towers,TowerFrostAuraSpace,"Frost Ant, tier 1, space theme",32x32,16,Idle 4 loop; Attack 6 once; Upgrade 6 once,TowerFrostAura,no
Towers,TowerFrostAuraSpooky,"Frost Ant, tier 1, spooky theme",32x32,16,Idle 4 loop; Attack 6 once; Upgrade 6 once,TowerFrostAura,no
Towers,TowerFrostAuraSteampunk,"Frost Ant, tier 1, steampunk theme",32x32,16,Idle 4 loop; Attack 6 once; Upgrade 6 once,TowerFrostAura,no
Towers,TowerFrostAuraT2,"Frost Ant, tier 2",32x32,16,Idle 4 loop; Attack 6 once; Upgrade 6 once,,no
Towers,TowerFrostAuraT2Autumn,"Frost Ant, tier 2, autumn",32x32,16,Idle 4 loop; Attack 6 once; Upgrade 6 once,TowerFrostAuraT2,no
Towers,TowerFrostAuraT2Candy,"Frost Ant, tier 2, candy theme",32x32,16,Idle 4 loop; Attack 6 once; Upgrade 6 once,TowerFrostAuraT2,no
Towers,TowerFrostAuraT2Jungle,"Frost Ant, tier 2, jungle theme",32x32,16,Idle 4 loop; Attack 6 once; Upgrade 6 once,TowerFrostAuraT2,no
Towers,TowerFrostAuraT2Medieval,"Frost Ant, tier 2, medieval theme",32x32,16,Idle 4 loop; Attack 6 once; Upgrade 6 once,TowerFrostAuraT2,no
Towers,TowerFrostAuraT2Military,"Cryo trooper (Frost Ant), tier 2, military theme",32x32,16,Idle 4 loop; Attack 6 once; Upgrade 6 once,TowerFrostAuraT2,no
Towers,TowerFrostAuraT2Neon,"Frost Ant, tier 2, neon theme",32x32,16,Idle 4 loop; Attack 6 once; Upgrade 6 once,TowerFrostAuraT2,no
Towers,TowerFrostAuraT2NeonSpace,"Frost Ant, tier 2, neonspace theme",32x32,16,Idle 4 loop; Attack 6 once; Upgrade 6 once,TowerFrostAuraT2,no
Towers,TowerFrostAuraT2Pirate,"Frost Ant, tier 2, pirate theme",32x32,16,Idle 4 loop; Attack 6 once; Upgrade 6 once,TowerFrostAuraT2,no
Towers,TowerFrostAuraT2Robot,"Frost Ant, tier 2, robot theme",32x32,16,Idle 4 loop; Attack 6 once; Upgrade 6 once,TowerFrostAuraT2,no
Towers,TowerFrostAuraT2Samurai,"Frost Ant, tier 2, samurai theme",32x32,16,Idle 4 loop; Attack 6 once; Upgrade 6 once,TowerFrostAuraT2,no
Towers,TowerFrostAuraT2Space,"Frost Ant, tier 2, space theme",32x32,16,Idle 4 loop; Attack 6 once; Upgrade 6 once,TowerFrostAuraT2,no
Towers,TowerFrostAuraT2Spooky,"Frost Ant, tier 2, spooky theme",32x32,16,Idle 4 loop; Attack 6 once; Upgrade 6 once,TowerFrostAuraT2,no
Towers,TowerFrostAuraT2Steampunk,"Frost Ant, tier 2, steampunk theme",32x32,16,Idle 4 loop; Attack 6 once; Upgrade 6 once,TowerFrostAuraT2,no
Towers,TowerFrostAuraT2Vaporwave,"Frost Ant, tier 2, vaporwave theme",32x32,16,Idle 4 loop; Attack 6 once; Upgrade 6 once,TowerFrostAuraT2,no
Towers,TowerFrostAuraT2Winter,"Frost Ant, tier 2, winter",32x32,16,Idle 4 loop; Attack 6 once; Upgrade 6 once,TowerFrostAuraT2,no
Towers,TowerFrostAuraT3,"Frost Ant, tier 3",32x32,16,Idle 4 loop; Attack 6 once; Upgrade 6 once,,no
Towers,TowerFrostAuraT3Autumn,"Frost Ant, tier 3, autumn",32x32,16,Idle 4 loop; Attack 6 once; Upgrade 6 once,TowerFrostAuraT3,no
Towers,TowerFrostAuraT3Candy,"Frost Ant, tier 3, candy theme",32x32,16,Idle 4 loop; Attack 6 once; Upgrade 6 once,TowerFrostAuraT3,no
Towers,TowerFrostAuraT3Jungle,"Frost Ant, tier 3, jungle theme",32x32,16,Idle 4 loop; Attack 6 once; Upgrade 6 once,TowerFrostAuraT3,no
Towers,TowerFrostAuraT3Medieval,"Frost Ant, tier 3, medieval theme",32x32,16,Idle 4 loop; Attack 6 once; Upgrade 6 once,TowerFrostAuraT3,no
Towers,TowerFrostAuraT3Military,"Cryo trooper (Frost Ant), tier 3, military theme",32x32,16,Idle 4 loop; Attack 6 once; Upgrade 6 once,TowerFrostAuraT3,no
Towers,TowerFrostAuraT3Neon,"Frost Ant, tier 3, neon theme",32x32,16,Idle 4 loop; Attack 6 once; Upgrade 6 once,TowerFrostAuraT3,no
Towers,TowerFrostAuraT3NeonSpace,"Frost Ant, tier 3, neonspace theme",32x32,16,Idle 4 loop; Attack 6 once; Upgrade 6 once,TowerFrostAuraT3,no
Towers,TowerFrostAuraT3Pirate,"Frost Ant, tier 3, pirate theme",32x32,16,Idle 4 loop; Attack 6 once; Upgrade 6 once,TowerFrostAuraT3,no
Towers,TowerFrostAuraT3Robot,"Frost Ant, tier 3, robot theme",32x32,16,Idle 4 loop; Attack 6 once; Upgrade 6 once,TowerFrostAuraT3,no
Towers,TowerFrostAuraT3Samurai,"Frost Ant, tier 3, samurai theme",32x32,16,Idle 4 loop; Attack 6 once; Upgrade 6 once,TowerFrostAuraT3,no
Towers,TowerFrostAuraT3Space,"Frost Ant, tier 3, space theme",32x32,16,Idle 4 loop; Attack 6 once; Upgrade 6 once,TowerFrostAuraT3,no
Towers,TowerFrostAuraT3Spooky,"Frost Ant, tier 3, spooky theme",32x32,16,Idle 4 loop; Attack 6 once; Upgrade 6 once,TowerFrostAuraT3,no
Towers,TowerFrostAuraT3Steampunk,"Frost Ant, tier 3, steampunk theme",32x32,16,Idle 4 loop; Attack 6 once; Upgrade 6 once,TowerFrostAuraT3,no
Towers,TowerFrostAuraT3Vaporwave,"Frost Ant, tier 3, vaporwave theme",32x32,16,Idle 4 loop; Attack 6 once; Upgrade 6 once,TowerFrostAuraT3,no
Towers,TowerFrostAuraT3Winter,"Frost Ant, tier 3, winter",32x32,16,Idle 4 loop; Attack 6 once; Upgrade 6 once,TowerFrostAuraT3,no
Towers,TowerFrostAuraVaporwave,"Frost Ant, tier 1, vaporwave theme",32x32,16,Idle 4 loop; Attack 6 once; Upgrade 6 once,TowerFrostAura,no
Towers,TowerFrostAuraWinter,"Frost Ant, tier 1, winter",32x32,16,Idle 4 loop; Attack 6 once; Upgrade 6 once,TowerFrostAura,no
Towers,TowerFungusFarmer,"Fungus Farmer, tier 1",32x32,16,Idle 4 loop; Attack 6 once; Upgrade 6 once,,no
Towers,TowerFungusFarmerAutumn,"Fungus Farmer, tier 1, autumn",32x32,16,Idle 4 loop; Attack 6 once; Upgrade 6 once,TowerFungusFarmer,no
Towers,TowerFungusFarmerCandy,"Fungus Farmer, tier 1, candy theme",32x32,16,Idle 4 loop; Attack 6 once; Upgrade 6 once,TowerFungusFarmer,no
Towers,TowerFungusFarmerJungle,"Fungus Farmer, tier 1, jungle theme",32x32,16,Idle 4 loop; Attack 6 once; Upgrade 6 once,TowerFungusFarmer,no
Towers,TowerFungusFarmerMedieval,"Fungus Farmer, tier 1, medieval theme",32x32,16,Idle 4 loop; Attack 6 once; Upgrade 6 once,TowerFungusFarmer,no
Towers,TowerFungusFarmerMilitary,"Chem trooper (Fungus Farmer), tier 1, military theme",32x32,16,Idle 4 loop; Attack 6 once; Upgrade 6 once,TowerFungusFarmer,no
Towers,TowerFungusFarmerNeon,"Fungus Farmer, tier 1, neon theme",32x32,16,Idle 4 loop; Attack 6 once; Upgrade 6 once,TowerFungusFarmer,no
Towers,TowerFungusFarmerNeonSpace,"Fungus Farmer, tier 1, neonspace theme",32x32,16,Idle 4 loop; Attack 6 once; Upgrade 6 once,TowerFungusFarmer,no
Towers,TowerFungusFarmerPirate,"Fungus Farmer, tier 1, pirate theme",32x32,16,Idle 4 loop; Attack 6 once; Upgrade 6 once,TowerFungusFarmer,no
Towers,TowerFungusFarmerRobot,"Fungus Farmer, tier 1, robot theme",32x32,16,Idle 4 loop; Attack 6 once; Upgrade 6 once,TowerFungusFarmer,no
Towers,TowerFungusFarmerSamurai,"Fungus Farmer, tier 1, samurai theme",32x32,16,Idle 4 loop; Attack 6 once; Upgrade 6 once,TowerFungusFarmer,no
Towers,TowerFungusFarmerSpace,"Fungus Farmer, tier 1, space theme",32x32,16,Idle 4 loop; Attack 6 once; Upgrade 6 once,TowerFungusFarmer,no
Towers,TowerFungusFarmerSpooky,"Fungus Farmer, tier 1, spooky theme",32x32,16,Idle 4 loop; Attack 6 once; Upgrade 6 once,TowerFungusFarmer,no
Towers,TowerFungusFarmerSteampunk,"Fungus Farmer, tier 1, steampunk theme",32x32,16,Idle 4 loop; Attack 6 once; Upgrade 6 once,TowerFungusFarmer,no
Towers,TowerFungusFarmerT2,"Fungus Farmer, tier 2",32x32,16,Idle 4 loop; Attack 6 once; Upgrade 6 once,,no
Towers,TowerFungusFarmerT2Autumn,"Fungus Farmer, tier 2, autumn",32x32,16,Idle 4 loop; Attack 6 once; Upgrade 6 once,TowerFungusFarmerT2,no
Towers,TowerFungusFarmerT2Candy,"Fungus Farmer, tier 2, candy theme",32x32,16,Idle 4 loop; Attack 6 once; Upgrade 6 once,TowerFungusFarmerT2,no
Towers,TowerFungusFarmerT2Jungle,"Fungus Farmer, tier 2, jungle theme",32x32,16,Idle 4 loop; Attack 6 once; Upgrade 6 once,TowerFungusFarmerT2,no
Towers,TowerFungusFarmerT2Medieval,"Fungus Farmer, tier 2, medieval theme",32x32,16,Idle 4 loop; Attack 6 once; Upgrade 6 once,TowerFungusFarmerT2,no
Towers,TowerFungusFarmerT2Military,"Chem trooper (Fungus Farmer), tier 2, military theme",32x32,16,Idle 4 loop; Attack 6 once; Upgrade 6 once,TowerFungusFarmerT2,no
Towers,TowerFungusFarmerT2Neon,"Fungus Farmer, tier 2, neon theme",32x32,16,Idle 4 loop; Attack 6 once; Upgrade 6 once,TowerFungusFarmerT2,no
Towers,TowerFungusFarmerT2NeonSpace,"Fungus Farmer, tier 2, neonspace theme",32x32,16,Idle 4 loop; Attack 6 once; Upgrade 6 once,TowerFungusFarmerT2,no
Towers,TowerFungusFarmerT2Pirate,"Fungus Farmer, tier 2, pirate theme",32x32,16,Idle 4 loop; Attack 6 once; Upgrade 6 once,TowerFungusFarmerT2,no
Towers,TowerFungusFarmerT2Robot,"Fungus Farmer, tier 2, robot theme",32x32,16,Idle 4 loop; Attack 6 once; Upgrade 6 once,TowerFungusFarmerT2,no
Towers,TowerFungusFarmerT2Samurai,"Fungus Farmer, tier 2, samurai theme",32x32,16,Idle 4 loop; Attack 6 once; Upgrade 6 once,TowerFungusFarmerT2,no
Towers,TowerFungusFarmerT2Space,"Fungus Farmer, tier 2, space theme",32x32,16,Idle 4 loop; Attack 6 once; Upgrade 6 once,TowerFungusFarmerT2,no
Towers,TowerFungusFarmerT2Spooky,"Fungus Farmer, tier 2, spooky theme",32x32,16,Idle 4 loop; Attack 6 once; Upgrade 6 once,TowerFungusFarmerT2,no
Towers,TowerFungusFarmerT2Steampunk,"Fungus Farmer, tier 2, steampunk theme",32x32,16,Idle 4 loop; Attack 6 once; Upgrade 6 once,TowerFungusFarmerT2,no
Towers,TowerFungusFarmerT2Vaporwave,"Fungus Farmer, tier 2, vaporwave theme",32x32,16,Idle 4 loop; Attack 6 once; Upgrade 6 once,TowerFungusFarmerT2,no
Towers,TowerFungusFarmerT2Winter,"Fungus Farmer, tier 2, winter",32x32,16,Idle 4 loop; Attack 6 once; Upgrade 6 once,TowerFungusFarmerT2,no
Towers,TowerFungusFarmerT3,"Fungus Farmer, tier 3",32x32,16,Idle 4 loop; Attack 6 once; Upgrade 6 once,,no
Towers,TowerFungusFarmerT3Autumn,"Fungus Farmer, tier 3, autumn",32x32,16,Idle 4 loop; Attack 6 once; Upgrade 6 once,TowerFungusFarmerT3,no
Towers,TowerFungusFarmerT3Candy,"Fungus Farmer, tier 3, candy theme",32x32,16,Idle 4 loop; Attack 6 once; Upgrade 6 once,TowerFungusFarmerT3,no
Towers,TowerFungusFarmerT3Jungle,"Fungus Farmer, tier 3, jungle theme",32x32,16,Idle 4 loop; Attack 6 once; Upgrade 6 once,TowerFungusFarmerT3,no
Towers,TowerFungusFarmerT3Medieval,"Fungus Farmer, tier 3, medieval theme",32x32,16,Idle 4 loop; Attack 6 once; Upgrade 6 once,TowerFungusFarmerT3,no
Towers,TowerFungusFarmerT3Military,"Chem trooper (Fungus Farmer), tier 3, military theme",32x32,16,Idle 4 loop; Attack 6 once; Upgrade 6 once,TowerFungusFarmerT3,no
Towers,TowerFungusFarmerT3Neon,"Fungus Farmer, tier 3, neon theme",32x32,16,Idle 4 loop; Attack 6 once; Upgrade 6 once,TowerFungusFarmerT3,no
Towers,TowerFungusFarmerT3NeonSpace,"Fungus Farmer, tier 3, neonspace theme",32x32,16,Idle 4 loop; Attack 6 once; Upgrade 6 once,TowerFungusFarmerT3,no
Towers,TowerFungusFarmerT3Pirate,"Fungus Farmer, tier 3, pirate theme",32x32,16,Idle 4 loop; Attack 6 once; Upgrade 6 once,TowerFungusFarmerT3,no
Towers,TowerFungusFarmerT3Robot,"Fungus Farmer, tier 3, robot theme",32x32,16,Idle 4 loop; Attack 6 once; Upgrade 6 once,TowerFungusFarmerT3,no
Towers,TowerFungusFarmerT3Samurai,"Fungus Farmer, tier 3, samurai theme",32x32,16,Idle 4 loop; Attack 6 once; Upgrade 6 once,TowerFungusFarmerT3,no
Towers,TowerFungusFarmerT3Space,"Fungus Farmer, tier 3, space theme",32x32,16,Idle 4 loop; Attack 6 once; Upgrade 6 once,TowerFungusFarmerT3,no
Towers,TowerFungusFarmerT3Spooky,"Fungus Farmer, tier 3, spooky theme",32x32,16,Idle 4 loop; Attack 6 once; Upgrade 6 once,TowerFungusFarmerT3,no
Towers,TowerFungusFarmerT3Steampunk,"Fungus Farmer, tier 3, steampunk theme",32x32,16,Idle 4 loop; Attack 6 once; Upgrade 6 once,TowerFungusFarmerT3,no
Towers,TowerFungusFarmerT3Vaporwave,"Fungus Farmer, tier 3, vaporwave theme",32x32,16,Idle 4 loop; Attack 6 once; Upgrade 6 once,TowerFungusFarmerT3,no
Towers,TowerFungusFarmerT3Winter,"Fungus Farmer, tier 3, winter",32x32,16,Idle 4 loop; Attack 6 once; Upgrade 6 once,TowerFungusFarmerT3,no
Towers,TowerFungusFarmerVaporwave,"Fungus Farmer, tier 1, vaporwave theme",32x32,16,Idle 4 loop; Attack 6 once; Upgrade 6 once,TowerFungusFarmer,no
Towers,TowerFungusFarmerWinter,"Fungus Farmer, tier 1, winter",32x32,16,Idle 4 loop; Attack 6 once; Upgrade 6 once,TowerFungusFarmer,no
Towers,TowerHoming,Seeker,32x32,16,Idle 4 loop; Attack 6 once; Upgrade 6 once,,graybox
Towers,TowerHomingAutumn,"Seeker, tier 1, autumn",32x32,16,Idle 4 loop; Attack 6 once; Upgrade 6 once,TowerHoming,no
Towers,TowerHomingCandy,"Seeker, tier 1, candy theme",32x32,16,Idle 4 loop; Attack 6 once; Upgrade 6 once,TowerHoming,no
Towers,TowerHomingJungle,"Seeker, tier 1, jungle theme",32x32,16,Idle 4 loop; Attack 6 once; Upgrade 6 once,TowerHoming,no
Towers,TowerHomingMedieval,"Seeker, tier 1, medieval theme",32x32,16,Idle 4 loop; Attack 6 once; Upgrade 6 once,TowerHoming,no
Towers,TowerHomingMilitary,"Rocketeer (Seeker), tier 1, military theme",32x32,16,Idle 4 loop; Attack 6 once; Upgrade 6 once,TowerHoming,no
Towers,TowerHomingNeon,"Seeker, tier 1, neon theme",32x32,16,Idle 4 loop; Attack 6 once; Upgrade 6 once,TowerHoming,no
Towers,TowerHomingNeonSpace,"Seeker, tier 1, neonspace theme",32x32,16,Idle 4 loop; Attack 6 once; Upgrade 6 once,TowerHoming,no
Towers,TowerHomingPirate,"Seeker, tier 1, pirate theme",32x32,16,Idle 4 loop; Attack 6 once; Upgrade 6 once,TowerHoming,no
Towers,TowerHomingRobot,"Seeker, tier 1, robot theme",32x32,16,Idle 4 loop; Attack 6 once; Upgrade 6 once,TowerHoming,no
Towers,TowerHomingSamurai,"Seeker, tier 1, samurai theme",32x32,16,Idle 4 loop; Attack 6 once; Upgrade 6 once,TowerHoming,no
Towers,TowerHomingSpace,"Seeker, tier 1, space theme",32x32,16,Idle 4 loop; Attack 6 once; Upgrade 6 once,TowerHoming,no
Towers,TowerHomingSpooky,"Seeker, tier 1, spooky theme",32x32,16,Idle 4 loop; Attack 6 once; Upgrade 6 once,TowerHoming,no
Towers,TowerHomingSteampunk,"Seeker, tier 1, steampunk theme",32x32,16,Idle 4 loop; Attack 6 once; Upgrade 6 once,TowerHoming,no
Towers,TowerHomingT2,"Seeker, tier 2",32x32,16,Idle 4 loop; Attack 6 once; Upgrade 6 once,,no
Towers,TowerHomingT2Autumn,"Seeker, tier 2, autumn",32x32,16,Idle 4 loop; Attack 6 once; Upgrade 6 once,TowerHomingT2,no
Towers,TowerHomingT2Candy,"Seeker, tier 2, candy theme",32x32,16,Idle 4 loop; Attack 6 once; Upgrade 6 once,TowerHomingT2,no
Towers,TowerHomingT2Jungle,"Seeker, tier 2, jungle theme",32x32,16,Idle 4 loop; Attack 6 once; Upgrade 6 once,TowerHomingT2,no
Towers,TowerHomingT2Medieval,"Seeker, tier 2, medieval theme",32x32,16,Idle 4 loop; Attack 6 once; Upgrade 6 once,TowerHomingT2,no
Towers,TowerHomingT2Military,"Rocketeer (Seeker), tier 2, military theme",32x32,16,Idle 4 loop; Attack 6 once; Upgrade 6 once,TowerHomingT2,no
Towers,TowerHomingT2Neon,"Seeker, tier 2, neon theme",32x32,16,Idle 4 loop; Attack 6 once; Upgrade 6 once,TowerHomingT2,no
Towers,TowerHomingT2NeonSpace,"Seeker, tier 2, neonspace theme",32x32,16,Idle 4 loop; Attack 6 once; Upgrade 6 once,TowerHomingT2,no
Towers,TowerHomingT2Pirate,"Seeker, tier 2, pirate theme",32x32,16,Idle 4 loop; Attack 6 once; Upgrade 6 once,TowerHomingT2,no
Towers,TowerHomingT2Robot,"Seeker, tier 2, robot theme",32x32,16,Idle 4 loop; Attack 6 once; Upgrade 6 once,TowerHomingT2,no
Towers,TowerHomingT2Samurai,"Seeker, tier 2, samurai theme",32x32,16,Idle 4 loop; Attack 6 once; Upgrade 6 once,TowerHomingT2,no
Towers,TowerHomingT2Space,"Seeker, tier 2, space theme",32x32,16,Idle 4 loop; Attack 6 once; Upgrade 6 once,TowerHomingT2,no
Towers,TowerHomingT2Spooky,"Seeker, tier 2, spooky theme",32x32,16,Idle 4 loop; Attack 6 once; Upgrade 6 once,TowerHomingT2,no
Towers,TowerHomingT2Steampunk,"Seeker, tier 2, steampunk theme",32x32,16,Idle 4 loop; Attack 6 once; Upgrade 6 once,TowerHomingT2,no
Towers,TowerHomingT2Vaporwave,"Seeker, tier 2, vaporwave theme",32x32,16,Idle 4 loop; Attack 6 once; Upgrade 6 once,TowerHomingT2,no
Towers,TowerHomingT2Winter,"Seeker, tier 2, winter",32x32,16,Idle 4 loop; Attack 6 once; Upgrade 6 once,TowerHomingT2,no
Towers,TowerHomingT3,"Seeker, tier 3",32x32,16,Idle 4 loop; Attack 6 once; Upgrade 6 once,,no
Towers,TowerHomingT3Autumn,"Seeker, tier 3, autumn",32x32,16,Idle 4 loop; Attack 6 once; Upgrade 6 once,TowerHomingT3,no
Towers,TowerHomingT3Candy,"Seeker, tier 3, candy theme",32x32,16,Idle 4 loop; Attack 6 once; Upgrade 6 once,TowerHomingT3,no
Towers,TowerHomingT3Jungle,"Seeker, tier 3, jungle theme",32x32,16,Idle 4 loop; Attack 6 once; Upgrade 6 once,TowerHomingT3,no
Towers,TowerHomingT3Medieval,"Seeker, tier 3, medieval theme",32x32,16,Idle 4 loop; Attack 6 once; Upgrade 6 once,TowerHomingT3,no
Towers,TowerHomingT3Military,"Rocketeer (Seeker), tier 3, military theme",32x32,16,Idle 4 loop; Attack 6 once; Upgrade 6 once,TowerHomingT3,no
Towers,TowerHomingT3Neon,"Seeker, tier 3, neon theme",32x32,16,Idle 4 loop; Attack 6 once; Upgrade 6 once,TowerHomingT3,no
Towers,TowerHomingT3NeonSpace,"Seeker, tier 3, neonspace theme",32x32,16,Idle 4 loop; Attack 6 once; Upgrade 6 once,TowerHomingT3,no
Towers,TowerHomingT3Pirate,"Seeker, tier 3, pirate theme",32x32,16,Idle 4 loop; Attack 6 once; Upgrade 6 once,TowerHomingT3,no
Towers,TowerHomingT3Robot,"Seeker, tier 3, robot theme",32x32,16,Idle 4 loop; Attack 6 once; Upgrade 6 once,TowerHomingT3,no
Towers,TowerHomingT3Samurai,"Seeker, tier 3, samurai theme",32x32,16,Idle 4 loop; Attack 6 once; Upgrade 6 once,TowerHomingT3,no
Towers,TowerHomingT3Space,"Seeker, tier 3, space theme",32x32,16,Idle 4 loop; Attack 6 once; Upgrade 6 once,TowerHomingT3,no
Towers,TowerHomingT3Spooky,"Seeker, tier 3, spooky theme",32x32,16,Idle 4 loop; Attack 6 once; Upgrade 6 once,TowerHomingT3,no
Towers,TowerHomingT3Steampunk,"Seeker, tier 3, steampunk theme",32x32,16,Idle 4 loop; Attack 6 once; Upgrade 6 once,TowerHomingT3,no
Towers,TowerHomingT3Vaporwave,"Seeker, tier 3, vaporwave theme",32x32,16,Idle 4 loop; Attack 6 once; Upgrade 6 once,TowerHomingT3,no
Towers,TowerHomingT3Winter,"Seeker, tier 3, winter",32x32,16,Idle 4 loop; Attack 6 once; Upgrade 6 once,TowerHomingT3,no
Towers,TowerHomingVaporwave,"Seeker, tier 1, vaporwave theme",32x32,16,Idle 4 loop; Attack 6 once; Upgrade 6 once,TowerHoming,no
Towers,TowerHomingWinter,"Seeker, tier 1, winter",32x32,16,Idle 4 loop; Attack 6 once; Upgrade 6 once,TowerHoming,no
Towers,TowerHoneypot,"Honeypot, tier 1",32x32,16,Idle 4 loop; Attack 6 once; Upgrade 6 once,,no
Towers,TowerHoneypotAutumn,"Honeypot, tier 1, autumn",32x32,16,Idle 4 loop; Attack 6 once; Upgrade 6 once,TowerHoneypot,no
Towers,TowerHoneypotCandy,"Honeypot, tier 1, candy theme",32x32,16,Idle 4 loop; Attack 6 once; Upgrade 6 once,TowerHoneypot,no
Towers,TowerHoneypotJungle,"Honeypot, tier 1, jungle theme",32x32,16,Idle 4 loop; Attack 6 once; Upgrade 6 once,TowerHoneypot,no
Towers,TowerHoneypotMedieval,"Honeypot, tier 1, medieval theme",32x32,16,Idle 4 loop; Attack 6 once; Upgrade 6 once,TowerHoneypot,no
Towers,TowerHoneypotMilitary,"Foam trooper (Honeypot), tier 1, military theme",32x32,16,Idle 4 loop; Attack 6 once; Upgrade 6 once,TowerHoneypot,no
Towers,TowerHoneypotNeon,"Honeypot, tier 1, neon theme",32x32,16,Idle 4 loop; Attack 6 once; Upgrade 6 once,TowerHoneypot,no
Towers,TowerHoneypotNeonSpace,"Honeypot, tier 1, neonspace theme",32x32,16,Idle 4 loop; Attack 6 once; Upgrade 6 once,TowerHoneypot,no
Towers,TowerHoneypotPirate,"Honeypot, tier 1, pirate theme",32x32,16,Idle 4 loop; Attack 6 once; Upgrade 6 once,TowerHoneypot,no
Towers,TowerHoneypotRobot,"Honeypot, tier 1, robot theme",32x32,16,Idle 4 loop; Attack 6 once; Upgrade 6 once,TowerHoneypot,no
Towers,TowerHoneypotSamurai,"Honeypot, tier 1, samurai theme",32x32,16,Idle 4 loop; Attack 6 once; Upgrade 6 once,TowerHoneypot,no
Towers,TowerHoneypotSpace,"Honeypot, tier 1, space theme",32x32,16,Idle 4 loop; Attack 6 once; Upgrade 6 once,TowerHoneypot,no
Towers,TowerHoneypotSpooky,"Honeypot, tier 1, spooky theme",32x32,16,Idle 4 loop; Attack 6 once; Upgrade 6 once,TowerHoneypot,no
Towers,TowerHoneypotSteampunk,"Honeypot, tier 1, steampunk theme",32x32,16,Idle 4 loop; Attack 6 once; Upgrade 6 once,TowerHoneypot,no
Towers,TowerHoneypotT2,"Honeypot, tier 2",32x32,16,Idle 4 loop; Attack 6 once; Upgrade 6 once,,no
Towers,TowerHoneypotT2Autumn,"Honeypot, tier 2, autumn",32x32,16,Idle 4 loop; Attack 6 once; Upgrade 6 once,TowerHoneypotT2,no
Towers,TowerHoneypotT2Candy,"Honeypot, tier 2, candy theme",32x32,16,Idle 4 loop; Attack 6 once; Upgrade 6 once,TowerHoneypotT2,no
Towers,TowerHoneypotT2Jungle,"Honeypot, tier 2, jungle theme",32x32,16,Idle 4 loop; Attack 6 once; Upgrade 6 once,TowerHoneypotT2,no
Towers,TowerHoneypotT2Medieval,"Honeypot, tier 2, medieval theme",32x32,16,Idle 4 loop; Attack 6 once; Upgrade 6 once,TowerHoneypotT2,no
Towers,TowerHoneypotT2Military,"Foam trooper (Honeypot), tier 2, military theme",32x32,16,Idle 4 loop; Attack 6 once; Upgrade 6 once,TowerHoneypotT2,no
Towers,TowerHoneypotT2Neon,"Honeypot, tier 2, neon theme",32x32,16,Idle 4 loop; Attack 6 once; Upgrade 6 once,TowerHoneypotT2,no
Towers,TowerHoneypotT2NeonSpace,"Honeypot, tier 2, neonspace theme",32x32,16,Idle 4 loop; Attack 6 once; Upgrade 6 once,TowerHoneypotT2,no
Towers,TowerHoneypotT2Pirate,"Honeypot, tier 2, pirate theme",32x32,16,Idle 4 loop; Attack 6 once; Upgrade 6 once,TowerHoneypotT2,no
Towers,TowerHoneypotT2Robot,"Honeypot, tier 2, robot theme",32x32,16,Idle 4 loop; Attack 6 once; Upgrade 6 once,TowerHoneypotT2,no
Towers,TowerHoneypotT2Samurai,"Honeypot, tier 2, samurai theme",32x32,16,Idle 4 loop; Attack 6 once; Upgrade 6 once,TowerHoneypotT2,no
Towers,TowerHoneypotT2Space,"Honeypot, tier 2, space theme",32x32,16,Idle 4 loop; Attack 6 once; Upgrade 6 once,TowerHoneypotT2,no
Towers,TowerHoneypotT2Spooky,"Honeypot, tier 2, spooky theme",32x32,16,Idle 4 loop; Attack 6 once; Upgrade 6 once,TowerHoneypotT2,no
Towers,TowerHoneypotT2Steampunk,"Honeypot, tier 2, steampunk theme",32x32,16,Idle 4 loop; Attack 6 once; Upgrade 6 once,TowerHoneypotT2,no
Towers,TowerHoneypotT2Vaporwave,"Honeypot, tier 2, vaporwave theme",32x32,16,Idle 4 loop; Attack 6 once; Upgrade 6 once,TowerHoneypotT2,no
Towers,TowerHoneypotT2Winter,"Honeypot, tier 2, winter",32x32,16,Idle 4 loop; Attack 6 once; Upgrade 6 once,TowerHoneypotT2,no
Towers,TowerHoneypotT3,"Honeypot, tier 3",32x32,16,Idle 4 loop; Attack 6 once; Upgrade 6 once,,no
Towers,TowerHoneypotT3Autumn,"Honeypot, tier 3, autumn",32x32,16,Idle 4 loop; Attack 6 once; Upgrade 6 once,TowerHoneypotT3,no
Towers,TowerHoneypotT3Candy,"Honeypot, tier 3, candy theme",32x32,16,Idle 4 loop; Attack 6 once; Upgrade 6 once,TowerHoneypotT3,no
Towers,TowerHoneypotT3Jungle,"Honeypot, tier 3, jungle theme",32x32,16,Idle 4 loop; Attack 6 once; Upgrade 6 once,TowerHoneypotT3,no
Towers,TowerHoneypotT3Medieval,"Honeypot, tier 3, medieval theme",32x32,16,Idle 4 loop; Attack 6 once; Upgrade 6 once,TowerHoneypotT3,no
Towers,TowerHoneypotT3Military,"Foam trooper (Honeypot), tier 3, military theme",32x32,16,Idle 4 loop; Attack 6 once; Upgrade 6 once,TowerHoneypotT3,no
Towers,TowerHoneypotT3Neon,"Honeypot, tier 3, neon theme",32x32,16,Idle 4 loop; Attack 6 once; Upgrade 6 once,TowerHoneypotT3,no
Towers,TowerHoneypotT3NeonSpace,"Honeypot, tier 3, neonspace theme",32x32,16,Idle 4 loop; Attack 6 once; Upgrade 6 once,TowerHoneypotT3,no
Towers,TowerHoneypotT3Pirate,"Honeypot, tier 3, pirate theme",32x32,16,Idle 4 loop; Attack 6 once; Upgrade 6 once,TowerHoneypotT3,no
Towers,TowerHoneypotT3Robot,"Honeypot, tier 3, robot theme",32x32,16,Idle 4 loop; Attack 6 once; Upgrade 6 once,TowerHoneypotT3,no
Towers,TowerHoneypotT3Samurai,"Honeypot, tier 3, samurai theme",32x32,16,Idle 4 loop; Attack 6 once; Upgrade 6 once,TowerHoneypotT3,no
Towers,TowerHoneypotT3Space,"Honeypot, tier 3, space theme",32x32,16,Idle 4 loop; Attack 6 once; Upgrade 6 once,TowerHoneypotT3,no
Towers,TowerHoneypotT3Spooky,"Honeypot, tier 3, spooky theme",32x32,16,Idle 4 loop; Attack 6 once; Upgrade 6 once,TowerHoneypotT3,no
Towers,TowerHoneypotT3Steampunk,"Honeypot, tier 3, steampunk theme",32x32,16,Idle 4 loop; Attack 6 once; Upgrade 6 once,TowerHoneypotT3,no
Towers,TowerHoneypotT3Vaporwave,"Honeypot, tier 3, vaporwave theme",32x32,16,Idle 4 loop; Attack 6 once; Upgrade 6 once,TowerHoneypotT3,no
Towers,TowerHoneypotT3Winter,"Honeypot, tier 3, winter",32x32,16,Idle 4 loop; Attack 6 once; Upgrade 6 once,TowerHoneypotT3,no
Towers,TowerHoneypotVaporwave,"Honeypot, tier 1, vaporwave theme",32x32,16,Idle 4 loop; Attack 6 once; Upgrade 6 once,TowerHoneypot,no
Towers,TowerHoneypotWinter,"Honeypot, tier 1, winter",32x32,16,Idle 4 loop; Attack 6 once; Upgrade 6 once,TowerHoneypot,no
Towers,TowerKnockback,Kicker,32x32,16,Idle 4 loop; Attack 6 once; Upgrade 6 once,,graybox
Towers,TowerKnockbackAutumn,"Kicker, tier 1, autumn",32x32,16,Idle 4 loop; Attack 6 once; Upgrade 6 once,TowerKnockback,no
Towers,TowerKnockbackCandy,"Kicker, tier 1, candy theme",32x32,16,Idle 4 loop; Attack 6 once; Upgrade 6 once,TowerKnockback,no
Towers,TowerKnockbackJungle,"Kicker, tier 1, jungle theme",32x32,16,Idle 4 loop; Attack 6 once; Upgrade 6 once,TowerKnockback,no
Towers,TowerKnockbackMedieval,"Kicker, tier 1, medieval theme",32x32,16,Idle 4 loop; Attack 6 once; Upgrade 6 once,TowerKnockback,no
Towers,TowerKnockbackMilitary,"Breacher (Kicker), tier 1, military theme",32x32,16,Idle 4 loop; Attack 6 once; Upgrade 6 once,TowerKnockback,no
Towers,TowerKnockbackNeon,"Kicker, tier 1, neon theme",32x32,16,Idle 4 loop; Attack 6 once; Upgrade 6 once,TowerKnockback,no
Towers,TowerKnockbackNeonSpace,"Kicker, tier 1, neonspace theme",32x32,16,Idle 4 loop; Attack 6 once; Upgrade 6 once,TowerKnockback,no
Towers,TowerKnockbackPirate,"Kicker, tier 1, pirate theme",32x32,16,Idle 4 loop; Attack 6 once; Upgrade 6 once,TowerKnockback,no
Towers,TowerKnockbackRobot,"Kicker, tier 1, robot theme",32x32,16,Idle 4 loop; Attack 6 once; Upgrade 6 once,TowerKnockback,no
Towers,TowerKnockbackSamurai,"Kicker, tier 1, samurai theme",32x32,16,Idle 4 loop; Attack 6 once; Upgrade 6 once,TowerKnockback,no
Towers,TowerKnockbackSpace,"Kicker, tier 1, space theme",32x32,16,Idle 4 loop; Attack 6 once; Upgrade 6 once,TowerKnockback,no
Towers,TowerKnockbackSpooky,"Kicker, tier 1, spooky theme",32x32,16,Idle 4 loop; Attack 6 once; Upgrade 6 once,TowerKnockback,no
Towers,TowerKnockbackSteampunk,"Kicker, tier 1, steampunk theme",32x32,16,Idle 4 loop; Attack 6 once; Upgrade 6 once,TowerKnockback,no
Towers,TowerKnockbackT2,"Kicker, tier 2",32x32,16,Idle 4 loop; Attack 6 once; Upgrade 6 once,,no
Towers,TowerKnockbackT2Autumn,"Kicker, tier 2, autumn",32x32,16,Idle 4 loop; Attack 6 once; Upgrade 6 once,TowerKnockbackT2,no
Towers,TowerKnockbackT2Candy,"Kicker, tier 2, candy theme",32x32,16,Idle 4 loop; Attack 6 once; Upgrade 6 once,TowerKnockbackT2,no
Towers,TowerKnockbackT2Jungle,"Kicker, tier 2, jungle theme",32x32,16,Idle 4 loop; Attack 6 once; Upgrade 6 once,TowerKnockbackT2,no
Towers,TowerKnockbackT2Medieval,"Kicker, tier 2, medieval theme",32x32,16,Idle 4 loop; Attack 6 once; Upgrade 6 once,TowerKnockbackT2,no
Towers,TowerKnockbackT2Military,"Breacher (Kicker), tier 2, military theme",32x32,16,Idle 4 loop; Attack 6 once; Upgrade 6 once,TowerKnockbackT2,no
Towers,TowerKnockbackT2Neon,"Kicker, tier 2, neon theme",32x32,16,Idle 4 loop; Attack 6 once; Upgrade 6 once,TowerKnockbackT2,no
Towers,TowerKnockbackT2NeonSpace,"Kicker, tier 2, neonspace theme",32x32,16,Idle 4 loop; Attack 6 once; Upgrade 6 once,TowerKnockbackT2,no
Towers,TowerKnockbackT2Pirate,"Kicker, tier 2, pirate theme",32x32,16,Idle 4 loop; Attack 6 once; Upgrade 6 once,TowerKnockbackT2,no
Towers,TowerKnockbackT2Robot,"Kicker, tier 2, robot theme",32x32,16,Idle 4 loop; Attack 6 once; Upgrade 6 once,TowerKnockbackT2,no
Towers,TowerKnockbackT2Samurai,"Kicker, tier 2, samurai theme",32x32,16,Idle 4 loop; Attack 6 once; Upgrade 6 once,TowerKnockbackT2,no
Towers,TowerKnockbackT2Space,"Kicker, tier 2, space theme",32x32,16,Idle 4 loop; Attack 6 once; Upgrade 6 once,TowerKnockbackT2,no
Towers,TowerKnockbackT2Spooky,"Kicker, tier 2, spooky theme",32x32,16,Idle 4 loop; Attack 6 once; Upgrade 6 once,TowerKnockbackT2,no
Towers,TowerKnockbackT2Steampunk,"Kicker, tier 2, steampunk theme",32x32,16,Idle 4 loop; Attack 6 once; Upgrade 6 once,TowerKnockbackT2,no
Towers,TowerKnockbackT2Vaporwave,"Kicker, tier 2, vaporwave theme",32x32,16,Idle 4 loop; Attack 6 once; Upgrade 6 once,TowerKnockbackT2,no
Towers,TowerKnockbackT2Winter,"Kicker, tier 2, winter",32x32,16,Idle 4 loop; Attack 6 once; Upgrade 6 once,TowerKnockbackT2,no
Towers,TowerKnockbackT3,"Kicker, tier 3",32x32,16,Idle 4 loop; Attack 6 once; Upgrade 6 once,,no
Towers,TowerKnockbackT3Autumn,"Kicker, tier 3, autumn",32x32,16,Idle 4 loop; Attack 6 once; Upgrade 6 once,TowerKnockbackT3,no
Towers,TowerKnockbackT3Candy,"Kicker, tier 3, candy theme",32x32,16,Idle 4 loop; Attack 6 once; Upgrade 6 once,TowerKnockbackT3,no
Towers,TowerKnockbackT3Jungle,"Kicker, tier 3, jungle theme",32x32,16,Idle 4 loop; Attack 6 once; Upgrade 6 once,TowerKnockbackT3,no
Towers,TowerKnockbackT3Medieval,"Kicker, tier 3, medieval theme",32x32,16,Idle 4 loop; Attack 6 once; Upgrade 6 once,TowerKnockbackT3,no
Towers,TowerKnockbackT3Military,"Breacher (Kicker), tier 3, military theme",32x32,16,Idle 4 loop; Attack 6 once; Upgrade 6 once,TowerKnockbackT3,no
Towers,TowerKnockbackT3Neon,"Kicker, tier 3, neon theme",32x32,16,Idle 4 loop; Attack 6 once; Upgrade 6 once,TowerKnockbackT3,no
Towers,TowerKnockbackT3NeonSpace,"Kicker, tier 3, neonspace theme",32x32,16,Idle 4 loop; Attack 6 once; Upgrade 6 once,TowerKnockbackT3,no
Towers,TowerKnockbackT3Pirate,"Kicker, tier 3, pirate theme",32x32,16,Idle 4 loop; Attack 6 once; Upgrade 6 once,TowerKnockbackT3,no
Towers,TowerKnockbackT3Robot,"Kicker, tier 3, robot theme",32x32,16,Idle 4 loop; Attack 6 once; Upgrade 6 once,TowerKnockbackT3,no
Towers,TowerKnockbackT3Samurai,"Kicker, tier 3, samurai theme",32x32,16,Idle 4 loop; Attack 6 once; Upgrade 6 once,TowerKnockbackT3,no
Towers,TowerKnockbackT3Space,"Kicker, tier 3, space theme",32x32,16,Idle 4 loop; Attack 6 once; Upgrade 6 once,TowerKnockbackT3,no
Towers,TowerKnockbackT3Spooky,"Kicker, tier 3, spooky theme",32x32,16,Idle 4 loop; Attack 6 once; Upgrade 6 once,TowerKnockbackT3,no
Towers,TowerKnockbackT3Steampunk,"Kicker, tier 3, steampunk theme",32x32,16,Idle 4 loop; Attack 6 once; Upgrade 6 once,TowerKnockbackT3,no
Towers,TowerKnockbackT3Vaporwave,"Kicker, tier 3, vaporwave theme",32x32,16,Idle 4 loop; Attack 6 once; Upgrade 6 once,TowerKnockbackT3,no
Towers,TowerKnockbackT3Winter,"Kicker, tier 3, winter",32x32,16,Idle 4 loop; Attack 6 once; Upgrade 6 once,TowerKnockbackT3,no
Towers,TowerKnockbackVaporwave,"Kicker, tier 1, vaporwave theme",32x32,16,Idle 4 loop; Attack 6 once; Upgrade 6 once,TowerKnockback,no
Towers,TowerKnockbackWinter,"Kicker, tier 1, winter",32x32,16,Idle 4 loop; Attack 6 once; Upgrade 6 once,TowerKnockback,no
Towers,TowerLinear,Spitter,32x32,16,Idle 4 loop; Attack 6 once; Upgrade 6 once,,graybox
Towers,TowerLinearAutumn,"Spitter, tier 1, autumn",32x32,16,Idle 4 loop; Attack 6 once; Upgrade 6 once,TowerLinear,no
Towers,TowerLinearCandy,"Spitter, tier 1, candy theme",32x32,16,Idle 4 loop; Attack 6 once; Upgrade 6 once,TowerLinear,no
Towers,TowerLinearJungle,"Spitter, tier 1, jungle theme",32x32,16,Idle 4 loop; Attack 6 once; Upgrade 6 once,TowerLinear,no
Towers,TowerLinearMedieval,"Spitter, tier 1, medieval theme",32x32,16,Idle 4 loop; Attack 6 once; Upgrade 6 once,TowerLinear,no
Towers,TowerLinearMilitary,"Rifleman (Spitter), tier 1, military theme",32x32,16,Idle 4 loop; Attack 6 once; Upgrade 6 once,TowerLinear,no
Towers,TowerLinearNeon,"Spitter, tier 1, neon theme",32x32,16,Idle 4 loop; Attack 6 once; Upgrade 6 once,TowerLinear,no
Towers,TowerLinearNeonSpace,"Spitter, tier 1, neonspace theme",32x32,16,Idle 4 loop; Attack 6 once; Upgrade 6 once,TowerLinear,no
Towers,TowerLinearPirate,"Spitter, tier 1, pirate theme",32x32,16,Idle 4 loop; Attack 6 once; Upgrade 6 once,TowerLinear,no
Towers,TowerLinearRobot,"Spitter, tier 1, robot theme",32x32,16,Idle 4 loop; Attack 6 once; Upgrade 6 once,TowerLinear,no
Towers,TowerLinearSamurai,"Spitter, tier 1, samurai theme",32x32,16,Idle 4 loop; Attack 6 once; Upgrade 6 once,TowerLinear,no
Towers,TowerLinearSpace,"Spitter, tier 1, space theme",32x32,16,Idle 4 loop; Attack 6 once; Upgrade 6 once,TowerLinear,no
Towers,TowerLinearSpooky,"Spitter, tier 1, spooky theme",32x32,16,Idle 4 loop; Attack 6 once; Upgrade 6 once,TowerLinear,no
Towers,TowerLinearSteampunk,"Spitter, tier 1, steampunk theme",32x32,16,Idle 4 loop; Attack 6 once; Upgrade 6 once,TowerLinear,no
Towers,TowerLinearT2,"Spitter, tier 2",32x32,16,Idle 4 loop; Attack 6 once; Upgrade 6 once,,no
Towers,TowerLinearT2Autumn,"Spitter, tier 2, autumn",32x32,16,Idle 4 loop; Attack 6 once; Upgrade 6 once,TowerLinearT2,no
Towers,TowerLinearT2Candy,"Spitter, tier 2, candy theme",32x32,16,Idle 4 loop; Attack 6 once; Upgrade 6 once,TowerLinearT2,no
Towers,TowerLinearT2Jungle,"Spitter, tier 2, jungle theme",32x32,16,Idle 4 loop; Attack 6 once; Upgrade 6 once,TowerLinearT2,no
Towers,TowerLinearT2Medieval,"Spitter, tier 2, medieval theme",32x32,16,Idle 4 loop; Attack 6 once; Upgrade 6 once,TowerLinearT2,no
Towers,TowerLinearT2Military,"Rifleman (Spitter), tier 2, military theme",32x32,16,Idle 4 loop; Attack 6 once; Upgrade 6 once,TowerLinearT2,no
Towers,TowerLinearT2Neon,"Spitter, tier 2, neon theme",32x32,16,Idle 4 loop; Attack 6 once; Upgrade 6 once,TowerLinearT2,no
Towers,TowerLinearT2NeonSpace,"Spitter, tier 2, neonspace theme",32x32,16,Idle 4 loop; Attack 6 once; Upgrade 6 once,TowerLinearT2,no
Towers,TowerLinearT2Pirate,"Spitter, tier 2, pirate theme",32x32,16,Idle 4 loop; Attack 6 once; Upgrade 6 once,TowerLinearT2,no
Towers,TowerLinearT2Robot,"Spitter, tier 2, robot theme",32x32,16,Idle 4 loop; Attack 6 once; Upgrade 6 once,TowerLinearT2,no
Towers,TowerLinearT2Samurai,"Spitter, tier 2, samurai theme",32x32,16,Idle 4 loop; Attack 6 once; Upgrade 6 once,TowerLinearT2,no
Towers,TowerLinearT2Space,"Spitter, tier 2, space theme",32x32,16,Idle 4 loop; Attack 6 once; Upgrade 6 once,TowerLinearT2,no
Towers,TowerLinearT2Spooky,"Spitter, tier 2, spooky theme",32x32,16,Idle 4 loop; Attack 6 once; Upgrade 6 once,TowerLinearT2,no
Towers,TowerLinearT2Steampunk,"Spitter, tier 2, steampunk theme",32x32,16,Idle 4 loop; Attack 6 once; Upgrade 6 once,TowerLinearT2,no
Towers,TowerLinearT2Vaporwave,"Spitter, tier 2, vaporwave theme",32x32,16,Idle 4 loop; Attack 6 once; Upgrade 6 once,TowerLinearT2,no
Towers,TowerLinearT2Winter,"Spitter, tier 2, winter",32x32,16,Idle 4 loop; Attack 6 once; Upgrade 6 once,TowerLinearT2,no
Towers,TowerLinearT3,"Spitter, tier 3",32x32,16,Idle 4 loop; Attack 6 once; Upgrade 6 once,,no
Towers,TowerLinearT3Autumn,"Spitter, tier 3, autumn",32x32,16,Idle 4 loop; Attack 6 once; Upgrade 6 once,TowerLinearT3,no
Towers,TowerLinearT3Candy,"Spitter, tier 3, candy theme",32x32,16,Idle 4 loop; Attack 6 once; Upgrade 6 once,TowerLinearT3,no
Towers,TowerLinearT3Jungle,"Spitter, tier 3, jungle theme",32x32,16,Idle 4 loop; Attack 6 once; Upgrade 6 once,TowerLinearT3,no
Towers,TowerLinearT3Medieval,"Spitter, tier 3, medieval theme",32x32,16,Idle 4 loop; Attack 6 once; Upgrade 6 once,TowerLinearT3,no
Towers,TowerLinearT3Military,"Rifleman (Spitter), tier 3, military theme",32x32,16,Idle 4 loop; Attack 6 once; Upgrade 6 once,TowerLinearT3,no
Towers,TowerLinearT3Neon,"Spitter, tier 3, neon theme",32x32,16,Idle 4 loop; Attack 6 once; Upgrade 6 once,TowerLinearT3,no
Towers,TowerLinearT3NeonSpace,"Spitter, tier 3, neonspace theme",32x32,16,Idle 4 loop; Attack 6 once; Upgrade 6 once,TowerLinearT3,no
Towers,TowerLinearT3Pirate,"Spitter, tier 3, pirate theme",32x32,16,Idle 4 loop; Attack 6 once; Upgrade 6 once,TowerLinearT3,no
Towers,TowerLinearT3Robot,"Spitter, tier 3, robot theme",32x32,16,Idle 4 loop; Attack 6 once; Upgrade 6 once,TowerLinearT3,no
Towers,TowerLinearT3Samurai,"Spitter, tier 3, samurai theme",32x32,16,Idle 4 loop; Attack 6 once; Upgrade 6 once,TowerLinearT3,no
Towers,TowerLinearT3Space,"Spitter, tier 3, space theme",32x32,16,Idle 4 loop; Attack 6 once; Upgrade 6 once,TowerLinearT3,no
Towers,TowerLinearT3Spooky,"Spitter, tier 3, spooky theme",32x32,16,Idle 4 loop; Attack 6 once; Upgrade 6 once,TowerLinearT3,no
Towers,TowerLinearT3Steampunk,"Spitter, tier 3, steampunk theme",32x32,16,Idle 4 loop; Attack 6 once; Upgrade 6 once,TowerLinearT3,no
Towers,TowerLinearT3Vaporwave,"Spitter, tier 3, vaporwave theme",32x32,16,Idle 4 loop; Attack 6 once; Upgrade 6 once,TowerLinearT3,no
Towers,TowerLinearT3Winter,"Spitter, tier 3, winter",32x32,16,Idle 4 loop; Attack 6 once; Upgrade 6 once,TowerLinearT3,no
Towers,TowerLinearVaporwave,"Spitter, tier 1, vaporwave theme",32x32,16,Idle 4 loop; Attack 6 once; Upgrade 6 once,TowerLinear,no
Towers,TowerLinearWinter,"Spitter, tier 1, winter",32x32,16,Idle 4 loop; Attack 6 once; Upgrade 6 once,TowerLinear,no
Towers,TowerMajor,Major,32x32,16,Idle 4 loop; Attack 6 once; Upgrade 6 once,,graybox
Towers,TowerMajorAutumn,"Major, tier 1, autumn",32x32,16,Idle 4 loop; Attack 6 once; Upgrade 6 once,TowerMajor,no
Towers,TowerMajorCandy,"Major, tier 1, candy theme",32x32,16,Idle 4 loop; Attack 6 once; Upgrade 6 once,TowerMajor,no
Towers,TowerMajorJungle,"Major, tier 1, jungle theme",32x32,16,Idle 4 loop; Attack 6 once; Upgrade 6 once,TowerMajor,no
Towers,TowerMajorMedieval,"Major, tier 1, medieval theme",32x32,16,Idle 4 loop; Attack 6 once; Upgrade 6 once,TowerMajor,no
Towers,TowerMajorMilitary,"Sergeant (Major), tier 1, military theme",32x32,16,Idle 4 loop; Attack 6 once; Upgrade 6 once,TowerMajor,no
Towers,TowerMajorNeon,"Major, tier 1, neon theme",32x32,16,Idle 4 loop; Attack 6 once; Upgrade 6 once,TowerMajor,no
Towers,TowerMajorNeonSpace,"Major, tier 1, neonspace theme",32x32,16,Idle 4 loop; Attack 6 once; Upgrade 6 once,TowerMajor,no
Towers,TowerMajorPirate,"Major, tier 1, pirate theme",32x32,16,Idle 4 loop; Attack 6 once; Upgrade 6 once,TowerMajor,no
Towers,TowerMajorRobot,"Major, tier 1, robot theme",32x32,16,Idle 4 loop; Attack 6 once; Upgrade 6 once,TowerMajor,no
Towers,TowerMajorSamurai,"Major, tier 1, samurai theme",32x32,16,Idle 4 loop; Attack 6 once; Upgrade 6 once,TowerMajor,no
Towers,TowerMajorSpace,"Major, tier 1, space theme",32x32,16,Idle 4 loop; Attack 6 once; Upgrade 6 once,TowerMajor,no
Towers,TowerMajorSpooky,"Major, tier 1, spooky theme",32x32,16,Idle 4 loop; Attack 6 once; Upgrade 6 once,TowerMajor,no
Towers,TowerMajorSteampunk,"Major, tier 1, steampunk theme",32x32,16,Idle 4 loop; Attack 6 once; Upgrade 6 once,TowerMajor,no
Towers,TowerMajorT2,"Major, tier 2",32x32,16,Idle 4 loop; Attack 6 once; Upgrade 6 once,,no
Towers,TowerMajorT2Autumn,"Major, tier 2, autumn",32x32,16,Idle 4 loop; Attack 6 once; Upgrade 6 once,TowerMajorT2,no
Towers,TowerMajorT2Candy,"Major, tier 2, candy theme",32x32,16,Idle 4 loop; Attack 6 once; Upgrade 6 once,TowerMajorT2,no
Towers,TowerMajorT2Jungle,"Major, tier 2, jungle theme",32x32,16,Idle 4 loop; Attack 6 once; Upgrade 6 once,TowerMajorT2,no
Towers,TowerMajorT2Medieval,"Major, tier 2, medieval theme",32x32,16,Idle 4 loop; Attack 6 once; Upgrade 6 once,TowerMajorT2,no
Towers,TowerMajorT2Military,"Sergeant (Major), tier 2, military theme",32x32,16,Idle 4 loop; Attack 6 once; Upgrade 6 once,TowerMajorT2,no
Towers,TowerMajorT2Neon,"Major, tier 2, neon theme",32x32,16,Idle 4 loop; Attack 6 once; Upgrade 6 once,TowerMajorT2,no
Towers,TowerMajorT2NeonSpace,"Major, tier 2, neonspace theme",32x32,16,Idle 4 loop; Attack 6 once; Upgrade 6 once,TowerMajorT2,no
Towers,TowerMajorT2Pirate,"Major, tier 2, pirate theme",32x32,16,Idle 4 loop; Attack 6 once; Upgrade 6 once,TowerMajorT2,no
Towers,TowerMajorT2Robot,"Major, tier 2, robot theme",32x32,16,Idle 4 loop; Attack 6 once; Upgrade 6 once,TowerMajorT2,no
Towers,TowerMajorT2Samurai,"Major, tier 2, samurai theme",32x32,16,Idle 4 loop; Attack 6 once; Upgrade 6 once,TowerMajorT2,no
Towers,TowerMajorT2Space,"Major, tier 2, space theme",32x32,16,Idle 4 loop; Attack 6 once; Upgrade 6 once,TowerMajorT2,no
Towers,TowerMajorT2Spooky,"Major, tier 2, spooky theme",32x32,16,Idle 4 loop; Attack 6 once; Upgrade 6 once,TowerMajorT2,no
Towers,TowerMajorT2Steampunk,"Major, tier 2, steampunk theme",32x32,16,Idle 4 loop; Attack 6 once; Upgrade 6 once,TowerMajorT2,no
Towers,TowerMajorT2Vaporwave,"Major, tier 2, vaporwave theme",32x32,16,Idle 4 loop; Attack 6 once; Upgrade 6 once,TowerMajorT2,no
Towers,TowerMajorT2Winter,"Major, tier 2, winter",32x32,16,Idle 4 loop; Attack 6 once; Upgrade 6 once,TowerMajorT2,no
Towers,TowerMajorT3,"Major, tier 3",32x32,16,Idle 4 loop; Attack 6 once; Upgrade 6 once,,no
Towers,TowerMajorT3Autumn,"Major, tier 3, autumn",32x32,16,Idle 4 loop; Attack 6 once; Upgrade 6 once,TowerMajorT3,no
Towers,TowerMajorT3Candy,"Major, tier 3, candy theme",32x32,16,Idle 4 loop; Attack 6 once; Upgrade 6 once,TowerMajorT3,no
Towers,TowerMajorT3Jungle,"Major, tier 3, jungle theme",32x32,16,Idle 4 loop; Attack 6 once; Upgrade 6 once,TowerMajorT3,no
Towers,TowerMajorT3Medieval,"Major, tier 3, medieval theme",32x32,16,Idle 4 loop; Attack 6 once; Upgrade 6 once,TowerMajorT3,no
Towers,TowerMajorT3Military,"Sergeant (Major), tier 3, military theme",32x32,16,Idle 4 loop; Attack 6 once; Upgrade 6 once,TowerMajorT3,no
Towers,TowerMajorT3Neon,"Major, tier 3, neon theme",32x32,16,Idle 4 loop; Attack 6 once; Upgrade 6 once,TowerMajorT3,no
Towers,TowerMajorT3NeonSpace,"Major, tier 3, neonspace theme",32x32,16,Idle 4 loop; Attack 6 once; Upgrade 6 once,TowerMajorT3,no
Towers,TowerMajorT3Pirate,"Major, tier 3, pirate theme",32x32,16,Idle 4 loop; Attack 6 once; Upgrade 6 once,TowerMajorT3,no
Towers,TowerMajorT3Robot,"Major, tier 3, robot theme",32x32,16,Idle 4 loop; Attack 6 once; Upgrade 6 once,TowerMajorT3,no
Towers,TowerMajorT3Samurai,"Major, tier 3, samurai theme",32x32,16,Idle 4 loop; Attack 6 once; Upgrade 6 once,TowerMajorT3,no
Towers,TowerMajorT3Space,"Major, tier 3, space theme",32x32,16,Idle 4 loop; Attack 6 once; Upgrade 6 once,TowerMajorT3,no
Towers,TowerMajorT3Spooky,"Major, tier 3, spooky theme",32x32,16,Idle 4 loop; Attack 6 once; Upgrade 6 once,TowerMajorT3,no
Towers,TowerMajorT3Steampunk,"Major, tier 3, steampunk theme",32x32,16,Idle 4 loop; Attack 6 once; Upgrade 6 once,TowerMajorT3,no
Towers,TowerMajorT3Vaporwave,"Major, tier 3, vaporwave theme",32x32,16,Idle 4 loop; Attack 6 once; Upgrade 6 once,TowerMajorT3,no
Towers,TowerMajorT3Winter,"Major, tier 3, winter",32x32,16,Idle 4 loop; Attack 6 once; Upgrade 6 once,TowerMajorT3,no
Towers,TowerMajorVaporwave,"Major, tier 1, vaporwave theme",32x32,16,Idle 4 loop; Attack 6 once; Upgrade 6 once,TowerMajor,no
Towers,TowerMajorWinter,"Major, tier 1, winter",32x32,16,Idle 4 loop; Attack 6 once; Upgrade 6 once,TowerMajor,no
Towers,TowerMineLayer,Sapper,32x32,16,Idle 4 loop; Attack 6 once; Upgrade 6 once,,graybox
Towers,TowerMineLayerAutumn,"Sapper, tier 1, autumn",32x32,16,Idle 4 loop; Attack 6 once; Upgrade 6 once,TowerMineLayer,no
Towers,TowerMineLayerCandy,"Sapper, tier 1, candy theme",32x32,16,Idle 4 loop; Attack 6 once; Upgrade 6 once,TowerMineLayer,no
Towers,TowerMineLayerJungle,"Sapper, tier 1, jungle theme",32x32,16,Idle 4 loop; Attack 6 once; Upgrade 6 once,TowerMineLayer,no
Towers,TowerMineLayerMedieval,"Sapper, tier 1, medieval theme",32x32,16,Idle 4 loop; Attack 6 once; Upgrade 6 once,TowerMineLayer,no
Towers,TowerMineLayerMilitary,"Sapper (Sapper), tier 1, military theme",32x32,16,Idle 4 loop; Attack 6 once; Upgrade 6 once,TowerMineLayer,no
Towers,TowerMineLayerNeon,"Sapper, tier 1, neon theme",32x32,16,Idle 4 loop; Attack 6 once; Upgrade 6 once,TowerMineLayer,no
Towers,TowerMineLayerNeonSpace,"Sapper, tier 1, neonspace theme",32x32,16,Idle 4 loop; Attack 6 once; Upgrade 6 once,TowerMineLayer,no
Towers,TowerMineLayerPirate,"Sapper, tier 1, pirate theme",32x32,16,Idle 4 loop; Attack 6 once; Upgrade 6 once,TowerMineLayer,no
Towers,TowerMineLayerRobot,"Sapper, tier 1, robot theme",32x32,16,Idle 4 loop; Attack 6 once; Upgrade 6 once,TowerMineLayer,no
Towers,TowerMineLayerSamurai,"Sapper, tier 1, samurai theme",32x32,16,Idle 4 loop; Attack 6 once; Upgrade 6 once,TowerMineLayer,no
Towers,TowerMineLayerSpace,"Sapper, tier 1, space theme",32x32,16,Idle 4 loop; Attack 6 once; Upgrade 6 once,TowerMineLayer,no
Towers,TowerMineLayerSpooky,"Sapper, tier 1, spooky theme",32x32,16,Idle 4 loop; Attack 6 once; Upgrade 6 once,TowerMineLayer,no
Towers,TowerMineLayerSteampunk,"Sapper, tier 1, steampunk theme",32x32,16,Idle 4 loop; Attack 6 once; Upgrade 6 once,TowerMineLayer,no
Towers,TowerMineLayerT2,"Sapper, tier 2",32x32,16,Idle 4 loop; Attack 6 once; Upgrade 6 once,,no
Towers,TowerMineLayerT2Autumn,"Sapper, tier 2, autumn",32x32,16,Idle 4 loop; Attack 6 once; Upgrade 6 once,TowerMineLayerT2,no
Towers,TowerMineLayerT2Candy,"Sapper, tier 2, candy theme",32x32,16,Idle 4 loop; Attack 6 once; Upgrade 6 once,TowerMineLayerT2,no
Towers,TowerMineLayerT2Jungle,"Sapper, tier 2, jungle theme",32x32,16,Idle 4 loop; Attack 6 once; Upgrade 6 once,TowerMineLayerT2,no
Towers,TowerMineLayerT2Medieval,"Sapper, tier 2, medieval theme",32x32,16,Idle 4 loop; Attack 6 once; Upgrade 6 once,TowerMineLayerT2,no
Towers,TowerMineLayerT2Military,"Sapper (Sapper), tier 2, military theme",32x32,16,Idle 4 loop; Attack 6 once; Upgrade 6 once,TowerMineLayerT2,no
Towers,TowerMineLayerT2Neon,"Sapper, tier 2, neon theme",32x32,16,Idle 4 loop; Attack 6 once; Upgrade 6 once,TowerMineLayerT2,no
Towers,TowerMineLayerT2NeonSpace,"Sapper, tier 2, neonspace theme",32x32,16,Idle 4 loop; Attack 6 once; Upgrade 6 once,TowerMineLayerT2,no
Towers,TowerMineLayerT2Pirate,"Sapper, tier 2, pirate theme",32x32,16,Idle 4 loop; Attack 6 once; Upgrade 6 once,TowerMineLayerT2,no
Towers,TowerMineLayerT2Robot,"Sapper, tier 2, robot theme",32x32,16,Idle 4 loop; Attack 6 once; Upgrade 6 once,TowerMineLayerT2,no
Towers,TowerMineLayerT2Samurai,"Sapper, tier 2, samurai theme",32x32,16,Idle 4 loop; Attack 6 once; Upgrade 6 once,TowerMineLayerT2,no
Towers,TowerMineLayerT2Space,"Sapper, tier 2, space theme",32x32,16,Idle 4 loop; Attack 6 once; Upgrade 6 once,TowerMineLayerT2,no
Towers,TowerMineLayerT2Spooky,"Sapper, tier 2, spooky theme",32x32,16,Idle 4 loop; Attack 6 once; Upgrade 6 once,TowerMineLayerT2,no
Towers,TowerMineLayerT2Steampunk,"Sapper, tier 2, steampunk theme",32x32,16,Idle 4 loop; Attack 6 once; Upgrade 6 once,TowerMineLayerT2,no
Towers,TowerMineLayerT2Vaporwave,"Sapper, tier 2, vaporwave theme",32x32,16,Idle 4 loop; Attack 6 once; Upgrade 6 once,TowerMineLayerT2,no
Towers,TowerMineLayerT2Winter,"Sapper, tier 2, winter",32x32,16,Idle 4 loop; Attack 6 once; Upgrade 6 once,TowerMineLayerT2,no
Towers,TowerMineLayerT3,"Sapper, tier 3",32x32,16,Idle 4 loop; Attack 6 once; Upgrade 6 once,,no
Towers,TowerMineLayerT3Autumn,"Sapper, tier 3, autumn",32x32,16,Idle 4 loop; Attack 6 once; Upgrade 6 once,TowerMineLayerT3,no
Towers,TowerMineLayerT3Candy,"Sapper, tier 3, candy theme",32x32,16,Idle 4 loop; Attack 6 once; Upgrade 6 once,TowerMineLayerT3,no
Towers,TowerMineLayerT3Jungle,"Sapper, tier 3, jungle theme",32x32,16,Idle 4 loop; Attack 6 once; Upgrade 6 once,TowerMineLayerT3,no
Towers,TowerMineLayerT3Medieval,"Sapper, tier 3, medieval theme",32x32,16,Idle 4 loop; Attack 6 once; Upgrade 6 once,TowerMineLayerT3,no
Towers,TowerMineLayerT3Military,"Sapper (Sapper), tier 3, military theme",32x32,16,Idle 4 loop; Attack 6 once; Upgrade 6 once,TowerMineLayerT3,no
Towers,TowerMineLayerT3Neon,"Sapper, tier 3, neon theme",32x32,16,Idle 4 loop; Attack 6 once; Upgrade 6 once,TowerMineLayerT3,no
Towers,TowerMineLayerT3NeonSpace,"Sapper, tier 3, neonspace theme",32x32,16,Idle 4 loop; Attack 6 once; Upgrade 6 once,TowerMineLayerT3,no
Towers,TowerMineLayerT3Pirate,"Sapper, tier 3, pirate theme",32x32,16,Idle 4 loop; Attack 6 once; Upgrade 6 once,TowerMineLayerT3,no
Towers,TowerMineLayerT3Robot,"Sapper, tier 3, robot theme",32x32,16,Idle 4 loop; Attack 6 once; Upgrade 6 once,TowerMineLayerT3,no
Towers,TowerMineLayerT3Samurai,"Sapper, tier 3, samurai theme",32x32,16,Idle 4 loop; Attack 6 once; Upgrade 6 once,TowerMineLayerT3,no
Towers,TowerMineLayerT3Space,"Sapper, tier 3, space theme",32x32,16,Idle 4 loop; Attack 6 once; Upgrade 6 once,TowerMineLayerT3,no
Towers,TowerMineLayerT3Spooky,"Sapper, tier 3, spooky theme",32x32,16,Idle 4 loop; Attack 6 once; Upgrade 6 once,TowerMineLayerT3,no
Towers,TowerMineLayerT3Steampunk,"Sapper, tier 3, steampunk theme",32x32,16,Idle 4 loop; Attack 6 once; Upgrade 6 once,TowerMineLayerT3,no
Towers,TowerMineLayerT3Vaporwave,"Sapper, tier 3, vaporwave theme",32x32,16,Idle 4 loop; Attack 6 once; Upgrade 6 once,TowerMineLayerT3,no
Towers,TowerMineLayerT3Winter,"Sapper, tier 3, winter",32x32,16,Idle 4 loop; Attack 6 once; Upgrade 6 once,TowerMineLayerT3,no
Towers,TowerMineLayerVaporwave,"Sapper, tier 1, vaporwave theme",32x32,16,Idle 4 loop; Attack 6 once; Upgrade 6 once,TowerMineLayer,no
Towers,TowerMineLayerWinter,"Sapper, tier 1, winter",32x32,16,Idle 4 loop; Attack 6 once; Upgrade 6 once,TowerMineLayer,no
Towers,TowerMortar,Bombardier,32x32,16,Idle 4 loop; Attack 6 once; Upgrade 6 once,,graybox
Towers,TowerMortarAutumn,"Bombardier, tier 1, autumn",32x32,16,Idle 4 loop; Attack 6 once; Upgrade 6 once,TowerMortar,no
Towers,TowerMortarCandy,"Bombardier, tier 1, candy theme",32x32,16,Idle 4 loop; Attack 6 once; Upgrade 6 once,TowerMortar,no
Towers,TowerMortarJungle,"Bombardier, tier 1, jungle theme",32x32,16,Idle 4 loop; Attack 6 once; Upgrade 6 once,TowerMortar,no
Towers,TowerMortarMedieval,"Bombardier, tier 1, medieval theme",32x32,16,Idle 4 loop; Attack 6 once; Upgrade 6 once,TowerMortar,no
Towers,TowerMortarMilitary,"Mortar crew (Bombardier), tier 1, military theme",32x32,16,Idle 4 loop; Attack 6 once; Upgrade 6 once,TowerMortar,no
Towers,TowerMortarNeon,"Bombardier, tier 1, neon theme",32x32,16,Idle 4 loop; Attack 6 once; Upgrade 6 once,TowerMortar,no
Towers,TowerMortarNeonSpace,"Bombardier, tier 1, neonspace theme",32x32,16,Idle 4 loop; Attack 6 once; Upgrade 6 once,TowerMortar,no
Towers,TowerMortarPirate,"Bombardier, tier 1, pirate theme",32x32,16,Idle 4 loop; Attack 6 once; Upgrade 6 once,TowerMortar,no
Towers,TowerMortarRobot,"Bombardier, tier 1, robot theme",32x32,16,Idle 4 loop; Attack 6 once; Upgrade 6 once,TowerMortar,no
Towers,TowerMortarSamurai,"Bombardier, tier 1, samurai theme",32x32,16,Idle 4 loop; Attack 6 once; Upgrade 6 once,TowerMortar,no
Towers,TowerMortarSpace,"Bombardier, tier 1, space theme",32x32,16,Idle 4 loop; Attack 6 once; Upgrade 6 once,TowerMortar,no
Towers,TowerMortarSpooky,"Bombardier, tier 1, spooky theme",32x32,16,Idle 4 loop; Attack 6 once; Upgrade 6 once,TowerMortar,no
Towers,TowerMortarSteampunk,"Bombardier, tier 1, steampunk theme",32x32,16,Idle 4 loop; Attack 6 once; Upgrade 6 once,TowerMortar,no
Towers,TowerMortarT2,"Bombardier, tier 2",32x32,16,Idle 4 loop; Attack 6 once; Upgrade 6 once,,no
Towers,TowerMortarT2Autumn,"Bombardier, tier 2, autumn",32x32,16,Idle 4 loop; Attack 6 once; Upgrade 6 once,TowerMortarT2,no
Towers,TowerMortarT2Candy,"Bombardier, tier 2, candy theme",32x32,16,Idle 4 loop; Attack 6 once; Upgrade 6 once,TowerMortarT2,no
Towers,TowerMortarT2Jungle,"Bombardier, tier 2, jungle theme",32x32,16,Idle 4 loop; Attack 6 once; Upgrade 6 once,TowerMortarT2,no
Towers,TowerMortarT2Medieval,"Bombardier, tier 2, medieval theme",32x32,16,Idle 4 loop; Attack 6 once; Upgrade 6 once,TowerMortarT2,no
Towers,TowerMortarT2Military,"Mortar crew (Bombardier), tier 2, military theme",32x32,16,Idle 4 loop; Attack 6 once; Upgrade 6 once,TowerMortarT2,no
Towers,TowerMortarT2Neon,"Bombardier, tier 2, neon theme",32x32,16,Idle 4 loop; Attack 6 once; Upgrade 6 once,TowerMortarT2,no
Towers,TowerMortarT2NeonSpace,"Bombardier, tier 2, neonspace theme",32x32,16,Idle 4 loop; Attack 6 once; Upgrade 6 once,TowerMortarT2,no
Towers,TowerMortarT2Pirate,"Bombardier, tier 2, pirate theme",32x32,16,Idle 4 loop; Attack 6 once; Upgrade 6 once,TowerMortarT2,no
Towers,TowerMortarT2Robot,"Bombardier, tier 2, robot theme",32x32,16,Idle 4 loop; Attack 6 once; Upgrade 6 once,TowerMortarT2,no
Towers,TowerMortarT2Samurai,"Bombardier, tier 2, samurai theme",32x32,16,Idle 4 loop; Attack 6 once; Upgrade 6 once,TowerMortarT2,no
Towers,TowerMortarT2Space,"Bombardier, tier 2, space theme",32x32,16,Idle 4 loop; Attack 6 once; Upgrade 6 once,TowerMortarT2,no
Towers,TowerMortarT2Spooky,"Bombardier, tier 2, spooky theme",32x32,16,Idle 4 loop; Attack 6 once; Upgrade 6 once,TowerMortarT2,no
Towers,TowerMortarT2Steampunk,"Bombardier, tier 2, steampunk theme",32x32,16,Idle 4 loop; Attack 6 once; Upgrade 6 once,TowerMortarT2,no
Towers,TowerMortarT2Vaporwave,"Bombardier, tier 2, vaporwave theme",32x32,16,Idle 4 loop; Attack 6 once; Upgrade 6 once,TowerMortarT2,no
Towers,TowerMortarT2Winter,"Bombardier, tier 2, winter",32x32,16,Idle 4 loop; Attack 6 once; Upgrade 6 once,TowerMortarT2,no
Towers,TowerMortarT3,"Bombardier, tier 3",32x32,16,Idle 4 loop; Attack 6 once; Upgrade 6 once,,no
Towers,TowerMortarT3Autumn,"Bombardier, tier 3, autumn",32x32,16,Idle 4 loop; Attack 6 once; Upgrade 6 once,TowerMortarT3,no
Towers,TowerMortarT3Candy,"Bombardier, tier 3, candy theme",32x32,16,Idle 4 loop; Attack 6 once; Upgrade 6 once,TowerMortarT3,no
Towers,TowerMortarT3Jungle,"Bombardier, tier 3, jungle theme",32x32,16,Idle 4 loop; Attack 6 once; Upgrade 6 once,TowerMortarT3,no
Towers,TowerMortarT3Medieval,"Bombardier, tier 3, medieval theme",32x32,16,Idle 4 loop; Attack 6 once; Upgrade 6 once,TowerMortarT3,no
Towers,TowerMortarT3Military,"Mortar crew (Bombardier), tier 3, military theme",32x32,16,Idle 4 loop; Attack 6 once; Upgrade 6 once,TowerMortarT3,no
Towers,TowerMortarT3Neon,"Bombardier, tier 3, neon theme",32x32,16,Idle 4 loop; Attack 6 once; Upgrade 6 once,TowerMortarT3,no
Towers,TowerMortarT3NeonSpace,"Bombardier, tier 3, neonspace theme",32x32,16,Idle 4 loop; Attack 6 once; Upgrade 6 once,TowerMortarT3,no
Towers,TowerMortarT3Pirate,"Bombardier, tier 3, pirate theme",32x32,16,Idle 4 loop; Attack 6 once; Upgrade 6 once,TowerMortarT3,no
Towers,TowerMortarT3Robot,"Bombardier, tier 3, robot theme",32x32,16,Idle 4 loop; Attack 6 once; Upgrade 6 once,TowerMortarT3,no
Towers,TowerMortarT3Samurai,"Bombardier, tier 3, samurai theme",32x32,16,Idle 4 loop; Attack 6 once; Upgrade 6 once,TowerMortarT3,no
Towers,TowerMortarT3Space,"Bombardier, tier 3, space theme",32x32,16,Idle 4 loop; Attack 6 once; Upgrade 6 once,TowerMortarT3,no
Towers,TowerMortarT3Spooky,"Bombardier, tier 3, spooky theme",32x32,16,Idle 4 loop; Attack 6 once; Upgrade 6 once,TowerMortarT3,no
Towers,TowerMortarT3Steampunk,"Bombardier, tier 3, steampunk theme",32x32,16,Idle 4 loop; Attack 6 once; Upgrade 6 once,TowerMortarT3,no
Towers,TowerMortarT3Vaporwave,"Bombardier, tier 3, vaporwave theme",32x32,16,Idle 4 loop; Attack 6 once; Upgrade 6 once,TowerMortarT3,no
Towers,TowerMortarT3Winter,"Bombardier, tier 3, winter",32x32,16,Idle 4 loop; Attack 6 once; Upgrade 6 once,TowerMortarT3,no
Towers,TowerMortarVaporwave,"Bombardier, tier 1, vaporwave theme",32x32,16,Idle 4 loop; Attack 6 once; Upgrade 6 once,TowerMortar,no
Towers,TowerMortarWinter,"Bombardier, tier 1, winter",32x32,16,Idle 4 loop; Attack 6 once; Upgrade 6 once,TowerMortar,no
Towers,TowerNurse,Nurse,32x32,16,Idle 4 loop; Attack 6 once; Upgrade 6 once,,graybox
Towers,TowerNurseAutumn,"Nurse, tier 1, autumn",32x32,16,Idle 4 loop; Attack 6 once; Upgrade 6 once,TowerNurse,no
Towers,TowerNurseCandy,"Nurse, tier 1, candy theme",32x32,16,Idle 4 loop; Attack 6 once; Upgrade 6 once,TowerNurse,no
Towers,TowerNurseJungle,"Nurse, tier 1, jungle theme",32x32,16,Idle 4 loop; Attack 6 once; Upgrade 6 once,TowerNurse,no
Towers,TowerNurseMedieval,"Nurse, tier 1, medieval theme",32x32,16,Idle 4 loop; Attack 6 once; Upgrade 6 once,TowerNurse,no
Towers,TowerNurseMilitary,"Medic (Nurse), tier 1, military theme",32x32,16,Idle 4 loop; Attack 6 once; Upgrade 6 once,TowerNurse,no
Towers,TowerNurseNeon,"Nurse, tier 1, neon theme",32x32,16,Idle 4 loop; Attack 6 once; Upgrade 6 once,TowerNurse,no
Towers,TowerNurseNeonSpace,"Nurse, tier 1, neonspace theme",32x32,16,Idle 4 loop; Attack 6 once; Upgrade 6 once,TowerNurse,no
Towers,TowerNursePirate,"Nurse, tier 1, pirate theme",32x32,16,Idle 4 loop; Attack 6 once; Upgrade 6 once,TowerNurse,no
Towers,TowerNurseRobot,"Nurse, tier 1, robot theme",32x32,16,Idle 4 loop; Attack 6 once; Upgrade 6 once,TowerNurse,no
Towers,TowerNurseSamurai,"Nurse, tier 1, samurai theme",32x32,16,Idle 4 loop; Attack 6 once; Upgrade 6 once,TowerNurse,no
Towers,TowerNurseSpace,"Nurse, tier 1, space theme",32x32,16,Idle 4 loop; Attack 6 once; Upgrade 6 once,TowerNurse,no
Towers,TowerNurseSpooky,"Nurse, tier 1, spooky theme",32x32,16,Idle 4 loop; Attack 6 once; Upgrade 6 once,TowerNurse,no
Towers,TowerNurseSteampunk,"Nurse, tier 1, steampunk theme",32x32,16,Idle 4 loop; Attack 6 once; Upgrade 6 once,TowerNurse,no
Towers,TowerNurseT2,"Nurse, tier 2",32x32,16,Idle 4 loop; Attack 6 once; Upgrade 6 once,,no
Towers,TowerNurseT2Autumn,"Nurse, tier 2, autumn",32x32,16,Idle 4 loop; Attack 6 once; Upgrade 6 once,TowerNurseT2,no
Towers,TowerNurseT2Candy,"Nurse, tier 2, candy theme",32x32,16,Idle 4 loop; Attack 6 once; Upgrade 6 once,TowerNurseT2,no
Towers,TowerNurseT2Jungle,"Nurse, tier 2, jungle theme",32x32,16,Idle 4 loop; Attack 6 once; Upgrade 6 once,TowerNurseT2,no
Towers,TowerNurseT2Medieval,"Nurse, tier 2, medieval theme",32x32,16,Idle 4 loop; Attack 6 once; Upgrade 6 once,TowerNurseT2,no
Towers,TowerNurseT2Military,"Medic (Nurse), tier 2, military theme",32x32,16,Idle 4 loop; Attack 6 once; Upgrade 6 once,TowerNurseT2,no
Towers,TowerNurseT2Neon,"Nurse, tier 2, neon theme",32x32,16,Idle 4 loop; Attack 6 once; Upgrade 6 once,TowerNurseT2,no
Towers,TowerNurseT2NeonSpace,"Nurse, tier 2, neonspace theme",32x32,16,Idle 4 loop; Attack 6 once; Upgrade 6 once,TowerNurseT2,no
Towers,TowerNurseT2Pirate,"Nurse, tier 2, pirate theme",32x32,16,Idle 4 loop; Attack 6 once; Upgrade 6 once,TowerNurseT2,no
Towers,TowerNurseT2Robot,"Nurse, tier 2, robot theme",32x32,16,Idle 4 loop; Attack 6 once; Upgrade 6 once,TowerNurseT2,no
Towers,TowerNurseT2Samurai,"Nurse, tier 2, samurai theme",32x32,16,Idle 4 loop; Attack 6 once; Upgrade 6 once,TowerNurseT2,no
Towers,TowerNurseT2Space,"Nurse, tier 2, space theme",32x32,16,Idle 4 loop; Attack 6 once; Upgrade 6 once,TowerNurseT2,no
Towers,TowerNurseT2Spooky,"Nurse, tier 2, spooky theme",32x32,16,Idle 4 loop; Attack 6 once; Upgrade 6 once,TowerNurseT2,no
Towers,TowerNurseT2Steampunk,"Nurse, tier 2, steampunk theme",32x32,16,Idle 4 loop; Attack 6 once; Upgrade 6 once,TowerNurseT2,no
Towers,TowerNurseT2Vaporwave,"Nurse, tier 2, vaporwave theme",32x32,16,Idle 4 loop; Attack 6 once; Upgrade 6 once,TowerNurseT2,no
Towers,TowerNurseT2Winter,"Nurse, tier 2, winter",32x32,16,Idle 4 loop; Attack 6 once; Upgrade 6 once,TowerNurseT2,no
Towers,TowerNurseT3,"Nurse, tier 3",32x32,16,Idle 4 loop; Attack 6 once; Upgrade 6 once,,no
Towers,TowerNurseT3Autumn,"Nurse, tier 3, autumn",32x32,16,Idle 4 loop; Attack 6 once; Upgrade 6 once,TowerNurseT3,no
Towers,TowerNurseT3Candy,"Nurse, tier 3, candy theme",32x32,16,Idle 4 loop; Attack 6 once; Upgrade 6 once,TowerNurseT3,no
Towers,TowerNurseT3Jungle,"Nurse, tier 3, jungle theme",32x32,16,Idle 4 loop; Attack 6 once; Upgrade 6 once,TowerNurseT3,no
Towers,TowerNurseT3Medieval,"Nurse, tier 3, medieval theme",32x32,16,Idle 4 loop; Attack 6 once; Upgrade 6 once,TowerNurseT3,no
Towers,TowerNurseT3Military,"Medic (Nurse), tier 3, military theme",32x32,16,Idle 4 loop; Attack 6 once; Upgrade 6 once,TowerNurseT3,no
Towers,TowerNurseT3Neon,"Nurse, tier 3, neon theme",32x32,16,Idle 4 loop; Attack 6 once; Upgrade 6 once,TowerNurseT3,no
Towers,TowerNurseT3NeonSpace,"Nurse, tier 3, neonspace theme",32x32,16,Idle 4 loop; Attack 6 once; Upgrade 6 once,TowerNurseT3,no
Towers,TowerNurseT3Pirate,"Nurse, tier 3, pirate theme",32x32,16,Idle 4 loop; Attack 6 once; Upgrade 6 once,TowerNurseT3,no
Towers,TowerNurseT3Robot,"Nurse, tier 3, robot theme",32x32,16,Idle 4 loop; Attack 6 once; Upgrade 6 once,TowerNurseT3,no
Towers,TowerNurseT3Samurai,"Nurse, tier 3, samurai theme",32x32,16,Idle 4 loop; Attack 6 once; Upgrade 6 once,TowerNurseT3,no
Towers,TowerNurseT3Space,"Nurse, tier 3, space theme",32x32,16,Idle 4 loop; Attack 6 once; Upgrade 6 once,TowerNurseT3,no
Towers,TowerNurseT3Spooky,"Nurse, tier 3, spooky theme",32x32,16,Idle 4 loop; Attack 6 once; Upgrade 6 once,TowerNurseT3,no
Towers,TowerNurseT3Steampunk,"Nurse, tier 3, steampunk theme",32x32,16,Idle 4 loop; Attack 6 once; Upgrade 6 once,TowerNurseT3,no
Towers,TowerNurseT3Vaporwave,"Nurse, tier 3, vaporwave theme",32x32,16,Idle 4 loop; Attack 6 once; Upgrade 6 once,TowerNurseT3,no
Towers,TowerNurseT3Winter,"Nurse, tier 3, winter",32x32,16,Idle 4 loop; Attack 6 once; Upgrade 6 once,TowerNurseT3,no
Towers,TowerNurseVaporwave,"Nurse, tier 1, vaporwave theme",32x32,16,Idle 4 loop; Attack 6 once; Upgrade 6 once,TowerNurse,no
Towers,TowerNurseWinter,"Nurse, tier 1, winter",32x32,16,Idle 4 loop; Attack 6 once; Upgrade 6 once,TowerNurse,no
Towers,TowerOrbit,Swarm Nest,32x32,18,Idle 6 loop; Attack 6 once; Upgrade 6 once,,graybox
Towers,TowerOrbitAutumn,"Swarm Nest, tier 1, autumn",32x32,18,Idle 6 loop; Attack 6 once; Upgrade 6 once,TowerOrbit,no
Towers,TowerOrbitCandy,"Swarm Nest, tier 1, candy theme",32x32,18,Idle 6 loop; Attack 6 once; Upgrade 6 once,TowerOrbit,no
Towers,TowerOrbitJungle,"Swarm Nest, tier 1, jungle theme",32x32,18,Idle 6 loop; Attack 6 once; Upgrade 6 once,TowerOrbit,no
Towers,TowerOrbitMedieval,"Swarm Nest, tier 1, medieval theme",32x32,18,Idle 6 loop; Attack 6 once; Upgrade 6 once,TowerOrbit,no
Towers,TowerOrbitMilitary,"Drone operator (Swarm Nest), tier 1, military theme",32x32,18,Idle 6 loop; Attack 6 once; Upgrade 6 once,TowerOrbit,no
Towers,TowerOrbitNeon,"Swarm Nest, tier 1, neon theme",32x32,18,Idle 6 loop; Attack 6 once; Upgrade 6 once,TowerOrbit,no
Towers,TowerOrbitNeonSpace,"Swarm Nest, tier 1, neonspace theme",32x32,18,Idle 6 loop; Attack 6 once; Upgrade 6 once,TowerOrbit,no
Towers,TowerOrbitPirate,"Swarm Nest, tier 1, pirate theme",32x32,18,Idle 6 loop; Attack 6 once; Upgrade 6 once,TowerOrbit,no
Towers,TowerOrbitRobot,"Swarm Nest, tier 1, robot theme",32x32,18,Idle 6 loop; Attack 6 once; Upgrade 6 once,TowerOrbit,no
Towers,TowerOrbitSamurai,"Swarm Nest, tier 1, samurai theme",32x32,18,Idle 6 loop; Attack 6 once; Upgrade 6 once,TowerOrbit,no
Towers,TowerOrbitSpace,"Swarm Nest, tier 1, space theme",32x32,18,Idle 6 loop; Attack 6 once; Upgrade 6 once,TowerOrbit,no
Towers,TowerOrbitSpooky,"Swarm Nest, tier 1, spooky theme",32x32,18,Idle 6 loop; Attack 6 once; Upgrade 6 once,TowerOrbit,no
Towers,TowerOrbitSteampunk,"Swarm Nest, tier 1, steampunk theme",32x32,18,Idle 6 loop; Attack 6 once; Upgrade 6 once,TowerOrbit,no
Towers,TowerOrbitT2,"Swarm Nest, tier 2",32x32,18,Idle 6 loop; Attack 6 once; Upgrade 6 once,,no
Towers,TowerOrbitT2Autumn,"Swarm Nest, tier 2, autumn",32x32,18,Idle 6 loop; Attack 6 once; Upgrade 6 once,TowerOrbitT2,no
Towers,TowerOrbitT2Candy,"Swarm Nest, tier 2, candy theme",32x32,18,Idle 6 loop; Attack 6 once; Upgrade 6 once,TowerOrbitT2,no
Towers,TowerOrbitT2Jungle,"Swarm Nest, tier 2, jungle theme",32x32,18,Idle 6 loop; Attack 6 once; Upgrade 6 once,TowerOrbitT2,no
Towers,TowerOrbitT2Medieval,"Swarm Nest, tier 2, medieval theme",32x32,18,Idle 6 loop; Attack 6 once; Upgrade 6 once,TowerOrbitT2,no
Towers,TowerOrbitT2Military,"Drone operator (Swarm Nest), tier 2, military theme",32x32,18,Idle 6 loop; Attack 6 once; Upgrade 6 once,TowerOrbitT2,no
Towers,TowerOrbitT2Neon,"Swarm Nest, tier 2, neon theme",32x32,18,Idle 6 loop; Attack 6 once; Upgrade 6 once,TowerOrbitT2,no
Towers,TowerOrbitT2NeonSpace,"Swarm Nest, tier 2, neonspace theme",32x32,18,Idle 6 loop; Attack 6 once; Upgrade 6 once,TowerOrbitT2,no
Towers,TowerOrbitT2Pirate,"Swarm Nest, tier 2, pirate theme",32x32,18,Idle 6 loop; Attack 6 once; Upgrade 6 once,TowerOrbitT2,no
Towers,TowerOrbitT2Robot,"Swarm Nest, tier 2, robot theme",32x32,18,Idle 6 loop; Attack 6 once; Upgrade 6 once,TowerOrbitT2,no
Towers,TowerOrbitT2Samurai,"Swarm Nest, tier 2, samurai theme",32x32,18,Idle 6 loop; Attack 6 once; Upgrade 6 once,TowerOrbitT2,no
Towers,TowerOrbitT2Space,"Swarm Nest, tier 2, space theme",32x32,18,Idle 6 loop; Attack 6 once; Upgrade 6 once,TowerOrbitT2,no
Towers,TowerOrbitT2Spooky,"Swarm Nest, tier 2, spooky theme",32x32,18,Idle 6 loop; Attack 6 once; Upgrade 6 once,TowerOrbitT2,no
Towers,TowerOrbitT2Steampunk,"Swarm Nest, tier 2, steampunk theme",32x32,18,Idle 6 loop; Attack 6 once; Upgrade 6 once,TowerOrbitT2,no
Towers,TowerOrbitT2Vaporwave,"Swarm Nest, tier 2, vaporwave theme",32x32,18,Idle 6 loop; Attack 6 once; Upgrade 6 once,TowerOrbitT2,no
Towers,TowerOrbitT2Winter,"Swarm Nest, tier 2, winter",32x32,18,Idle 6 loop; Attack 6 once; Upgrade 6 once,TowerOrbitT2,no
Towers,TowerOrbitT3,"Swarm Nest, tier 3",32x32,18,Idle 6 loop; Attack 6 once; Upgrade 6 once,,no
Towers,TowerOrbitT3Autumn,"Swarm Nest, tier 3, autumn",32x32,18,Idle 6 loop; Attack 6 once; Upgrade 6 once,TowerOrbitT3,no
Towers,TowerOrbitT3Candy,"Swarm Nest, tier 3, candy theme",32x32,18,Idle 6 loop; Attack 6 once; Upgrade 6 once,TowerOrbitT3,no
Towers,TowerOrbitT3Jungle,"Swarm Nest, tier 3, jungle theme",32x32,18,Idle 6 loop; Attack 6 once; Upgrade 6 once,TowerOrbitT3,no
Towers,TowerOrbitT3Medieval,"Swarm Nest, tier 3, medieval theme",32x32,18,Idle 6 loop; Attack 6 once; Upgrade 6 once,TowerOrbitT3,no
Towers,TowerOrbitT3Military,"Drone operator (Swarm Nest), tier 3, military theme",32x32,18,Idle 6 loop; Attack 6 once; Upgrade 6 once,TowerOrbitT3,no
Towers,TowerOrbitT3Neon,"Swarm Nest, tier 3, neon theme",32x32,18,Idle 6 loop; Attack 6 once; Upgrade 6 once,TowerOrbitT3,no
Towers,TowerOrbitT3NeonSpace,"Swarm Nest, tier 3, neonspace theme",32x32,18,Idle 6 loop; Attack 6 once; Upgrade 6 once,TowerOrbitT3,no
Towers,TowerOrbitT3Pirate,"Swarm Nest, tier 3, pirate theme",32x32,18,Idle 6 loop; Attack 6 once; Upgrade 6 once,TowerOrbitT3,no
Towers,TowerOrbitT3Robot,"Swarm Nest, tier 3, robot theme",32x32,18,Idle 6 loop; Attack 6 once; Upgrade 6 once,TowerOrbitT3,no
Towers,TowerOrbitT3Samurai,"Swarm Nest, tier 3, samurai theme",32x32,18,Idle 6 loop; Attack 6 once; Upgrade 6 once,TowerOrbitT3,no
Towers,TowerOrbitT3Space,"Swarm Nest, tier 3, space theme",32x32,18,Idle 6 loop; Attack 6 once; Upgrade 6 once,TowerOrbitT3,no
Towers,TowerOrbitT3Spooky,"Swarm Nest, tier 3, spooky theme",32x32,18,Idle 6 loop; Attack 6 once; Upgrade 6 once,TowerOrbitT3,no
Towers,TowerOrbitT3Steampunk,"Swarm Nest, tier 3, steampunk theme",32x32,18,Idle 6 loop; Attack 6 once; Upgrade 6 once,TowerOrbitT3,no
Towers,TowerOrbitT3Vaporwave,"Swarm Nest, tier 3, vaporwave theme",32x32,18,Idle 6 loop; Attack 6 once; Upgrade 6 once,TowerOrbitT3,no
Towers,TowerOrbitT3Winter,"Swarm Nest, tier 3, winter",32x32,18,Idle 6 loop; Attack 6 once; Upgrade 6 once,TowerOrbitT3,no
Towers,TowerOrbitVaporwave,"Swarm Nest, tier 1, vaporwave theme",32x32,18,Idle 6 loop; Attack 6 once; Upgrade 6 once,TowerOrbit,no
Towers,TowerOrbitWinter,"Swarm Nest, tier 1, winter",32x32,18,Idle 6 loop; Attack 6 once; Upgrade 6 once,TowerOrbit,no
Towers,TowerQueensGuard,"Queen's Guard, tier 1",32x32,16,Idle 4 loop; Attack 6 once; Upgrade 6 once,,no
Towers,TowerQueensGuardAutumn,"Queen's Guard, tier 1, autumn",32x32,16,Idle 4 loop; Attack 6 once; Upgrade 6 once,TowerQueensGuard,no
Towers,TowerQueensGuardCandy,"Queen's Guard, tier 1, candy theme",32x32,16,Idle 4 loop; Attack 6 once; Upgrade 6 once,TowerQueensGuard,no
Towers,TowerQueensGuardJungle,"Queen's Guard, tier 1, jungle theme",32x32,16,Idle 4 loop; Attack 6 once; Upgrade 6 once,TowerQueensGuard,no
Towers,TowerQueensGuardMedieval,"Queen's Guard, tier 1, medieval theme",32x32,16,Idle 4 loop; Attack 6 once; Upgrade 6 once,TowerQueensGuard,no
Towers,TowerQueensGuardMilitary,"Commander (Queen's Guard), tier 1, military theme",32x32,16,Idle 4 loop; Attack 6 once; Upgrade 6 once,TowerQueensGuard,no
Towers,TowerQueensGuardNeon,"Queen's Guard, tier 1, neon theme",32x32,16,Idle 4 loop; Attack 6 once; Upgrade 6 once,TowerQueensGuard,no
Towers,TowerQueensGuardNeonSpace,"Queen's Guard, tier 1, neonspace theme",32x32,16,Idle 4 loop; Attack 6 once; Upgrade 6 once,TowerQueensGuard,no
Towers,TowerQueensGuardPirate,"Queen's Guard, tier 1, pirate theme",32x32,16,Idle 4 loop; Attack 6 once; Upgrade 6 once,TowerQueensGuard,no
Towers,TowerQueensGuardRobot,"Queen's Guard, tier 1, robot theme",32x32,16,Idle 4 loop; Attack 6 once; Upgrade 6 once,TowerQueensGuard,no
Towers,TowerQueensGuardSamurai,"Queen's Guard, tier 1, samurai theme",32x32,16,Idle 4 loop; Attack 6 once; Upgrade 6 once,TowerQueensGuard,no
Towers,TowerQueensGuardSpace,"Queen's Guard, tier 1, space theme",32x32,16,Idle 4 loop; Attack 6 once; Upgrade 6 once,TowerQueensGuard,no
Towers,TowerQueensGuardSpooky,"Queen's Guard, tier 1, spooky theme",32x32,16,Idle 4 loop; Attack 6 once; Upgrade 6 once,TowerQueensGuard,no
Towers,TowerQueensGuardSteampunk,"Queen's Guard, tier 1, steampunk theme",32x32,16,Idle 4 loop; Attack 6 once; Upgrade 6 once,TowerQueensGuard,no
Towers,TowerQueensGuardT2,"Queen's Guard, tier 2",32x32,16,Idle 4 loop; Attack 6 once; Upgrade 6 once,,no
Towers,TowerQueensGuardT2Autumn,"Queen's Guard, tier 2, autumn",32x32,16,Idle 4 loop; Attack 6 once; Upgrade 6 once,TowerQueensGuardT2,no
Towers,TowerQueensGuardT2Candy,"Queen's Guard, tier 2, candy theme",32x32,16,Idle 4 loop; Attack 6 once; Upgrade 6 once,TowerQueensGuardT2,no
Towers,TowerQueensGuardT2Jungle,"Queen's Guard, tier 2, jungle theme",32x32,16,Idle 4 loop; Attack 6 once; Upgrade 6 once,TowerQueensGuardT2,no
Towers,TowerQueensGuardT2Medieval,"Queen's Guard, tier 2, medieval theme",32x32,16,Idle 4 loop; Attack 6 once; Upgrade 6 once,TowerQueensGuardT2,no
Towers,TowerQueensGuardT2Military,"Commander (Queen's Guard), tier 2, military theme",32x32,16,Idle 4 loop; Attack 6 once; Upgrade 6 once,TowerQueensGuardT2,no
Towers,TowerQueensGuardT2Neon,"Queen's Guard, tier 2, neon theme",32x32,16,Idle 4 loop; Attack 6 once; Upgrade 6 once,TowerQueensGuardT2,no
Towers,TowerQueensGuardT2NeonSpace,"Queen's Guard, tier 2, neonspace theme",32x32,16,Idle 4 loop; Attack 6 once; Upgrade 6 once,TowerQueensGuardT2,no
Towers,TowerQueensGuardT2Pirate,"Queen's Guard, tier 2, pirate theme",32x32,16,Idle 4 loop; Attack 6 once; Upgrade 6 once,TowerQueensGuardT2,no
Towers,TowerQueensGuardT2Robot,"Queen's Guard, tier 2, robot theme",32x32,16,Idle 4 loop; Attack 6 once; Upgrade 6 once,TowerQueensGuardT2,no
Towers,TowerQueensGuardT2Samurai,"Queen's Guard, tier 2, samurai theme",32x32,16,Idle 4 loop; Attack 6 once; Upgrade 6 once,TowerQueensGuardT2,no
Towers,TowerQueensGuardT2Space,"Queen's Guard, tier 2, space theme",32x32,16,Idle 4 loop; Attack 6 once; Upgrade 6 once,TowerQueensGuardT2,no
Towers,TowerQueensGuardT2Spooky,"Queen's Guard, tier 2, spooky theme",32x32,16,Idle 4 loop; Attack 6 once; Upgrade 6 once,TowerQueensGuardT2,no
Towers,TowerQueensGuardT2Steampunk,"Queen's Guard, tier 2, steampunk theme",32x32,16,Idle 4 loop; Attack 6 once; Upgrade 6 once,TowerQueensGuardT2,no
Towers,TowerQueensGuardT2Vaporwave,"Queen's Guard, tier 2, vaporwave theme",32x32,16,Idle 4 loop; Attack 6 once; Upgrade 6 once,TowerQueensGuardT2,no
Towers,TowerQueensGuardT2Winter,"Queen's Guard, tier 2, winter",32x32,16,Idle 4 loop; Attack 6 once; Upgrade 6 once,TowerQueensGuardT2,no
Towers,TowerQueensGuardT3,"Queen's Guard, tier 3",32x32,16,Idle 4 loop; Attack 6 once; Upgrade 6 once,,no
Towers,TowerQueensGuardT3Autumn,"Queen's Guard, tier 3, autumn",32x32,16,Idle 4 loop; Attack 6 once; Upgrade 6 once,TowerQueensGuardT3,no
Towers,TowerQueensGuardT3Candy,"Queen's Guard, tier 3, candy theme",32x32,16,Idle 4 loop; Attack 6 once; Upgrade 6 once,TowerQueensGuardT3,no
Towers,TowerQueensGuardT3Jungle,"Queen's Guard, tier 3, jungle theme",32x32,16,Idle 4 loop; Attack 6 once; Upgrade 6 once,TowerQueensGuardT3,no
Towers,TowerQueensGuardT3Medieval,"Queen's Guard, tier 3, medieval theme",32x32,16,Idle 4 loop; Attack 6 once; Upgrade 6 once,TowerQueensGuardT3,no
Towers,TowerQueensGuardT3Military,"Commander (Queen's Guard), tier 3, military theme",32x32,16,Idle 4 loop; Attack 6 once; Upgrade 6 once,TowerQueensGuardT3,no
Towers,TowerQueensGuardT3Neon,"Queen's Guard, tier 3, neon theme",32x32,16,Idle 4 loop; Attack 6 once; Upgrade 6 once,TowerQueensGuardT3,no
Towers,TowerQueensGuardT3NeonSpace,"Queen's Guard, tier 3, neonspace theme",32x32,16,Idle 4 loop; Attack 6 once; Upgrade 6 once,TowerQueensGuardT3,no
Towers,TowerQueensGuardT3Pirate,"Queen's Guard, tier 3, pirate theme",32x32,16,Idle 4 loop; Attack 6 once; Upgrade 6 once,TowerQueensGuardT3,no
Towers,TowerQueensGuardT3Robot,"Queen's Guard, tier 3, robot theme",32x32,16,Idle 4 loop; Attack 6 once; Upgrade 6 once,TowerQueensGuardT3,no
Towers,TowerQueensGuardT3Samurai,"Queen's Guard, tier 3, samurai theme",32x32,16,Idle 4 loop; Attack 6 once; Upgrade 6 once,TowerQueensGuardT3,no
Towers,TowerQueensGuardT3Space,"Queen's Guard, tier 3, space theme",32x32,16,Idle 4 loop; Attack 6 once; Upgrade 6 once,TowerQueensGuardT3,no
Towers,TowerQueensGuardT3Spooky,"Queen's Guard, tier 3, spooky theme",32x32,16,Idle 4 loop; Attack 6 once; Upgrade 6 once,TowerQueensGuardT3,no
Towers,TowerQueensGuardT3Steampunk,"Queen's Guard, tier 3, steampunk theme",32x32,16,Idle 4 loop; Attack 6 once; Upgrade 6 once,TowerQueensGuardT3,no
Towers,TowerQueensGuardT3Vaporwave,"Queen's Guard, tier 3, vaporwave theme",32x32,16,Idle 4 loop; Attack 6 once; Upgrade 6 once,TowerQueensGuardT3,no
Towers,TowerQueensGuardT3Winter,"Queen's Guard, tier 3, winter",32x32,16,Idle 4 loop; Attack 6 once; Upgrade 6 once,TowerQueensGuardT3,no
Towers,TowerQueensGuardVaporwave,"Queen's Guard, tier 1, vaporwave theme",32x32,16,Idle 4 loop; Attack 6 once; Upgrade 6 once,TowerQueensGuard,no
Towers,TowerQueensGuardWinter,"Queen's Guard, tier 1, winter",32x32,16,Idle 4 loop; Attack 6 once; Upgrade 6 once,TowerQueensGuard,no
Towers,TowerRicochet,Slinger,32x32,16,Idle 4 loop; Attack 6 once; Upgrade 6 once,,graybox
Towers,TowerRicochetAutumn,"Slinger, tier 1, autumn",32x32,16,Idle 4 loop; Attack 6 once; Upgrade 6 once,TowerRicochet,no
Towers,TowerRicochetCandy,"Slinger, tier 1, candy theme",32x32,16,Idle 4 loop; Attack 6 once; Upgrade 6 once,TowerRicochet,no
Towers,TowerRicochetJungle,"Slinger, tier 1, jungle theme",32x32,16,Idle 4 loop; Attack 6 once; Upgrade 6 once,TowerRicochet,no
Towers,TowerRicochetMedieval,"Slinger, tier 1, medieval theme",32x32,16,Idle 4 loop; Attack 6 once; Upgrade 6 once,TowerRicochet,no
Towers,TowerRicochetMilitary,"Shotgunner (Slinger), tier 1, military theme",32x32,16,Idle 4 loop; Attack 6 once; Upgrade 6 once,TowerRicochet,no
Towers,TowerRicochetNeon,"Slinger, tier 1, neon theme",32x32,16,Idle 4 loop; Attack 6 once; Upgrade 6 once,TowerRicochet,no
Towers,TowerRicochetNeonSpace,"Slinger, tier 1, neonspace theme",32x32,16,Idle 4 loop; Attack 6 once; Upgrade 6 once,TowerRicochet,no
Towers,TowerRicochetPirate,"Slinger, tier 1, pirate theme",32x32,16,Idle 4 loop; Attack 6 once; Upgrade 6 once,TowerRicochet,no
Towers,TowerRicochetRobot,"Slinger, tier 1, robot theme",32x32,16,Idle 4 loop; Attack 6 once; Upgrade 6 once,TowerRicochet,no
Towers,TowerRicochetSamurai,"Slinger, tier 1, samurai theme",32x32,16,Idle 4 loop; Attack 6 once; Upgrade 6 once,TowerRicochet,no
Towers,TowerRicochetSpace,"Slinger, tier 1, space theme",32x32,16,Idle 4 loop; Attack 6 once; Upgrade 6 once,TowerRicochet,no
Towers,TowerRicochetSpooky,"Slinger, tier 1, spooky theme",32x32,16,Idle 4 loop; Attack 6 once; Upgrade 6 once,TowerRicochet,no
Towers,TowerRicochetSteampunk,"Slinger, tier 1, steampunk theme",32x32,16,Idle 4 loop; Attack 6 once; Upgrade 6 once,TowerRicochet,no
Towers,TowerRicochetT2,"Slinger, tier 2",32x32,16,Idle 4 loop; Attack 6 once; Upgrade 6 once,,no
Towers,TowerRicochetT2Autumn,"Slinger, tier 2, autumn",32x32,16,Idle 4 loop; Attack 6 once; Upgrade 6 once,TowerRicochetT2,no
Towers,TowerRicochetT2Candy,"Slinger, tier 2, candy theme",32x32,16,Idle 4 loop; Attack 6 once; Upgrade 6 once,TowerRicochetT2,no
Towers,TowerRicochetT2Jungle,"Slinger, tier 2, jungle theme",32x32,16,Idle 4 loop; Attack 6 once; Upgrade 6 once,TowerRicochetT2,no
Towers,TowerRicochetT2Medieval,"Slinger, tier 2, medieval theme",32x32,16,Idle 4 loop; Attack 6 once; Upgrade 6 once,TowerRicochetT2,no
Towers,TowerRicochetT2Military,"Shotgunner (Slinger), tier 2, military theme",32x32,16,Idle 4 loop; Attack 6 once; Upgrade 6 once,TowerRicochetT2,no
Towers,TowerRicochetT2Neon,"Slinger, tier 2, neon theme",32x32,16,Idle 4 loop; Attack 6 once; Upgrade 6 once,TowerRicochetT2,no
Towers,TowerRicochetT2NeonSpace,"Slinger, tier 2, neonspace theme",32x32,16,Idle 4 loop; Attack 6 once; Upgrade 6 once,TowerRicochetT2,no
Towers,TowerRicochetT2Pirate,"Slinger, tier 2, pirate theme",32x32,16,Idle 4 loop; Attack 6 once; Upgrade 6 once,TowerRicochetT2,no
Towers,TowerRicochetT2Robot,"Slinger, tier 2, robot theme",32x32,16,Idle 4 loop; Attack 6 once; Upgrade 6 once,TowerRicochetT2,no
Towers,TowerRicochetT2Samurai,"Slinger, tier 2, samurai theme",32x32,16,Idle 4 loop; Attack 6 once; Upgrade 6 once,TowerRicochetT2,no
Towers,TowerRicochetT2Space,"Slinger, tier 2, space theme",32x32,16,Idle 4 loop; Attack 6 once; Upgrade 6 once,TowerRicochetT2,no
Towers,TowerRicochetT2Spooky,"Slinger, tier 2, spooky theme",32x32,16,Idle 4 loop; Attack 6 once; Upgrade 6 once,TowerRicochetT2,no
Towers,TowerRicochetT2Steampunk,"Slinger, tier 2, steampunk theme",32x32,16,Idle 4 loop; Attack 6 once; Upgrade 6 once,TowerRicochetT2,no
Towers,TowerRicochetT2Vaporwave,"Slinger, tier 2, vaporwave theme",32x32,16,Idle 4 loop; Attack 6 once; Upgrade 6 once,TowerRicochetT2,no
Towers,TowerRicochetT2Winter,"Slinger, tier 2, winter",32x32,16,Idle 4 loop; Attack 6 once; Upgrade 6 once,TowerRicochetT2,no
Towers,TowerRicochetT3,"Slinger, tier 3",32x32,16,Idle 4 loop; Attack 6 once; Upgrade 6 once,,no
Towers,TowerRicochetT3Autumn,"Slinger, tier 3, autumn",32x32,16,Idle 4 loop; Attack 6 once; Upgrade 6 once,TowerRicochetT3,no
Towers,TowerRicochetT3Candy,"Slinger, tier 3, candy theme",32x32,16,Idle 4 loop; Attack 6 once; Upgrade 6 once,TowerRicochetT3,no
Towers,TowerRicochetT3Jungle,"Slinger, tier 3, jungle theme",32x32,16,Idle 4 loop; Attack 6 once; Upgrade 6 once,TowerRicochetT3,no
Towers,TowerRicochetT3Medieval,"Slinger, tier 3, medieval theme",32x32,16,Idle 4 loop; Attack 6 once; Upgrade 6 once,TowerRicochetT3,no
Towers,TowerRicochetT3Military,"Shotgunner (Slinger), tier 3, military theme",32x32,16,Idle 4 loop; Attack 6 once; Upgrade 6 once,TowerRicochetT3,no
Towers,TowerRicochetT3Neon,"Slinger, tier 3, neon theme",32x32,16,Idle 4 loop; Attack 6 once; Upgrade 6 once,TowerRicochetT3,no
Towers,TowerRicochetT3NeonSpace,"Slinger, tier 3, neonspace theme",32x32,16,Idle 4 loop; Attack 6 once; Upgrade 6 once,TowerRicochetT3,no
Towers,TowerRicochetT3Pirate,"Slinger, tier 3, pirate theme",32x32,16,Idle 4 loop; Attack 6 once; Upgrade 6 once,TowerRicochetT3,no
Towers,TowerRicochetT3Robot,"Slinger, tier 3, robot theme",32x32,16,Idle 4 loop; Attack 6 once; Upgrade 6 once,TowerRicochetT3,no
Towers,TowerRicochetT3Samurai,"Slinger, tier 3, samurai theme",32x32,16,Idle 4 loop; Attack 6 once; Upgrade 6 once,TowerRicochetT3,no
Towers,TowerRicochetT3Space,"Slinger, tier 3, space theme",32x32,16,Idle 4 loop; Attack 6 once; Upgrade 6 once,TowerRicochetT3,no
Towers,TowerRicochetT3Spooky,"Slinger, tier 3, spooky theme",32x32,16,Idle 4 loop; Attack 6 once; Upgrade 6 once,TowerRicochetT3,no
Towers,TowerRicochetT3Steampunk,"Slinger, tier 3, steampunk theme",32x32,16,Idle 4 loop; Attack 6 once; Upgrade 6 once,TowerRicochetT3,no
Towers,TowerRicochetT3Vaporwave,"Slinger, tier 3, vaporwave theme",32x32,16,Idle 4 loop; Attack 6 once; Upgrade 6 once,TowerRicochetT3,no
Towers,TowerRicochetT3Winter,"Slinger, tier 3, winter",32x32,16,Idle 4 loop; Attack 6 once; Upgrade 6 once,TowerRicochetT3,no
Towers,TowerRicochetVaporwave,"Slinger, tier 1, vaporwave theme",32x32,16,Idle 4 loop; Attack 6 once; Upgrade 6 once,TowerRicochet,no
Towers,TowerRicochetWinter,"Slinger, tier 1, winter",32x32,16,Idle 4 loop; Attack 6 once; Upgrade 6 once,TowerRicochet,no
Towers,TowerScout,"Scout, tier 1",32x32,16,Idle 4 loop; Attack 6 once; Upgrade 6 once,,no
Towers,TowerScoutAutumn,"Scout, tier 1, autumn",32x32,16,Idle 4 loop; Attack 6 once; Upgrade 6 once,TowerScout,no
Towers,TowerScoutCandy,"Scout, tier 1, candy theme",32x32,16,Idle 4 loop; Attack 6 once; Upgrade 6 once,TowerScout,no
Towers,TowerScoutJungle,"Scout, tier 1, jungle theme",32x32,16,Idle 4 loop; Attack 6 once; Upgrade 6 once,TowerScout,no
Towers,TowerScoutMedieval,"Scout, tier 1, medieval theme",32x32,16,Idle 4 loop; Attack 6 once; Upgrade 6 once,TowerScout,no
Towers,TowerScoutMilitary,"Scout (Scout), tier 1, military theme",32x32,16,Idle 4 loop; Attack 6 once; Upgrade 6 once,TowerScout,no
Towers,TowerScoutNeon,"Scout, tier 1, neon theme",32x32,16,Idle 4 loop; Attack 6 once; Upgrade 6 once,TowerScout,no
Towers,TowerScoutNeonSpace,"Scout, tier 1, neonspace theme",32x32,16,Idle 4 loop; Attack 6 once; Upgrade 6 once,TowerScout,no
Towers,TowerScoutPirate,"Scout, tier 1, pirate theme",32x32,16,Idle 4 loop; Attack 6 once; Upgrade 6 once,TowerScout,no
Towers,TowerScoutRobot,"Scout, tier 1, robot theme",32x32,16,Idle 4 loop; Attack 6 once; Upgrade 6 once,TowerScout,no
Towers,TowerScoutSamurai,"Scout, tier 1, samurai theme",32x32,16,Idle 4 loop; Attack 6 once; Upgrade 6 once,TowerScout,no
Towers,TowerScoutSpace,"Scout, tier 1, space theme",32x32,16,Idle 4 loop; Attack 6 once; Upgrade 6 once,TowerScout,no
Towers,TowerScoutSpooky,"Scout, tier 1, spooky theme",32x32,16,Idle 4 loop; Attack 6 once; Upgrade 6 once,TowerScout,no
Towers,TowerScoutSteampunk,"Scout, tier 1, steampunk theme",32x32,16,Idle 4 loop; Attack 6 once; Upgrade 6 once,TowerScout,no
Towers,TowerScoutT2,"Scout, tier 2",32x32,16,Idle 4 loop; Attack 6 once; Upgrade 6 once,,no
Towers,TowerScoutT2Autumn,"Scout, tier 2, autumn",32x32,16,Idle 4 loop; Attack 6 once; Upgrade 6 once,TowerScoutT2,no
Towers,TowerScoutT2Candy,"Scout, tier 2, candy theme",32x32,16,Idle 4 loop; Attack 6 once; Upgrade 6 once,TowerScoutT2,no
Towers,TowerScoutT2Jungle,"Scout, tier 2, jungle theme",32x32,16,Idle 4 loop; Attack 6 once; Upgrade 6 once,TowerScoutT2,no
Towers,TowerScoutT2Medieval,"Scout, tier 2, medieval theme",32x32,16,Idle 4 loop; Attack 6 once; Upgrade 6 once,TowerScoutT2,no
Towers,TowerScoutT2Military,"Scout (Scout), tier 2, military theme",32x32,16,Idle 4 loop; Attack 6 once; Upgrade 6 once,TowerScoutT2,no
Towers,TowerScoutT2Neon,"Scout, tier 2, neon theme",32x32,16,Idle 4 loop; Attack 6 once; Upgrade 6 once,TowerScoutT2,no
Towers,TowerScoutT2NeonSpace,"Scout, tier 2, neonspace theme",32x32,16,Idle 4 loop; Attack 6 once; Upgrade 6 once,TowerScoutT2,no
Towers,TowerScoutT2Pirate,"Scout, tier 2, pirate theme",32x32,16,Idle 4 loop; Attack 6 once; Upgrade 6 once,TowerScoutT2,no
Towers,TowerScoutT2Robot,"Scout, tier 2, robot theme",32x32,16,Idle 4 loop; Attack 6 once; Upgrade 6 once,TowerScoutT2,no
Towers,TowerScoutT2Samurai,"Scout, tier 2, samurai theme",32x32,16,Idle 4 loop; Attack 6 once; Upgrade 6 once,TowerScoutT2,no
Towers,TowerScoutT2Space,"Scout, tier 2, space theme",32x32,16,Idle 4 loop; Attack 6 once; Upgrade 6 once,TowerScoutT2,no
Towers,TowerScoutT2Spooky,"Scout, tier 2, spooky theme",32x32,16,Idle 4 loop; Attack 6 once; Upgrade 6 once,TowerScoutT2,no
Towers,TowerScoutT2Steampunk,"Scout, tier 2, steampunk theme",32x32,16,Idle 4 loop; Attack 6 once; Upgrade 6 once,TowerScoutT2,no
Towers,TowerScoutT2Vaporwave,"Scout, tier 2, vaporwave theme",32x32,16,Idle 4 loop; Attack 6 once; Upgrade 6 once,TowerScoutT2,no
Towers,TowerScoutT2Winter,"Scout, tier 2, winter",32x32,16,Idle 4 loop; Attack 6 once; Upgrade 6 once,TowerScoutT2,no
Towers,TowerScoutT3,"Scout, tier 3",32x32,16,Idle 4 loop; Attack 6 once; Upgrade 6 once,,no
Towers,TowerScoutT3Autumn,"Scout, tier 3, autumn",32x32,16,Idle 4 loop; Attack 6 once; Upgrade 6 once,TowerScoutT3,no
Towers,TowerScoutT3Candy,"Scout, tier 3, candy theme",32x32,16,Idle 4 loop; Attack 6 once; Upgrade 6 once,TowerScoutT3,no
Towers,TowerScoutT3Jungle,"Scout, tier 3, jungle theme",32x32,16,Idle 4 loop; Attack 6 once; Upgrade 6 once,TowerScoutT3,no
Towers,TowerScoutT3Medieval,"Scout, tier 3, medieval theme",32x32,16,Idle 4 loop; Attack 6 once; Upgrade 6 once,TowerScoutT3,no
Towers,TowerScoutT3Military,"Scout (Scout), tier 3, military theme",32x32,16,Idle 4 loop; Attack 6 once; Upgrade 6 once,TowerScoutT3,no
Towers,TowerScoutT3Neon,"Scout, tier 3, neon theme",32x32,16,Idle 4 loop; Attack 6 once; Upgrade 6 once,TowerScoutT3,no
Towers,TowerScoutT3NeonSpace,"Scout, tier 3, neonspace theme",32x32,16,Idle 4 loop; Attack 6 once; Upgrade 6 once,TowerScoutT3,no
Towers,TowerScoutT3Pirate,"Scout, tier 3, pirate theme",32x32,16,Idle 4 loop; Attack 6 once; Upgrade 6 once,TowerScoutT3,no
Towers,TowerScoutT3Robot,"Scout, tier 3, robot theme",32x32,16,Idle 4 loop; Attack 6 once; Upgrade 6 once,TowerScoutT3,no
Towers,TowerScoutT3Samurai,"Scout, tier 3, samurai theme",32x32,16,Idle 4 loop; Attack 6 once; Upgrade 6 once,TowerScoutT3,no
Towers,TowerScoutT3Space,"Scout, tier 3, space theme",32x32,16,Idle 4 loop; Attack 6 once; Upgrade 6 once,TowerScoutT3,no
Towers,TowerScoutT3Spooky,"Scout, tier 3, spooky theme",32x32,16,Idle 4 loop; Attack 6 once; Upgrade 6 once,TowerScoutT3,no
Towers,TowerScoutT3Steampunk,"Scout, tier 3, steampunk theme",32x32,16,Idle 4 loop; Attack 6 once; Upgrade 6 once,TowerScoutT3,no
Towers,TowerScoutT3Vaporwave,"Scout, tier 3, vaporwave theme",32x32,16,Idle 4 loop; Attack 6 once; Upgrade 6 once,TowerScoutT3,no
Towers,TowerScoutT3Winter,"Scout, tier 3, winter",32x32,16,Idle 4 loop; Attack 6 once; Upgrade 6 once,TowerScoutT3,no
Towers,TowerScoutVaporwave,"Scout, tier 1, vaporwave theme",32x32,16,Idle 4 loop; Attack 6 once; Upgrade 6 once,TowerScout,no
Towers,TowerScoutWinter,"Scout, tier 1, winter",32x32,16,Idle 4 loop; Attack 6 once; Upgrade 6 once,TowerScout,no
Towers,TowerSoldier,Soldier,32x32,16,Idle 4 loop; Attack 6 once; Upgrade 6 once,,graybox
Towers,TowerSoldierAutumn,"Soldier, tier 1, autumn",32x32,16,Idle 4 loop; Attack 6 once; Upgrade 6 once,TowerSoldier,no
Towers,TowerSoldierCandy,"Soldier, tier 1, candy theme",32x32,16,Idle 4 loop; Attack 6 once; Upgrade 6 once,TowerSoldier,no
Towers,TowerSoldierJungle,"Soldier, tier 1, jungle theme",32x32,16,Idle 4 loop; Attack 6 once; Upgrade 6 once,TowerSoldier,no
Towers,TowerSoldierMedieval,"Soldier, tier 1, medieval theme",32x32,16,Idle 4 loop; Attack 6 once; Upgrade 6 once,TowerSoldier,no
Towers,TowerSoldierMilitary,"Infantry (Soldier), tier 1, military theme",32x32,16,Idle 4 loop; Attack 6 once; Upgrade 6 once,TowerSoldier,no
Towers,TowerSoldierNeon,"Soldier, tier 1, neon theme",32x32,16,Idle 4 loop; Attack 6 once; Upgrade 6 once,TowerSoldier,no
Towers,TowerSoldierNeonSpace,"Soldier, tier 1, neonspace theme",32x32,16,Idle 4 loop; Attack 6 once; Upgrade 6 once,TowerSoldier,no
Towers,TowerSoldierPirate,"Soldier, tier 1, pirate theme",32x32,16,Idle 4 loop; Attack 6 once; Upgrade 6 once,TowerSoldier,no
Towers,TowerSoldierRobot,"Soldier, tier 1, robot theme",32x32,16,Idle 4 loop; Attack 6 once; Upgrade 6 once,TowerSoldier,no
Towers,TowerSoldierSamurai,"Soldier, tier 1, samurai theme",32x32,16,Idle 4 loop; Attack 6 once; Upgrade 6 once,TowerSoldier,no
Towers,TowerSoldierSpace,"Soldier, tier 1, space theme",32x32,16,Idle 4 loop; Attack 6 once; Upgrade 6 once,TowerSoldier,no
Towers,TowerSoldierSpooky,"Soldier, tier 1, spooky theme",32x32,16,Idle 4 loop; Attack 6 once; Upgrade 6 once,TowerSoldier,no
Towers,TowerSoldierSteampunk,"Soldier, tier 1, steampunk theme",32x32,16,Idle 4 loop; Attack 6 once; Upgrade 6 once,TowerSoldier,no
Towers,TowerSoldierT2,"Soldier, tier 2",32x32,16,Idle 4 loop; Attack 6 once; Upgrade 6 once,,no
Towers,TowerSoldierT2Autumn,"Soldier, tier 2, autumn",32x32,16,Idle 4 loop; Attack 6 once; Upgrade 6 once,TowerSoldierT2,no
Towers,TowerSoldierT2Candy,"Soldier, tier 2, candy theme",32x32,16,Idle 4 loop; Attack 6 once; Upgrade 6 once,TowerSoldierT2,no
Towers,TowerSoldierT2Jungle,"Soldier, tier 2, jungle theme",32x32,16,Idle 4 loop; Attack 6 once; Upgrade 6 once,TowerSoldierT2,no
Towers,TowerSoldierT2Medieval,"Soldier, tier 2, medieval theme",32x32,16,Idle 4 loop; Attack 6 once; Upgrade 6 once,TowerSoldierT2,no
Towers,TowerSoldierT2Military,"Infantry (Soldier), tier 2, military theme",32x32,16,Idle 4 loop; Attack 6 once; Upgrade 6 once,TowerSoldierT2,no
Towers,TowerSoldierT2Neon,"Soldier, tier 2, neon theme",32x32,16,Idle 4 loop; Attack 6 once; Upgrade 6 once,TowerSoldierT2,no
Towers,TowerSoldierT2NeonSpace,"Soldier, tier 2, neonspace theme",32x32,16,Idle 4 loop; Attack 6 once; Upgrade 6 once,TowerSoldierT2,no
Towers,TowerSoldierT2Pirate,"Soldier, tier 2, pirate theme",32x32,16,Idle 4 loop; Attack 6 once; Upgrade 6 once,TowerSoldierT2,no
Towers,TowerSoldierT2Robot,"Soldier, tier 2, robot theme",32x32,16,Idle 4 loop; Attack 6 once; Upgrade 6 once,TowerSoldierT2,no
Towers,TowerSoldierT2Samurai,"Soldier, tier 2, samurai theme",32x32,16,Idle 4 loop; Attack 6 once; Upgrade 6 once,TowerSoldierT2,no
Towers,TowerSoldierT2Space,"Soldier, tier 2, space theme",32x32,16,Idle 4 loop; Attack 6 once; Upgrade 6 once,TowerSoldierT2,no
Towers,TowerSoldierT2Spooky,"Soldier, tier 2, spooky theme",32x32,16,Idle 4 loop; Attack 6 once; Upgrade 6 once,TowerSoldierT2,no
Towers,TowerSoldierT2Steampunk,"Soldier, tier 2, steampunk theme",32x32,16,Idle 4 loop; Attack 6 once; Upgrade 6 once,TowerSoldierT2,no
Towers,TowerSoldierT2Vaporwave,"Soldier, tier 2, vaporwave theme",32x32,16,Idle 4 loop; Attack 6 once; Upgrade 6 once,TowerSoldierT2,no
Towers,TowerSoldierT2Winter,"Soldier, tier 2, winter",32x32,16,Idle 4 loop; Attack 6 once; Upgrade 6 once,TowerSoldierT2,no
Towers,TowerSoldierT3,"Soldier, tier 3",32x32,16,Idle 4 loop; Attack 6 once; Upgrade 6 once,,no
Towers,TowerSoldierT3Autumn,"Soldier, tier 3, autumn",32x32,16,Idle 4 loop; Attack 6 once; Upgrade 6 once,TowerSoldierT3,no
Towers,TowerSoldierT3Candy,"Soldier, tier 3, candy theme",32x32,16,Idle 4 loop; Attack 6 once; Upgrade 6 once,TowerSoldierT3,no
Towers,TowerSoldierT3Jungle,"Soldier, tier 3, jungle theme",32x32,16,Idle 4 loop; Attack 6 once; Upgrade 6 once,TowerSoldierT3,no
Towers,TowerSoldierT3Medieval,"Soldier, tier 3, medieval theme",32x32,16,Idle 4 loop; Attack 6 once; Upgrade 6 once,TowerSoldierT3,no
Towers,TowerSoldierT3Military,"Infantry (Soldier), tier 3, military theme",32x32,16,Idle 4 loop; Attack 6 once; Upgrade 6 once,TowerSoldierT3,no
Towers,TowerSoldierT3Neon,"Soldier, tier 3, neon theme",32x32,16,Idle 4 loop; Attack 6 once; Upgrade 6 once,TowerSoldierT3,no
Towers,TowerSoldierT3NeonSpace,"Soldier, tier 3, neonspace theme",32x32,16,Idle 4 loop; Attack 6 once; Upgrade 6 once,TowerSoldierT3,no
Towers,TowerSoldierT3Pirate,"Soldier, tier 3, pirate theme",32x32,16,Idle 4 loop; Attack 6 once; Upgrade 6 once,TowerSoldierT3,no
Towers,TowerSoldierT3Robot,"Soldier, tier 3, robot theme",32x32,16,Idle 4 loop; Attack 6 once; Upgrade 6 once,TowerSoldierT3,no
Towers,TowerSoldierT3Samurai,"Soldier, tier 3, samurai theme",32x32,16,Idle 4 loop; Attack 6 once; Upgrade 6 once,TowerSoldierT3,no
Towers,TowerSoldierT3Space,"Soldier, tier 3, space theme",32x32,16,Idle 4 loop; Attack 6 once; Upgrade 6 once,TowerSoldierT3,no
Towers,TowerSoldierT3Spooky,"Soldier, tier 3, spooky theme",32x32,16,Idle 4 loop; Attack 6 once; Upgrade 6 once,TowerSoldierT3,no
Towers,TowerSoldierT3Steampunk,"Soldier, tier 3, steampunk theme",32x32,16,Idle 4 loop; Attack 6 once; Upgrade 6 once,TowerSoldierT3,no
Towers,TowerSoldierT3Vaporwave,"Soldier, tier 3, vaporwave theme",32x32,16,Idle 4 loop; Attack 6 once; Upgrade 6 once,TowerSoldierT3,no
Towers,TowerSoldierT3Winter,"Soldier, tier 3, winter",32x32,16,Idle 4 loop; Attack 6 once; Upgrade 6 once,TowerSoldierT3,no
Towers,TowerSoldierVaporwave,"Soldier, tier 1, vaporwave theme",32x32,16,Idle 4 loop; Attack 6 once; Upgrade 6 once,TowerSoldier,no
Towers,TowerSoldierWinter,"Soldier, tier 1, winter",32x32,16,Idle 4 loop; Attack 6 once; Upgrade 6 once,TowerSoldier,no
Towers,TowerWeaver,"Weaver, tier 1",32x32,16,Idle 4 loop; Attack 6 once; Upgrade 6 once,,no
Towers,TowerWeaverAutumn,"Weaver, tier 1, autumn",32x32,16,Idle 4 loop; Attack 6 once; Upgrade 6 once,TowerWeaver,no
Towers,TowerWeaverCandy,"Weaver, tier 1, candy theme",32x32,16,Idle 4 loop; Attack 6 once; Upgrade 6 once,TowerWeaver,no
Towers,TowerWeaverJungle,"Weaver, tier 1, jungle theme",32x32,16,Idle 4 loop; Attack 6 once; Upgrade 6 once,TowerWeaver,no
Towers,TowerWeaverMedieval,"Weaver, tier 1, medieval theme",32x32,16,Idle 4 loop; Attack 6 once; Upgrade 6 once,TowerWeaver,no
Towers,TowerWeaverMilitary,"Net gunner (Weaver), tier 1, military theme",32x32,16,Idle 4 loop; Attack 6 once; Upgrade 6 once,TowerWeaver,no
Towers,TowerWeaverNeon,"Weaver, tier 1, neon theme",32x32,16,Idle 4 loop; Attack 6 once; Upgrade 6 once,TowerWeaver,no
Towers,TowerWeaverNeonSpace,"Weaver, tier 1, neonspace theme",32x32,16,Idle 4 loop; Attack 6 once; Upgrade 6 once,TowerWeaver,no
Towers,TowerWeaverPirate,"Weaver, tier 1, pirate theme",32x32,16,Idle 4 loop; Attack 6 once; Upgrade 6 once,TowerWeaver,no
Towers,TowerWeaverRobot,"Weaver, tier 1, robot theme",32x32,16,Idle 4 loop; Attack 6 once; Upgrade 6 once,TowerWeaver,no
Towers,TowerWeaverSamurai,"Weaver, tier 1, samurai theme",32x32,16,Idle 4 loop; Attack 6 once; Upgrade 6 once,TowerWeaver,no
Towers,TowerWeaverSpace,"Weaver, tier 1, space theme",32x32,16,Idle 4 loop; Attack 6 once; Upgrade 6 once,TowerWeaver,no
Towers,TowerWeaverSpooky,"Weaver, tier 1, spooky theme",32x32,16,Idle 4 loop; Attack 6 once; Upgrade 6 once,TowerWeaver,no
Towers,TowerWeaverSteampunk,"Weaver, tier 1, steampunk theme",32x32,16,Idle 4 loop; Attack 6 once; Upgrade 6 once,TowerWeaver,no
Towers,TowerWeaverT2,"Weaver, tier 2",32x32,16,Idle 4 loop; Attack 6 once; Upgrade 6 once,,no
Towers,TowerWeaverT2Autumn,"Weaver, tier 2, autumn",32x32,16,Idle 4 loop; Attack 6 once; Upgrade 6 once,TowerWeaverT2,no
Towers,TowerWeaverT2Candy,"Weaver, tier 2, candy theme",32x32,16,Idle 4 loop; Attack 6 once; Upgrade 6 once,TowerWeaverT2,no
Towers,TowerWeaverT2Jungle,"Weaver, tier 2, jungle theme",32x32,16,Idle 4 loop; Attack 6 once; Upgrade 6 once,TowerWeaverT2,no
Towers,TowerWeaverT2Medieval,"Weaver, tier 2, medieval theme",32x32,16,Idle 4 loop; Attack 6 once; Upgrade 6 once,TowerWeaverT2,no
Towers,TowerWeaverT2Military,"Net gunner (Weaver), tier 2, military theme",32x32,16,Idle 4 loop; Attack 6 once; Upgrade 6 once,TowerWeaverT2,no
Towers,TowerWeaverT2Neon,"Weaver, tier 2, neon theme",32x32,16,Idle 4 loop; Attack 6 once; Upgrade 6 once,TowerWeaverT2,no
Towers,TowerWeaverT2NeonSpace,"Weaver, tier 2, neonspace theme",32x32,16,Idle 4 loop; Attack 6 once; Upgrade 6 once,TowerWeaverT2,no
Towers,TowerWeaverT2Pirate,"Weaver, tier 2, pirate theme",32x32,16,Idle 4 loop; Attack 6 once; Upgrade 6 once,TowerWeaverT2,no
Towers,TowerWeaverT2Robot,"Weaver, tier 2, robot theme",32x32,16,Idle 4 loop; Attack 6 once; Upgrade 6 once,TowerWeaverT2,no
Towers,TowerWeaverT2Samurai,"Weaver, tier 2, samurai theme",32x32,16,Idle 4 loop; Attack 6 once; Upgrade 6 once,TowerWeaverT2,no
Towers,TowerWeaverT2Space,"Weaver, tier 2, space theme",32x32,16,Idle 4 loop; Attack 6 once; Upgrade 6 once,TowerWeaverT2,no
Towers,TowerWeaverT2Spooky,"Weaver, tier 2, spooky theme",32x32,16,Idle 4 loop; Attack 6 once; Upgrade 6 once,TowerWeaverT2,no
Towers,TowerWeaverT2Steampunk,"Weaver, tier 2, steampunk theme",32x32,16,Idle 4 loop; Attack 6 once; Upgrade 6 once,TowerWeaverT2,no
Towers,TowerWeaverT2Vaporwave,"Weaver, tier 2, vaporwave theme",32x32,16,Idle 4 loop; Attack 6 once; Upgrade 6 once,TowerWeaverT2,no
Towers,TowerWeaverT2Winter,"Weaver, tier 2, winter",32x32,16,Idle 4 loop; Attack 6 once; Upgrade 6 once,TowerWeaverT2,no
Towers,TowerWeaverT3,"Weaver, tier 3",32x32,16,Idle 4 loop; Attack 6 once; Upgrade 6 once,,no
Towers,TowerWeaverT3Autumn,"Weaver, tier 3, autumn",32x32,16,Idle 4 loop; Attack 6 once; Upgrade 6 once,TowerWeaverT3,no
Towers,TowerWeaverT3Candy,"Weaver, tier 3, candy theme",32x32,16,Idle 4 loop; Attack 6 once; Upgrade 6 once,TowerWeaverT3,no
Towers,TowerWeaverT3Jungle,"Weaver, tier 3, jungle theme",32x32,16,Idle 4 loop; Attack 6 once; Upgrade 6 once,TowerWeaverT3,no
Towers,TowerWeaverT3Medieval,"Weaver, tier 3, medieval theme",32x32,16,Idle 4 loop; Attack 6 once; Upgrade 6 once,TowerWeaverT3,no
Towers,TowerWeaverT3Military,"Net gunner (Weaver), tier 3, military theme",32x32,16,Idle 4 loop; Attack 6 once; Upgrade 6 once,TowerWeaverT3,no
Towers,TowerWeaverT3Neon,"Weaver, tier 3, neon theme",32x32,16,Idle 4 loop; Attack 6 once; Upgrade 6 once,TowerWeaverT3,no
Towers,TowerWeaverT3NeonSpace,"Weaver, tier 3, neonspace theme",32x32,16,Idle 4 loop; Attack 6 once; Upgrade 6 once,TowerWeaverT3,no
Towers,TowerWeaverT3Pirate,"Weaver, tier 3, pirate theme",32x32,16,Idle 4 loop; Attack 6 once; Upgrade 6 once,TowerWeaverT3,no
Towers,TowerWeaverT3Robot,"Weaver, tier 3, robot theme",32x32,16,Idle 4 loop; Attack 6 once; Upgrade 6 once,TowerWeaverT3,no
Towers,TowerWeaverT3Samurai,"Weaver, tier 3, samurai theme",32x32,16,Idle 4 loop; Attack 6 once; Upgrade 6 once,TowerWeaverT3,no
Towers,TowerWeaverT3Space,"Weaver, tier 3, space theme",32x32,16,Idle 4 loop; Attack 6 once; Upgrade 6 once,TowerWeaverT3,no
Towers,TowerWeaverT3Spooky,"Weaver, tier 3, spooky theme",32x32,16,Idle 4 loop; Attack 6 once; Upgrade 6 once,TowerWeaverT3,no
Towers,TowerWeaverT3Steampunk,"Weaver, tier 3, steampunk theme",32x32,16,Idle 4 loop; Attack 6 once; Upgrade 6 once,TowerWeaverT3,no
Towers,TowerWeaverT3Vaporwave,"Weaver, tier 3, vaporwave theme",32x32,16,Idle 4 loop; Attack 6 once; Upgrade 6 once,TowerWeaverT3,no
Towers,TowerWeaverT3Winter,"Weaver, tier 3, winter",32x32,16,Idle 4 loop; Attack 6 once; Upgrade 6 once,TowerWeaverT3,no
Towers,TowerWeaverVaporwave,"Weaver, tier 1, vaporwave theme",32x32,16,Idle 4 loop; Attack 6 once; Upgrade 6 once,TowerWeaver,no
Towers,TowerWeaverWinter,"Weaver, tier 1, winter",32x32,16,Idle 4 loop; Attack 6 once; Upgrade 6 once,TowerWeaver,no
Towers,TowerWorker,Worker,32x32,16,Idle 4 loop; Attack 6 once; Upgrade 6 once,,graybox
Towers,TowerWorkerAutumn,"Worker, tier 1, autumn",32x32,16,Idle 4 loop; Attack 6 once; Upgrade 6 once,TowerWorker,no
Towers,TowerWorkerCandy,"Worker, tier 1, candy theme",32x32,16,Idle 4 loop; Attack 6 once; Upgrade 6 once,TowerWorker,no
Towers,TowerWorkerJungle,"Worker, tier 1, jungle theme",32x32,16,Idle 4 loop; Attack 6 once; Upgrade 6 once,TowerWorker,no
Towers,TowerWorkerMedieval,"Worker, tier 1, medieval theme",32x32,16,Idle 4 loop; Attack 6 once; Upgrade 6 once,TowerWorker,no
Towers,TowerWorkerMilitary,"Engineer (Worker), tier 1, military theme",32x32,16,Idle 4 loop; Attack 6 once; Upgrade 6 once,TowerWorker,no
Towers,TowerWorkerNeon,"Worker, tier 1, neon theme",32x32,16,Idle 4 loop; Attack 6 once; Upgrade 6 once,TowerWorker,no
Towers,TowerWorkerNeonSpace,"Worker, tier 1, neonspace theme",32x32,16,Idle 4 loop; Attack 6 once; Upgrade 6 once,TowerWorker,no
Towers,TowerWorkerPirate,"Worker, tier 1, pirate theme",32x32,16,Idle 4 loop; Attack 6 once; Upgrade 6 once,TowerWorker,no
Towers,TowerWorkerRobot,"Worker, tier 1, robot theme",32x32,16,Idle 4 loop; Attack 6 once; Upgrade 6 once,TowerWorker,no
Towers,TowerWorkerSamurai,"Worker, tier 1, samurai theme",32x32,16,Idle 4 loop; Attack 6 once; Upgrade 6 once,TowerWorker,no
Towers,TowerWorkerSpace,"Worker, tier 1, space theme",32x32,16,Idle 4 loop; Attack 6 once; Upgrade 6 once,TowerWorker,no
Towers,TowerWorkerSpooky,"Worker, tier 1, spooky theme",32x32,16,Idle 4 loop; Attack 6 once; Upgrade 6 once,TowerWorker,no
Towers,TowerWorkerSteampunk,"Worker, tier 1, steampunk theme",32x32,16,Idle 4 loop; Attack 6 once; Upgrade 6 once,TowerWorker,no
Towers,TowerWorkerT2,"Worker, tier 2",32x32,16,Idle 4 loop; Attack 6 once; Upgrade 6 once,,no
Towers,TowerWorkerT2Autumn,"Worker, tier 2, autumn",32x32,16,Idle 4 loop; Attack 6 once; Upgrade 6 once,TowerWorkerT2,no
Towers,TowerWorkerT2Candy,"Worker, tier 2, candy theme",32x32,16,Idle 4 loop; Attack 6 once; Upgrade 6 once,TowerWorkerT2,no
Towers,TowerWorkerT2Jungle,"Worker, tier 2, jungle theme",32x32,16,Idle 4 loop; Attack 6 once; Upgrade 6 once,TowerWorkerT2,no
Towers,TowerWorkerT2Medieval,"Worker, tier 2, medieval theme",32x32,16,Idle 4 loop; Attack 6 once; Upgrade 6 once,TowerWorkerT2,no
Towers,TowerWorkerT2Military,"Engineer (Worker), tier 2, military theme",32x32,16,Idle 4 loop; Attack 6 once; Upgrade 6 once,TowerWorkerT2,no
Towers,TowerWorkerT2Neon,"Worker, tier 2, neon theme",32x32,16,Idle 4 loop; Attack 6 once; Upgrade 6 once,TowerWorkerT2,no
Towers,TowerWorkerT2NeonSpace,"Worker, tier 2, neonspace theme",32x32,16,Idle 4 loop; Attack 6 once; Upgrade 6 once,TowerWorkerT2,no
Towers,TowerWorkerT2Pirate,"Worker, tier 2, pirate theme",32x32,16,Idle 4 loop; Attack 6 once; Upgrade 6 once,TowerWorkerT2,no
Towers,TowerWorkerT2Robot,"Worker, tier 2, robot theme",32x32,16,Idle 4 loop; Attack 6 once; Upgrade 6 once,TowerWorkerT2,no
Towers,TowerWorkerT2Samurai,"Worker, tier 2, samurai theme",32x32,16,Idle 4 loop; Attack 6 once; Upgrade 6 once,TowerWorkerT2,no
Towers,TowerWorkerT2Space,"Worker, tier 2, space theme",32x32,16,Idle 4 loop; Attack 6 once; Upgrade 6 once,TowerWorkerT2,no
Towers,TowerWorkerT2Spooky,"Worker, tier 2, spooky theme",32x32,16,Idle 4 loop; Attack 6 once; Upgrade 6 once,TowerWorkerT2,no
Towers,TowerWorkerT2Steampunk,"Worker, tier 2, steampunk theme",32x32,16,Idle 4 loop; Attack 6 once; Upgrade 6 once,TowerWorkerT2,no
Towers,TowerWorkerT2Vaporwave,"Worker, tier 2, vaporwave theme",32x32,16,Idle 4 loop; Attack 6 once; Upgrade 6 once,TowerWorkerT2,no
Towers,TowerWorkerT2Winter,"Worker, tier 2, winter",32x32,16,Idle 4 loop; Attack 6 once; Upgrade 6 once,TowerWorkerT2,no
Towers,TowerWorkerT3,"Worker, tier 3",32x32,16,Idle 4 loop; Attack 6 once; Upgrade 6 once,,no
Towers,TowerWorkerT3Autumn,"Worker, tier 3, autumn",32x32,16,Idle 4 loop; Attack 6 once; Upgrade 6 once,TowerWorkerT3,no
Towers,TowerWorkerT3Candy,"Worker, tier 3, candy theme",32x32,16,Idle 4 loop; Attack 6 once; Upgrade 6 once,TowerWorkerT3,no
Towers,TowerWorkerT3Jungle,"Worker, tier 3, jungle theme",32x32,16,Idle 4 loop; Attack 6 once; Upgrade 6 once,TowerWorkerT3,no
Towers,TowerWorkerT3Medieval,"Worker, tier 3, medieval theme",32x32,16,Idle 4 loop; Attack 6 once; Upgrade 6 once,TowerWorkerT3,no
Towers,TowerWorkerT3Military,"Engineer (Worker), tier 3, military theme",32x32,16,Idle 4 loop; Attack 6 once; Upgrade 6 once,TowerWorkerT3,no
Towers,TowerWorkerT3Neon,"Worker, tier 3, neon theme",32x32,16,Idle 4 loop; Attack 6 once; Upgrade 6 once,TowerWorkerT3,no
Towers,TowerWorkerT3NeonSpace,"Worker, tier 3, neonspace theme",32x32,16,Idle 4 loop; Attack 6 once; Upgrade 6 once,TowerWorkerT3,no
Towers,TowerWorkerT3Pirate,"Worker, tier 3, pirate theme",32x32,16,Idle 4 loop; Attack 6 once; Upgrade 6 once,TowerWorkerT3,no
Towers,TowerWorkerT3Robot,"Worker, tier 3, robot theme",32x32,16,Idle 4 loop; Attack 6 once; Upgrade 6 once,TowerWorkerT3,no
Towers,TowerWorkerT3Samurai,"Worker, tier 3, samurai theme",32x32,16,Idle 4 loop; Attack 6 once; Upgrade 6 once,TowerWorkerT3,no
Towers,TowerWorkerT3Space,"Worker, tier 3, space theme",32x32,16,Idle 4 loop; Attack 6 once; Upgrade 6 once,TowerWorkerT3,no
Towers,TowerWorkerT3Spooky,"Worker, tier 3, spooky theme",32x32,16,Idle 4 loop; Attack 6 once; Upgrade 6 once,TowerWorkerT3,no
Towers,TowerWorkerT3Steampunk,"Worker, tier 3, steampunk theme",32x32,16,Idle 4 loop; Attack 6 once; Upgrade 6 once,TowerWorkerT3,no
Towers,TowerWorkerT3Vaporwave,"Worker, tier 3, vaporwave theme",32x32,16,Idle 4 loop; Attack 6 once; Upgrade 6 once,TowerWorkerT3,no
Towers,TowerWorkerT3Winter,"Worker, tier 3, winter",32x32,16,Idle 4 loop; Attack 6 once; Upgrade 6 once,TowerWorkerT3,no
Towers,TowerWorkerVaporwave,"Worker, tier 1, vaporwave theme",32x32,16,Idle 4 loop; Attack 6 once; Upgrade 6 once,TowerWorker,no
Towers,TowerWorkerWinter,"Worker, tier 1, winter",32x32,16,Idle 4 loop; Attack 6 once; Upgrade 6 once,TowerWorker,no
Ui,UiButton,Button (no lettering),48x16,10,Normal 1 loop; Hover 5 loop; Press 3 once; Disabled 1 loop,,no
Ui,UiButtonCandy,"Button (no lettering), candy theme",48x16,10,Normal 1 loop; Hover 5 loop; Press 3 once; Disabled 1 loop,UiButton,no
Ui,UiButtonJungle,"Button (no lettering), jungle theme",48x16,10,Normal 1 loop; Hover 5 loop; Press 3 once; Disabled 1 loop,UiButton,no
Ui,UiButtonMedieval,"Button (no lettering), medieval theme",48x16,10,Normal 1 loop; Hover 5 loop; Press 3 once; Disabled 1 loop,UiButton,no
Ui,UiButtonMilitary,"Button (no lettering), military theme",48x16,10,Normal 1 loop; Hover 5 loop; Press 3 once; Disabled 1 loop,UiButton,no
Ui,UiButtonNeon,"Button (no lettering), neon theme",48x16,10,Normal 1 loop; Hover 5 loop; Press 3 once; Disabled 1 loop,UiButton,no
Ui,UiButtonNeonSpace,"Button (no lettering), neonspace theme",48x16,10,Normal 1 loop; Hover 5 loop; Press 3 once; Disabled 1 loop,UiButton,no
Ui,UiButtonPirate,"Button (no lettering), pirate theme",48x16,10,Normal 1 loop; Hover 5 loop; Press 3 once; Disabled 1 loop,UiButton,no
Ui,UiButtonRobot,"Button (no lettering), robot theme",48x16,10,Normal 1 loop; Hover 5 loop; Press 3 once; Disabled 1 loop,UiButton,no
Ui,UiButtonSamurai,"Button (no lettering), samurai theme",48x16,10,Normal 1 loop; Hover 5 loop; Press 3 once; Disabled 1 loop,UiButton,no
Ui,UiButtonSpace,"Button (no lettering), space theme",48x16,10,Normal 1 loop; Hover 5 loop; Press 3 once; Disabled 1 loop,UiButton,no
Ui,UiButtonSpooky,"Button (no lettering), spooky theme",48x16,10,Normal 1 loop; Hover 5 loop; Press 3 once; Disabled 1 loop,UiButton,no
Ui,UiButtonSteampunk,"Button (no lettering), steampunk theme",48x16,10,Normal 1 loop; Hover 5 loop; Press 3 once; Disabled 1 loop,UiButton,no
Ui,UiButtonVaporwave,"Button (no lettering), vaporwave theme",48x16,10,Normal 1 loop; Hover 5 loop; Press 3 once; Disabled 1 loop,UiButton,no
Ui,UiCursor,Mouse cursors; the hot spot is the top-left pixel,16x16,15,Point 2 loop; Click 3 once; Build 4 loop; Sell 4 loop; Deny 2 loop,,no
Ui,UiCursorCandy,"Mouse cursors; the hot spot is the top-left pixel, candy theme",16x16,15,Point 2 loop; Click 3 once; Build 4 loop; Sell 4 loop; Deny 2 loop,UiCursor,no
Ui,UiCursorJungle,"Mouse cursors; the hot spot is the top-left pixel, jungle theme",16x16,15,Point 2 loop; Click 3 once; Build 4 loop; Sell 4 loop; Deny 2 loop,UiCursor,no
Ui,UiCursorMedieval,"Mouse cursors; the hot spot is the top-left pixel, medieval theme",16x16,15,Point 2 loop; Click 3 once; Build 4 loop; Sell 4 loop; Deny 2 loop,UiCursor,no
Ui,UiCursorMilitary,"Mouse cursors; the hot spot is the top-left pixel, military theme",16x16,15,Point 2 loop; Click 3 once; Build 4 loop; Sell 4 loop; Deny 2 loop,UiCursor,no
Ui,UiCursorNeon,"Mouse cursors; the hot spot is the top-left pixel, neon theme",16x16,15,Point 2 loop; Click 3 once; Build 4 loop; Sell 4 loop; Deny 2 loop,UiCursor,no
Ui,UiCursorNeonSpace,"Mouse cursors; the hot spot is the top-left pixel, neonspace theme",16x16,15,Point 2 loop; Click 3 once; Build 4 loop; Sell 4 loop; Deny 2 loop,UiCursor,no
Ui,UiCursorPirate,"Mouse cursors; the hot spot is the top-left pixel, pirate theme",16x16,15,Point 2 loop; Click 3 once; Build 4 loop; Sell 4 loop; Deny 2 loop,UiCursor,no
Ui,UiCursorRobot,"Mouse cursors; the hot spot is the top-left pixel, robot theme",16x16,15,Point 2 loop; Click 3 once; Build 4 loop; Sell 4 loop; Deny 2 loop,UiCursor,no
Ui,UiCursorSamurai,"Mouse cursors; the hot spot is the top-left pixel, samurai theme",16x16,15,Point 2 loop; Click 3 once; Build 4 loop; Sell 4 loop; Deny 2 loop,UiCursor,no
Ui,UiCursorSpace,"Mouse cursors; the hot spot is the top-left pixel, space theme",16x16,15,Point 2 loop; Click 3 once; Build 4 loop; Sell 4 loop; Deny 2 loop,UiCursor,no
Ui,UiCursorSpooky,"Mouse cursors; the hot spot is the top-left pixel, spooky theme",16x16,15,Point 2 loop; Click 3 once; Build 4 loop; Sell 4 loop; Deny 2 loop,UiCursor,no
Ui,UiCursorSteampunk,"Mouse cursors; the hot spot is the top-left pixel, steampunk theme",16x16,15,Point 2 loop; Click 3 once; Build 4 loop; Sell 4 loop; Deny 2 loop,UiCursor,no
Ui,UiCursorVaporwave,"Mouse cursors; the hot spot is the top-left pixel, vaporwave theme",16x16,15,Point 2 loop; Click 3 once; Build 4 loop; Sell 4 loop; Deny 2 loop,UiCursor,no
Ui,UiDefeat,End-of-run scene: the hill has fallen,96x64,10,Intro 6 once; Loop 4 loop,,no
Ui,UiDefeatCandy,"End-of-run scene: the hill has fallen, candy theme",96x64,10,Intro 6 once; Loop 4 loop,UiDefeat,no
Ui,UiDefeatJungle,"End-of-run scene: the hill has fallen, jungle theme",96x64,10,Intro 6 once; Loop 4 loop,UiDefeat,no
Ui,UiDefeatMedieval,"End-of-run scene: the hill has fallen, medieval theme",96x64,10,Intro 6 once; Loop 4 loop,UiDefeat,no
Ui,UiDefeatMilitary,"End-of-run scene: the hill has fallen, military theme",96x64,10,Intro 6 once; Loop 4 loop,UiDefeat,no
Ui,UiDefeatNeon,"End-of-run scene: the hill has fallen, neon theme",96x64,10,Intro 6 once; Loop 4 loop,UiDefeat,no
Ui,UiDefeatNeonSpace,"End-of-run scene: the hill has fallen, neonspace theme",96x64,10,Intro 6 once; Loop 4 loop,UiDefeat,no
Ui,UiDefeatPirate,"End-of-run scene: the hill has fallen, pirate theme",96x64,10,Intro 6 once; Loop 4 loop,UiDefeat,no
Ui,UiDefeatRobot,"End-of-run scene: the hill has fallen, robot theme",96x64,10,Intro 6 once; Loop 4 loop,UiDefeat,no
Ui,UiDefeatSamurai,"End-of-run scene: the hill has fallen, samurai theme",96x64,10,Intro 6 once; Loop 4 loop,UiDefeat,no
Ui,UiDefeatSpace,"End-of-run scene: the hill has fallen, space theme",96x64,10,Intro 6 once; Loop 4 loop,UiDefeat,no
Ui,UiDefeatSpooky,"End-of-run scene: the hill has fallen, spooky theme",96x64,10,Intro 6 once; Loop 4 loop,UiDefeat,no
Ui,UiDefeatSteampunk,"End-of-run scene: the hill has fallen, steampunk theme",96x64,10,Intro 6 once; Loop 4 loop,UiDefeat,no
Ui,UiDefeatVaporwave,"End-of-run scene: the hill has fallen, vaporwave theme",96x64,10,Intro 6 once; Loop 4 loop,UiDefeat,no
Ui,UiFoodCounter,Food counter,40x16,18,Idle 4 loop; Gain 5 once; Spend 4 once; Cant 5 once,,no
Ui,UiFoodCounterCandy,"Food counter, candy theme",40x16,18,Idle 4 loop; Gain 5 once; Spend 4 once; Cant 5 once,UiFoodCounter,no
Ui,UiFoodCounterJungle,"Food counter, jungle theme",40x16,18,Idle 4 loop; Gain 5 once; Spend 4 once; Cant 5 once,UiFoodCounter,no
Ui,UiFoodCounterMedieval,"Food counter, medieval theme",40x16,18,Idle 4 loop; Gain 5 once; Spend 4 once; Cant 5 once,UiFoodCounter,no
Ui,UiFoodCounterMilitary,"Food counter, military theme",40x16,18,Idle 4 loop; Gain 5 once; Spend 4 once; Cant 5 once,UiFoodCounter,no
Ui,UiFoodCounterNeon,"Food counter, neon theme",40x16,18,Idle 4 loop; Gain 5 once; Spend 4 once; Cant 5 once,UiFoodCounter,no
Ui,UiFoodCounterNeonSpace,"Food counter, neonspace theme",40x16,18,Idle 4 loop; Gain 5 once; Spend 4 once; Cant 5 once,UiFoodCounter,no
Ui,UiFoodCounterPirate,"Food counter, pirate theme",40x16,18,Idle 4 loop; Gain 5 once; Spend 4 once; Cant 5 once,UiFoodCounter,no
Ui,UiFoodCounterRobot,"Food counter, robot theme",40x16,18,Idle 4 loop; Gain 5 once; Spend 4 once; Cant 5 once,UiFoodCounter,no
Ui,UiFoodCounterSamurai,"Food counter, samurai theme",40x16,18,Idle 4 loop; Gain 5 once; Spend 4 once; Cant 5 once,UiFoodCounter,no
Ui,UiFoodCounterSpace,"Food counter, space theme",40x16,18,Idle 4 loop; Gain 5 once; Spend 4 once; Cant 5 once,UiFoodCounter,no
Ui,UiFoodCounterSpooky,"Food counter, spooky theme",40x16,18,Idle 4 loop; Gain 5 once; Spend 4 once; Cant 5 once,UiFoodCounter,no
Ui,UiFoodCounterSteampunk,"Food counter, steampunk theme",40x16,18,Idle 4 loop; Gain 5 once; Spend 4 once; Cant 5 once,UiFoodCounter,no
Ui,UiFoodCounterVaporwave,"Food counter, vaporwave theme",40x16,18,Idle 4 loop; Gain 5 once; Spend 4 once; Cant 5 once,UiFoodCounter,no
Ui,UiHealthBar,Hill health bar,80x16,19,Idle 4 loop; Damage 5 once; Heal 6 once; Low 4 loop,,no
Ui,UiHealthBarCandy,"Hill health bar, candy theme",80x16,19,Idle 4 loop; Damage 5 once; Heal 6 once; Low 4 loop,UiHealthBar,no
Ui,UiHealthBarJungle,"Hill health bar, jungle theme",80x16,19,Idle 4 loop; Damage 5 once; Heal 6 once; Low 4 loop,UiHealthBar,no
Ui,UiHealthBarMedieval,"Hill health bar, medieval theme",80x16,19,Idle 4 loop; Damage 5 once; Heal 6 once; Low 4 loop,UiHealthBar,no
Ui,UiHealthBarMilitary,"Hill health bar, military theme",80x16,19,Idle 4 loop; Damage 5 once; Heal 6 once; Low 4 loop,UiHealthBar,no
Ui,UiHealthBarNeon,"Hill health bar, neon theme",80x16,19,Idle 4 loop; Damage 5 once; Heal 6 once; Low 4 loop,UiHealthBar,no
Ui,UiHealthBarNeonSpace,"Hill health bar, neonspace theme",80x16,19,Idle 4 loop; Damage 5 once; Heal 6 once; Low 4 loop,UiHealthBar,no
Ui,UiHealthBarPirate,"Hill health bar, pirate theme",80x16,19,Idle 4 loop; Damage 5 once; Heal 6 once; Low 4 loop,UiHealthBar,no
Ui,UiHealthBarRobot,"Hill health bar, robot theme",80x16,19,Idle 4 loop; Damage 5 once; Heal 6 once; Low 4 loop,UiHealthBar,no
Ui,UiHealthBarSamurai,"Hill health bar, samurai theme",80x16,19,Idle 4 loop; Damage 5 once; Heal 6 once; Low 4 loop,UiHealthBar,no
Ui,UiHealthBarSpace,"Hill health bar, space theme",80x16,19,Idle 4 loop; Damage 5 once; Heal 6 once; Low 4 loop,UiHealthBar,no
Ui,UiHealthBarSpooky,"Hill health bar, spooky theme",80x16,19,Idle 4 loop; Damage 5 once; Heal 6 once; Low 4 loop,UiHealthBar,no
Ui,UiHealthBarSteampunk,"Hill health bar, steampunk theme",80x16,19,Idle 4 loop; Damage 5 once; Heal 6 once; Low 4 loop,UiHealthBar,no
Ui,UiHealthBarVaporwave,"Hill health bar, vaporwave theme",80x16,19,Idle 4 loop; Damage 5 once; Heal 6 once; Low 4 loop,UiHealthBar,no
Ui,UiPlaceMarker,The tile under the cursor,32x32,17,Valid 4 loop; Invalid 4 loop; Select 4 loop; Placed 5 once,,no
Ui,UiPlaceMarkerCandy,"The tile under the cursor, candy theme",32x32,17,Valid 4 loop; Invalid 4 loop; Select 4 loop; Placed 5 once,UiPlaceMarker,no
Ui,UiPlaceMarkerJungle,"The tile under the cursor, jungle theme",32x32,17,Valid 4 loop; Invalid 4 loop; Select 4 loop; Placed 5 once,UiPlaceMarker,no
Ui,UiPlaceMarkerMedieval,"The tile under the cursor, medieval theme",32x32,17,Valid 4 loop; Invalid 4 loop; Select 4 loop; Placed 5 once,UiPlaceMarker,no
Ui,UiPlaceMarkerMilitary,"The tile under the cursor, military theme",32x32,17,Valid 4 loop; Invalid 4 loop; Select 4 loop; Placed 5 once,UiPlaceMarker,no
Ui,UiPlaceMarkerNeon,"The tile under the cursor, neon theme",32x32,17,Valid 4 loop; Invalid 4 loop; Select 4 loop; Placed 5 once,UiPlaceMarker,no
Ui,UiPlaceMarkerNeonSpace,"The tile under the cursor, neonspace theme",32x32,17,Valid 4 loop; Invalid 4 loop; Select 4 loop; Placed 5 once,UiPlaceMarker,no
Ui,UiPlaceMarkerPirate,"The tile under the cursor, pirate theme",32x32,17,Valid 4 loop; Invalid 4 loop; Select 4 loop; Placed 5 once,UiPlaceMarker,no
Ui,UiPlaceMarkerRobot,"The tile under the cursor, robot theme",32x32,17,Valid 4 loop; Invalid 4 loop; Select 4 loop; Placed 5 once,UiPlaceMarker,no
Ui,UiPlaceMarkerSamurai,"The tile under the cursor, samurai theme",32x32,17,Valid 4 loop; Invalid 4 loop; Select 4 loop; Placed 5 once,UiPlaceMarker,no
Ui,UiPlaceMarkerSpace,"The tile under the cursor, space theme",32x32,17,Valid 4 loop; Invalid 4 loop; Select 4 loop; Placed 5 once,UiPlaceMarker,no
Ui,UiPlaceMarkerSpooky,"The tile under the cursor, spooky theme",32x32,17,Valid 4 loop; Invalid 4 loop; Select 4 loop; Placed 5 once,UiPlaceMarker,no
Ui,UiPlaceMarkerSteampunk,"The tile under the cursor, steampunk theme",32x32,17,Valid 4 loop; Invalid 4 loop; Select 4 loop; Placed 5 once,UiPlaceMarker,no
Ui,UiPlaceMarkerVaporwave,"The tile under the cursor, vaporwave theme",32x32,17,Valid 4 loop; Invalid 4 loop; Select 4 loop; Placed 5 once,UiPlaceMarker,no
Ui,UiPortrait,"Character portraits, one tag each",48x48,80,Queen 4 loop; Spitter 4 loop; Seeker 4 loop; Bombardier 4 loop; Slinger 4 loop; StormAnt 4 loop; DewdropLens 4 loop; SwarmNest 4 loop; FrostAnt 4 loop; Kicker 4 loop; Sapper 4 loop; Worker 4 loop; Soldier 4 loop; Major 4 loop; Nurse 4 loop; Honeypot 4 loop; Weaver 4 loop; Scout 4 loop; QueensGuard 4 loop; FungusFarmer 4 loop,,no
Ui,UiSkillNode,Skill tree node,24x24,15,Locked 1 loop; Available 4 loop; Unlock 6 once; Owned 4 loop,,no
Ui,UiSkillNodeCandy,"Skill tree node, candy theme",24x24,15,Locked 1 loop; Available 4 loop; Unlock 6 once; Owned 4 loop,UiSkillNode,no
Ui,UiSkillNodeJungle,"Skill tree node, jungle theme",24x24,15,Locked 1 loop; Available 4 loop; Unlock 6 once; Owned 4 loop,UiSkillNode,no
Ui,UiSkillNodeMedieval,"Skill tree node, medieval theme",24x24,15,Locked 1 loop; Available 4 loop; Unlock 6 once; Owned 4 loop,UiSkillNode,no
Ui,UiSkillNodeMilitary,"Skill tree node, military theme",24x24,15,Locked 1 loop; Available 4 loop; Unlock 6 once; Owned 4 loop,UiSkillNode,no
Ui,UiSkillNodeNeon,"Skill tree node, neon theme",24x24,15,Locked 1 loop; Available 4 loop; Unlock 6 once; Owned 4 loop,UiSkillNode,no
Ui,UiSkillNodeNeonSpace,"Skill tree node, neonspace theme",24x24,15,Locked 1 loop; Available 4 loop; Unlock 6 once; Owned 4 loop,UiSkillNode,no
Ui,UiSkillNodePirate,"Skill tree node, pirate theme",24x24,15,Locked 1 loop; Available 4 loop; Unlock 6 once; Owned 4 loop,UiSkillNode,no
Ui,UiSkillNodeRobot,"Skill tree node, robot theme",24x24,15,Locked 1 loop; Available 4 loop; Unlock 6 once; Owned 4 loop,UiSkillNode,no
Ui,UiSkillNodeSamurai,"Skill tree node, samurai theme",24x24,15,Locked 1 loop; Available 4 loop; Unlock 6 once; Owned 4 loop,UiSkillNode,no
Ui,UiSkillNodeSpace,"Skill tree node, space theme",24x24,15,Locked 1 loop; Available 4 loop; Unlock 6 once; Owned 4 loop,UiSkillNode,no
Ui,UiSkillNodeSpooky,"Skill tree node, spooky theme",24x24,15,Locked 1 loop; Available 4 loop; Unlock 6 once; Owned 4 loop,UiSkillNode,no
Ui,UiSkillNodeSteampunk,"Skill tree node, steampunk theme",24x24,15,Locked 1 loop; Available 4 loop; Unlock 6 once; Owned 4 loop,UiSkillNode,no
Ui,UiSkillNodeVaporwave,"Skill tree node, vaporwave theme",24x24,15,Locked 1 loop; Available 4 loop; Unlock 6 once; Owned 4 loop,UiSkillNode,no
Ui,UiStar,Rating star,16x16,10,Empty 1 loop; Fill 5 once; Full 4 loop,,no
Ui,UiStarCandy,"Rating star, candy theme",16x16,10,Empty 1 loop; Fill 5 once; Full 4 loop,UiStar,no
Ui,UiStarJungle,"Rating star, jungle theme",16x16,10,Empty 1 loop; Fill 5 once; Full 4 loop,UiStar,no
Ui,UiStarMedieval,"Rating star, medieval theme",16x16,10,Empty 1 loop; Fill 5 once; Full 4 loop,UiStar,no
Ui,UiStarMilitary,"Rating star, military theme",16x16,10,Empty 1 loop; Fill 5 once; Full 4 loop,UiStar,no
Ui,UiStarNeon,"Rating star, neon theme",16x16,10,Empty 1 loop; Fill 5 once; Full 4 loop,UiStar,no
Ui,UiStarNeonSpace,"Rating star, neonspace theme",16x16,10,Empty 1 loop; Fill 5 once; Full 4 loop,UiStar,no
Ui,UiStarPirate,"Rating star, pirate theme",16x16,10,Empty 1 loop; Fill 5 once; Full 4 loop,UiStar,no
Ui,UiStarRobot,"Rating star, robot theme",16x16,10,Empty 1 loop; Fill 5 once; Full 4 loop,UiStar,no
Ui,UiStarSamurai,"Rating star, samurai theme",16x16,10,Empty 1 loop; Fill 5 once; Full 4 loop,UiStar,no
Ui,UiStarSpace,"Rating star, space theme",16x16,10,Empty 1 loop; Fill 5 once; Full 4 loop,UiStar,no
Ui,UiStarSpooky,"Rating star, spooky theme",16x16,10,Empty 1 loop; Fill 5 once; Full 4 loop,UiStar,no
Ui,UiStarSteampunk,"Rating star, steampunk theme",16x16,10,Empty 1 loop; Fill 5 once; Full 4 loop,UiStar,no
Ui,UiStarVaporwave,"Rating star, vaporwave theme",16x16,10,Empty 1 loop; Fill 5 once; Full 4 loop,UiStar,no
Ui,UiTitleLogo,Title logo,160x64,14,Intro 6 once; Loop 8 loop,,no
Ui,UiTitleLogoCandy,"Title logo, candy theme",160x64,14,Intro 6 once; Loop 8 loop,UiTitleLogo,no
Ui,UiTitleLogoJungle,"Title logo, jungle theme",160x64,14,Intro 6 once; Loop 8 loop,UiTitleLogo,no
Ui,UiTitleLogoMedieval,"Title logo, medieval theme",160x64,14,Intro 6 once; Loop 8 loop,UiTitleLogo,no
Ui,UiTitleLogoMilitary,"Title logo, military theme",160x64,14,Intro 6 once; Loop 8 loop,UiTitleLogo,no
Ui,UiTitleLogoNeon,"Title logo, neon theme",160x64,14,Intro 6 once; Loop 8 loop,UiTitleLogo,no
Ui,UiTitleLogoNeonSpace,"Title logo, neonspace theme",160x64,14,Intro 6 once; Loop 8 loop,UiTitleLogo,no
Ui,UiTitleLogoPirate,"Title logo, pirate theme",160x64,14,Intro 6 once; Loop 8 loop,UiTitleLogo,no
Ui,UiTitleLogoRobot,"Title logo, robot theme",160x64,14,Intro 6 once; Loop 8 loop,UiTitleLogo,no
Ui,UiTitleLogoSamurai,"Title logo, samurai theme",160x64,14,Intro 6 once; Loop 8 loop,UiTitleLogo,no
Ui,UiTitleLogoSpace,"Title logo, space theme",160x64,14,Intro 6 once; Loop 8 loop,UiTitleLogo,no
Ui,UiTitleLogoSpooky,"Title logo, spooky theme",160x64,14,Intro 6 once; Loop 8 loop,UiTitleLogo,no
Ui,UiTitleLogoSteampunk,"Title logo, steampunk theme",160x64,14,Intro 6 once; Loop 8 loop,UiTitleLogo,no
Ui,UiTitleLogoVaporwave,"Title logo, vaporwave theme",160x64,14,Intro 6 once; Loop 8 loop,UiTitleLogo,no
Ui,UiTooltip,Tooltip panel (no lettering),64x32,8,Open 4 once; Idle 1 loop; Close 3 once,,no
Ui,UiTooltipCandy,"Tooltip panel (no lettering), candy theme",64x32,8,Open 4 once; Idle 1 loop; Close 3 once,UiTooltip,no
Ui,UiTooltipJungle,"Tooltip panel (no lettering), jungle theme",64x32,8,Open 4 once; Idle 1 loop; Close 3 once,UiTooltip,no
Ui,UiTooltipMedieval,"Tooltip panel (no lettering), medieval theme",64x32,8,Open 4 once; Idle 1 loop; Close 3 once,UiTooltip,no
Ui,UiTooltipMilitary,"Tooltip panel (no lettering), military theme",64x32,8,Open 4 once; Idle 1 loop; Close 3 once,UiTooltip,no
Ui,UiTooltipNeon,"Tooltip panel (no lettering), neon theme",64x32,8,Open 4 once; Idle 1 loop; Close 3 once,UiTooltip,no
Ui,UiTooltipNeonSpace,"Tooltip panel (no lettering), neonspace theme",64x32,8,Open 4 once; Idle 1 loop; Close 3 once,UiTooltip,no
Ui,UiTooltipPirate,"Tooltip panel (no lettering), pirate theme",64x32,8,Open 4 once; Idle 1 loop; Close 3 once,UiTooltip,no
Ui,UiTooltipRobot,"Tooltip panel (no lettering), robot theme",64x32,8,Open 4 once; Idle 1 loop; Close 3 once,UiTooltip,no
Ui,UiTooltipSamurai,"Tooltip panel (no lettering), samurai theme",64x32,8,Open 4 once; Idle 1 loop; Close 3 once,UiTooltip,no
Ui,UiTooltipSpace,"Tooltip panel (no lettering), space theme",64x32,8,Open 4 once; Idle 1 loop; Close 3 once,UiTooltip,no
Ui,UiTooltipSpooky,"Tooltip panel (no lettering), spooky theme",64x32,8,Open 4 once; Idle 1 loop; Close 3 once,UiTooltip,no
Ui,UiTooltipSteampunk,"Tooltip panel (no lettering), steampunk theme",64x32,8,Open 4 once; Idle 1 loop; Close 3 once,UiTooltip,no
Ui,UiTooltipVaporwave,"Tooltip panel (no lettering), vaporwave theme",64x32,8,Open 4 once; Idle 1 loop; Close 3 once,UiTooltip,no
Ui,UiVictory,End-of-run scene: the hill stands,96x64,12,Intro 6 once; Loop 6 loop,,no
Ui,UiVictoryCandy,"End-of-run scene: the hill stands, candy theme",96x64,12,Intro 6 once; Loop 6 loop,UiVictory,no
Ui,UiVictoryJungle,"End-of-run scene: the hill stands, jungle theme",96x64,12,Intro 6 once; Loop 6 loop,UiVictory,no
Ui,UiVictoryMedieval,"End-of-run scene: the hill stands, medieval theme",96x64,12,Intro 6 once; Loop 6 loop,UiVictory,no
Ui,UiVictoryMilitary,"End-of-run scene: the hill stands, military theme",96x64,12,Intro 6 once; Loop 6 loop,UiVictory,no
Ui,UiVictoryNeon,"End-of-run scene: the hill stands, neon theme",96x64,12,Intro 6 once; Loop 6 loop,UiVictory,no
Ui,UiVictoryNeonSpace,"End-of-run scene: the hill stands, neonspace theme",96x64,12,Intro 6 once; Loop 6 loop,UiVictory,no
Ui,UiVictoryPirate,"End-of-run scene: the hill stands, pirate theme",96x64,12,Intro 6 once; Loop 6 loop,UiVictory,no
Ui,UiVictoryRobot,"End-of-run scene: the hill stands, robot theme",96x64,12,Intro 6 once; Loop 6 loop,UiVictory,no
Ui,UiVictorySamurai,"End-of-run scene: the hill stands, samurai theme",96x64,12,Intro 6 once; Loop 6 loop,UiVictory,no
Ui,UiVictorySpace,"End-of-run scene: the hill stands, space theme",96x64,12,Intro 6 once; Loop 6 loop,UiVictory,no
Ui,UiVictorySpooky,"End-of-run scene: the hill stands, spooky theme",96x64,12,Intro 6 once; Loop 6 loop,UiVictory,no
Ui,UiVictorySteampunk,"End-of-run scene: the hill stands, steampunk theme",96x64,12,Intro 6 once; Loop 6 loop,UiVictory,no
Ui,UiVictoryVaporwave,"End-of-run scene: the hill stands, vaporwave theme",96x64,12,Intro 6 once; Loop 6 loop,UiVictory,no
Ui,UiWaveBanner,Wave announcement banner (blank middle for the number),96x32,13,In 5 once; Hold 4 loop; Out 4 once,,no
Ui,UiWaveBannerCandy,"Wave announcement banner (blank middle for the number), candy theme",96x32,13,In 5 once; Hold 4 loop; Out 4 once,UiWaveBanner,no
Ui,UiWaveBannerJungle,"Wave announcement banner (blank middle for the number), jungle theme",96x32,13,In 5 once; Hold 4 loop; Out 4 once,UiWaveBanner,no
Ui,UiWaveBannerMedieval,"Wave announcement banner (blank middle for the number), medieval theme",96x32,13,In 5 once; Hold 4 loop; Out 4 once,UiWaveBanner,no
Ui,UiWaveBannerMilitary,"Wave announcement banner (blank middle for the number), military theme",96x32,13,In 5 once; Hold 4 loop; Out 4 once,UiWaveBanner,no
Ui,UiWaveBannerNeon,"Wave announcement banner (blank middle for the number), neon theme",96x32,13,In 5 once; Hold 4 loop; Out 4 once,UiWaveBanner,no
Ui,UiWaveBannerNeonSpace,"Wave announcement banner (blank middle for the number), neonspace theme",96x32,13,In 5 once; Hold 4 loop; Out 4 once,UiWaveBanner,no
Ui,UiWaveBannerPirate,"Wave announcement banner (blank middle for the number), pirate theme",96x32,13,In 5 once; Hold 4 loop; Out 4 once,UiWaveBanner,no
Ui,UiWaveBannerRobot,"Wave announcement banner (blank middle for the number), robot theme",96x32,13,In 5 once; Hold 4 loop; Out 4 once,UiWaveBanner,no
Ui,UiWaveBannerSamurai,"Wave announcement banner (blank middle for the number), samurai theme",96x32,13,In 5 once; Hold 4 loop; Out 4 once,UiWaveBanner,no
Ui,UiWaveBannerSpace,"Wave announcement banner (blank middle for the number), space theme",96x32,13,In 5 once; Hold 4 loop; Out 4 once,UiWaveBanner,no
Ui,UiWaveBannerSpooky,"Wave announcement banner (blank middle for the number), spooky theme",96x32,13,In 5 once; Hold 4 loop; Out 4 once,UiWaveBanner,no
Ui,UiWaveBannerSteampunk,"Wave announcement banner (blank middle for the number), steampunk theme",96x32,13,In 5 once; Hold 4 loop; Out 4 once,UiWaveBanner,no
Ui,UiWaveBannerVaporwave,"Wave announcement banner (blank middle for the number), vaporwave theme",96x32,13,In 5 once; Hold 4 loop; Out 4 once,UiWaveBanner,no
Ui,UiWaveCard,Wave intro card (no lettering),128x48,16,Normal 4 loop; Swarm 4 loop; Elite 4 loop; Boss 4 loop,,no
Ui,UiWaveTrack,Wave progress track,96x16,14,Idle 4 loop; Advance 6 once; Boss 4 loop,,no
Ui,UiWaveTrackCandy,"Wave progress track, candy theme",96x16,14,Idle 4 loop; Advance 6 once; Boss 4 loop,UiWaveTrack,no
Ui,UiWaveTrackJungle,"Wave progress track, jungle theme",96x16,14,Idle 4 loop; Advance 6 once; Boss 4 loop,UiWaveTrack,no
Ui,UiWaveTrackMedieval,"Wave progress track, medieval theme",96x16,14,Idle 4 loop; Advance 6 once; Boss 4 loop,UiWaveTrack,no
Ui,UiWaveTrackMilitary,"Wave progress track, military theme",96x16,14,Idle 4 loop; Advance 6 once; Boss 4 loop,UiWaveTrack,no
Ui,UiWaveTrackNeon,"Wave progress track, neon theme",96x16,14,Idle 4 loop; Advance 6 once; Boss 4 loop,UiWaveTrack,no
Ui,UiWaveTrackNeonSpace,"Wave progress track, neonspace theme",96x16,14,Idle 4 loop; Advance 6 once; Boss 4 loop,UiWaveTrack,no
Ui,UiWaveTrackPirate,"Wave progress track, pirate theme",96x16,14,Idle 4 loop; Advance 6 once; Boss 4 loop,UiWaveTrack,no
Ui,UiWaveTrackRobot,"Wave progress track, robot theme",96x16,14,Idle 4 loop; Advance 6 once; Boss 4 loop,UiWaveTrack,no
Ui,UiWaveTrackSamurai,"Wave progress track, samurai theme",96x16,14,Idle 4 loop; Advance 6 once; Boss 4 loop,UiWaveTrack,no
Ui,UiWaveTrackSpace,"Wave progress track, space theme",96x16,14,Idle 4 loop; Advance 6 once; Boss 4 loop,UiWaveTrack,no
Ui,UiWaveTrackSpooky,"Wave progress track, spooky theme",96x16,14,Idle 4 loop; Advance 6 once; Boss 4 loop,UiWaveTrack,no
Ui,UiWaveTrackSteampunk,"Wave progress track, steampunk theme",96x16,14,Idle 4 loop; Advance 6 once; Boss 4 loop,UiWaveTrack,no
Ui,UiWaveTrackVaporwave,"Wave progress track, vaporwave theme",96x16,14,Idle 4 loop; Advance 6 once; Boss 4 loop,UiWaveTrack,no
Weapons,WpnAcidSpit,Formic acid glob,32x32,38,Fly 4 loop; Trail 4 once; Hit 5 once; Miss 4 once; Muzzle 3 once; Fly2 4 loop; Fly3 4 loop; Hit2 5 once; Hit3 5 once,,weapon picker only
Weapons,WpnBoulderToss,Heaved river pebble,32x32,44,Fly 4 loop; Trail 4 once; Hit 5 once; Miss 4 once; Muzzle 3 once; Charge 6 once; Fly2 4 loop; Fly3 4 loop; Hit2 5 once; Hit3 5 once,,weapon picker only
Weapons,WpnBubbleShot,Dew bubble,32x32,38,Fly 4 loop; Trail 4 once; Hit 5 once; Miss 4 once; Muzzle 3 once; Fly2 4 loop; Fly3 4 loop; Hit2 5 once; Hit3 5 once,,weapon picker only
Weapons,WpnCannon,Seed-pod launcher,32x32,44,Fly 4 loop; Trail 4 once; Hit 5 once; Miss 4 once; Muzzle 3 once; Charge 6 once; Fly2 4 loop; Fly3 4 loop; Hit2 5 once; Hit3 5 once,,weapon picker only
Weapons,WpnCatapult,Acorn lob,32x32,44,Fly 4 loop; Trail 4 once; Hit 5 once; Miss 4 once; Muzzle 3 once; Charge 6 once; Fly2 4 loop; Fly3 4 loop; Hit2 5 once; Hit3 5 once,,weapon picker only
Weapons,WpnCrossbow,Thorn bolt,32x32,38,Fly 4 loop; Trail 4 once; Hit 5 once; Miss 4 once; Muzzle 3 once; Fly2 4 loop; Fly3 4 loop; Hit2 5 once; Hit3 5 once,,weapon picker only
Weapons,WpnEmberFlick,Glowing ember,32x32,38,Fly 4 loop; Trail 4 once; Hit 5 once; Miss 4 once; Muzzle 3 once; Fly2 4 loop; Fly3 4 loop; Hit2 5 once; Hit3 5 once,,weapon picker only
Weapons,WpnFlameBurst,Formic fire jet,32x32,44,Fly 4 loop; Trail 4 once; Hit 5 once; Miss 4 once; Muzzle 3 once; Charge 6 once; Fly2 4 loop; Fly3 4 loop; Hit2 5 once; Hit3 5 once,,weapon picker only
Weapons,WpnHarpoon,Barbed stinger on silk,32x32,44,Fly 4 loop; Trail 4 once; Hit 5 once; Miss 4 once; Muzzle 3 once; Charge 6 once; Fly2 4 loop; Fly3 4 loop; Hit2 5 once; Hit3 5 once,,weapon picker only
Weapons,WpnHoneyGlob,Honey glob,32x32,38,Fly 4 loop; Trail 4 once; Hit 5 once; Miss 4 once; Muzzle 3 once; Fly2 4 loop; Fly3 4 loop; Hit2 5 once; Hit3 5 once,,weapon picker only
Weapons,WpnIceShard,Frost shard,32x32,38,Fly 4 loop; Trail 4 once; Hit 5 once; Miss 4 once; Muzzle 3 once; Fly2 4 loop; Fly3 4 loop; Hit2 5 once; Hit3 5 once,,weapon picker only
Weapons,WpnLaser,Dew-lens ray,32x32,44,Fly 4 loop; Trail 4 once; Hit 5 once; Miss 4 once; Muzzle 3 once; Charge 6 once; Fly2 4 loop; Fly3 4 loop; Hit2 5 once; Hit3 5 once,,weapon picker only
Weapons,WpnLightningBolt,Static arc,32x32,44,Fly 4 loop; Trail 4 once; Hit 5 once; Miss 4 once; Muzzle 3 once; Charge 6 once; Fly2 4 loop; Fly3 4 loop; Hit2 5 once; Hit3 5 once,,weapon picker only
Weapons,WpnMagicOrb,Royal-jelly orb,32x32,44,Fly 4 loop; Trail 4 once; Hit 5 once; Miss 4 once; Muzzle 3 once; Charge 6 once; Fly2 4 loop; Fly3 4 loop; Hit2 5 once; Hit3 5 once,,weapon picker only
Weapons,WpnMortar,Mud bomb,32x32,44,Fly 4 loop; Trail 4 once; Hit 5 once; Miss 4 once; Muzzle 3 once; Charge 6 once; Fly2 4 loop; Fly3 4 loop; Hit2 5 once; Hit3 5 once,,weapon picker only
Weapons,WpnPebbleSling,Slung pebble,32x32,38,Fly 4 loop; Trail 4 once; Hit 5 once; Miss 4 once; Muzzle 3 once; Fly2 4 loop; Fly3 4 loop; Hit2 5 once; Hit3 5 once,,weapon picker only
Weapons,WpnPlasma,Glow-spore,32x32,44,Fly 4 loop; Trail 4 once; Hit 5 once; Miss 4 once; Muzzle 3 once; Charge 6 once; Fly2 4 loop; Fly3 4 loop; Hit2 5 once; Hit3 5 once,,weapon picker only
Weapons,WpnPollenPuff,Pollen cloud,32x32,38,Fly 4 loop; Trail 4 once; Hit 5 once; Miss 4 once; Muzzle 3 once; Fly2 4 loop; Fly3 4 loop; Hit2 5 once; Hit3 5 once,,weapon picker only
Weapons,WpnSeedBurst,Seed scatter,32x32,38,Fly 4 loop; Trail 4 once; Hit 5 once; Miss 4 once; Muzzle 3 once; Fly2 4 loop; Fly3 4 loop; Hit2 5 once; Hit3 5 once,,weapon picker only
Weapons,WpnSonicPulse,Stridulation wave,32x32,44,Fly 4 loop; Trail 4 once; Hit 5 once; Miss 4 once; Muzzle 3 once; Charge 6 once; Fly2 4 loop; Fly3 4 loop; Hit2 5 once; Hit3 5 once,,weapon picker only
Weapons,WpnStingerDart,Wasp-stinger dart,32x32,38,Fly 4 loop; Trail 4 once; Hit 5 once; Miss 4 once; Muzzle 3 once; Fly2 4 loop; Fly3 4 loop; Hit2 5 once; Hit3 5 once,,weapon picker only
Weapons,WpnVenomBolt,Venom bolt,32x32,38,Fly 4 loop; Trail 4 once; Hit 5 once; Miss 4 once; Muzzle 3 once; Fly2 4 loop; Fly3 4 loop; Hit2 5 once; Hit3 5 once,,weapon picker only
Weapons,WpnWebShot,Silk web ball,32x32,38,Fly 4 loop; Trail 4 once; Hit 5 once; Miss 4 once; Muzzle 3 once; Fly2 4 loop; Fly3 4 loop; Hit2 5 once; Hit3 5 once,,weapon picker only
Tiles/Forest,GroundLitter,Ground tile,64x64,1,,,no
Tiles/Forest,GroundLitterNight,Ground tile,64x64,1,,GroundLitter,no
Tiles/Forest,GroundLitterWinter,Ground tile,64x64,1,,GroundLitter,no
Tiles/Forest,RoadEarth,Ground tile,32x32,1,,,no
Tiles/Forest,RoadEarthFill,Ground tile,32x32,1,,,no
Tiles/Forest,RoadEarthFillNight,Ground tile,32x32,1,,RoadEarthFill,no
Tiles/Forest,RoadEarthFillWinter,Ground tile,32x32,1,,RoadEarthFill,no
Tiles/Forest,RoadEarthNight,Ground tile,32x32,1,,RoadEarth,no
Tiles/Forest,RoadEarthWinter,Ground tile,32x32,1,,RoadEarth,no
Tiles,GroundGrass,Ground tile,64x64,1,,,graybox
Tiles,LineBeam,Ground tile,32x8,1,,,graybox
Tiles,LineBolt,Ground tile,32x8,1,,,graybox
Tiles/Riverbank,GroundSand,Ground tile,64x64,1,,,no
Tiles/Riverbank,GroundSandNight,Ground tile,64x64,1,,GroundSand,no
Tiles/Riverbank,GroundSandWinter,Ground tile,64x64,1,,GroundSand,no
Tiles/Riverbank,RoadSand,Ground tile,32x32,1,,,no
Tiles/Riverbank,RoadSandFill,Ground tile,32x32,1,,,no
Tiles/Riverbank,RoadSandFillNight,Ground tile,32x32,1,,RoadSandFill,no
Tiles/Riverbank,RoadSandFillWinter,Ground tile,32x32,1,,RoadSandFill,no
Tiles/Riverbank,RoadSandNight,Ground tile,32x32,1,,RoadSand,no
Tiles/Riverbank,RoadSandWinter,Ground tile,32x32,1,,RoadSand,no
Tiles,RoadDirt,Ground tile,32x32,1,,,graybox
Tiles,RoadDirtFill,Ground tile,32x32,1,,,graybox
Tiles/Seasons,GroundGrassAutumn,Ground tile,64x64,1,,GroundGrass,no
Tiles/Seasons,GroundGrassNight,Ground tile,64x64,1,,GroundGrass,no
Tiles/Seasons,GroundGrassWinter,Ground tile,64x64,1,,GroundGrass,no
Tiles/Seasons,RoadDirtAutumn,Ground tile,32x32,1,,RoadDirt,no
Tiles/Seasons,RoadDirtFillAutumn,Ground tile,32x32,1,,RoadDirtFill,no
Tiles/Seasons,RoadDirtFillNight,Ground tile,32x32,1,,RoadDirtFill,no
Tiles/Seasons,RoadDirtFillWinter,Ground tile,32x32,1,,RoadDirtFill,no
Tiles/Seasons,RoadDirtNight,Ground tile,32x32,1,,RoadDirt,no
Tiles/Seasons,RoadDirtWinter,Ground tile,32x32,1,,RoadDirt,no
Tiles/Themes,GroundCandy,Ground tile,64x64,1,,,no
Tiles/Themes,GroundJungle,Ground tile,64x64,1,,,no
Tiles/Themes,GroundMedieval,Ground tile,64x64,1,,,no
Tiles/Themes,GroundMilitary,Ground tile,64x64,1,,,no
Tiles/Themes,GroundNeon,Ground tile,64x64,1,,,no
Tiles/Themes,GroundNeonSpace,Ground tile,64x64,1,,GroundNeon,no
Tiles/Themes,GroundPirate,Ground tile,64x64,1,,,no
Tiles/Themes,GroundRobot,Ground tile,64x64,1,,,no
Tiles/Themes,GroundSamurai,Ground tile,64x64,1,,,no
Tiles/Themes,GroundSpace,Ground tile,64x64,1,,,no
Tiles/Themes,GroundSpooky,Ground tile,64x64,1,,,no
Tiles/Themes,GroundSteampunk,Ground tile,64x64,1,,,no
Tiles/Themes,GroundVaporwave,Ground tile,64x64,1,,,no
Tiles/Themes,RoadCandy,Ground tile,32x32,1,,,no
Tiles/Themes,RoadFillCandy,Ground tile,32x32,1,,,no
Tiles/Themes,RoadFillJungle,Ground tile,32x32,1,,,no
Tiles/Themes,RoadFillMedieval,Ground tile,32x32,1,,,no
Tiles/Themes,RoadFillMilitary,Ground tile,32x32,1,,,no
Tiles/Themes,RoadFillNeon,Ground tile,32x32,1,,,no
Tiles/Themes,RoadFillNeonSpace,Ground tile,32x32,1,,RoadFillNeon,no
Tiles/Themes,RoadFillPirate,Ground tile,32x32,1,,,no
Tiles/Themes,RoadFillRobot,Ground tile,32x32,1,,,no
Tiles/Themes,RoadFillSamurai,Ground tile,32x32,1,,,no
Tiles/Themes,RoadFillSpace,Ground tile,32x32,1,,,no
Tiles/Themes,RoadFillSpooky,Ground tile,32x32,1,,,no
Tiles/Themes,RoadFillSteampunk,Ground tile,32x32,1,,,no
Tiles/Themes,RoadFillVaporwave,Ground tile,32x32,1,,,no
Tiles/Themes,RoadJungle,Ground tile,32x32,1,,,no
Tiles/Themes,RoadMedieval,Ground tile,32x32,1,,,no
Tiles/Themes,RoadMilitary,Ground tile,32x32,1,,,no
Tiles/Themes,RoadNeon,Ground tile,32x32,1,,,no
Tiles/Themes,RoadNeonSpace,Ground tile,32x32,1,,RoadNeon,no
Tiles/Themes,RoadPirate,Ground tile,32x32,1,,,no
Tiles/Themes,RoadRobot,Ground tile,32x32,1,,,no
Tiles/Themes,RoadSamurai,Ground tile,32x32,1,,,no
Tiles/Themes,RoadSpace,Ground tile,32x32,1,,,no
Tiles/Themes,RoadSpooky,Ground tile,32x32,1,,,no
Tiles/Themes,RoadSteampunk,Ground tile,32x32,1,,,no
Tiles/Themes,RoadVaporwave,Ground tile,32x32,1,,,no
